alpha,m,converged,free_energy,fevals,algorithm,xN,fA
0.4,30,True,3.5622664145044,63,anderson_etd,18.0,0.45
0.6,30,True,3.5622664148390992,57,anderson_etd,18.0,0.45
0.8,30,True,3.5622664141138136,55,anderson_etd,18.0,0.45
1.0,30,True,3.562266415192993,53,anderson_etd,18.0,0.45
0.4,50,True,3.562266415049745,60,anderson_etd,18.0,0.45
0.6,50,True,3.5622664152811803,57,anderson_etd,18.0,0.45
0.8,50,True,3.56226641362311,55,anderson_etd,18.0,0.45
1.0,50,True,3.562266415002285,53,anderson_etd,18.0,0.45
0.4,80,True,3.562266411235645,62,anderson_etd,18.0,0.45
0.6,80,True,3.56226641350834,60,anderson_etd,18.0,0.45
0.8,80,True,3.562266414834265,55,anderson_etd,18.0,0.45
1.0,80,True,3.562266415679246,53,anderson_etd,18.0,0.45
0.4,100,True,3.562266411235645,62,anderson_etd,18.0,0.45
0.6,100,True,3.56226641350834,60,anderson_etd,18.0,0.45
0.8,100,True,3.562266414834265,55,anderson_etd,18.0,0.45
1.0,100,True,3.562266415679246,53,anderson_etd,18.0,0.45
0.4,30,True,3.5622664148954817,76,anderson_sd,18.0,0.45
0.6,30,True,3.5622664157267323,76,anderson_sd,18.0,0.45
0.8,30,True,3.562266415783622,77,anderson_sd,18.0,0.45
1.0,30,True,3.562266414427837,78,anderson_sd,18.0,0.45
0.4,50,True,3.562266414343566,73,anderson_sd,18.0,0.45
0.6,50,True,3.5622664145864986,74,anderson_sd,18.0,0.45
0.8,50,True,3.562266414809825,75,anderson_sd,18.0,0.45
1.0,50,True,3.562266414744576,76,anderson_sd,18.0,0.45
0.4,80,True,3.562266415178044,75,anderson_sd,18.0,0.45
0.6,80,True,3.5622664150605505,74,anderson_sd,18.0,0.45
0.8,80,True,3.562266415026021,75,anderson_sd,18.0,0.45
1.0,80,True,3.562266414975208,75,anderson_sd,18.0,0.45
0.4,100,True,3.562266415178044,75,anderson_sd,18.0,0.45
0.6,100,True,3.5622664150605505,74,anderson_sd,18.0,0.45
0.8,100,True,3.562266415026021,75,anderson_sd,18.0,0.45
1.0,100,True,3.562266414975208,75,anderson_sd,18.0,0.45
0.4,30,True,3.562266415191898,69,anderson_sis,18.0,0.45
0.6,30,True,3.562266414763486,64,anderson_sis,18.0,0.45
0.8,30,True,3.562266415002594,63,anderson_sis,18.0,0.45
1.0,30,True,3.562266415537567,60,anderson_sis,18.0,0.45
0.4,50,True,3.562266414884645,65,anderson_sis,18.0,0.45
0.6,50,True,3.5622664136542648,63,anderson_sis,18.0,0.45
0.8,50,True,3.562266413789983,60,anderson_sis,18.0,0.45
1.0,50,True,3.562266416695813,59,anderson_sis,18.0,0.45
0.4,80,True,3.5622664114658877,69,anderson_sis,18.0,0.45
0.6,80,True,3.562266412658067,63,anderson_sis,18.0,0.45
0.8,80,True,3.5622664153323687,62,anderson_sis,18.0,0.45
1.0,80,True,3.5622664130624244,61,anderson_sis,18.0,0.45
0.4,100,True,3.5622664114658877,69,anderson_sis,18.0,0.45
0.6,100,True,3.562266412658067,63,anderson_sis,18.0,0.45
0.8,100,True,3.5622664153323687,62,anderson_sis,18.0,0.45
1.0,100,True,3.5622664130624244,61,anderson_sis,18.0,0.45
0.4,0,True,3.562266414820457,280,etd,18.0,0.45
0.6,0,True,3.5622664140314635,207,etd,18.0,0.45
0.8,0,True,3.562266418333788,206,etd,18.0,0.45
1.0,0,True,3.562266412132164,224,etd,18.0,0.45
0.4,30,True,3.562266414472214,107,ngmres_etd,18.0,0.45
0.6,30,True,3.562266414589514,101,ngmres_etd,18.0,0.45
0.8,30,True,3.562266414883971,97,ngmres_etd,18.0,0.45
1.0,30,True,3.562266413885122,97,ngmres_etd,18.0,0.45
0.4,50,True,3.562266414616621,101,ngmres_etd,18.0,0.45
0.6,50,True,3.56226641438119,97,ngmres_etd,18.0,0.45
0.8,50,True,3.562266415162627,93,ngmres_etd,18.0,0.45
1.0,50,True,3.562266414915431,91,ngmres_etd,18.0,0.45
0.4,80,True,3.56226641461634,101,ngmres_etd,18.0,0.45
0.6,80,True,3.56226641438119,97,ngmres_etd,18.0,0.45
0.8,80,True,3.562266415162627,93,ngmres_etd,18.0,0.45
1.0,80,True,3.562266414915431,91,ngmres_etd,18.0,0.45
0.4,100,True,3.56226641461634,101,ngmres_etd,18.0,0.45
0.6,100,True,3.56226641438119,97,ngmres_etd,18.0,0.45
0.8,100,True,3.562266415162627,93,ngmres_etd,18.0,0.45
1.0,100,True,3.562266414915431,91,ngmres_etd,18.0,0.45
0.4,30,True,3.562266414509219,149,ngmres_sd,18.0,0.45
0.6,30,True,3.5622664145726413,149,ngmres_sd,18.0,0.45
0.8,30,True,3.5622664157995167,151,ngmres_sd,18.0,0.45
1.0,30,True,3.5622664147201,149,ngmres_sd,18.0,0.45
0.4,50,True,3.562266414683304,143,ngmres_sd,18.0,0.45
0.6,50,True,3.562266414656733,143,ngmres_sd,18.0,0.45
0.8,50,True,3.562266415722762,143,ngmres_sd,18.0,0.45
1.0,50,True,3.5622664151854035,141,ngmres_sd,18.0,0.45
0.4,80,True,3.5622664152244177,139,ngmres_sd,18.0,0.45
0.6,80,True,3.5622664153135477,139,ngmres_sd,18.0,0.45
0.8,80,True,3.562266415151368,139,ngmres_sd,18.0,0.45
1.0,80,True,3.562266415371996,139,ngmres_sd,18.0,0.45
0.4,100,True,3.5622664152244177,139,ngmres_sd,18.0,0.45
0.6,100,True,3.5622664153135477,139,ngmres_sd,18.0,0.45
0.8,100,True,3.562266415151368,139,ngmres_sd,18.0,0.45
1.0,100,True,3.562266415371996,139,ngmres_sd,18.0,0.45
0.4,30,True,3.562266413753261,105,ngmres_sis,18.0,0.45
0.6,30,True,3.5622664145360687,103,ngmres_sis,18.0,0.45
0.8,30,True,3.562266415093398,101,ngmres_sis,18.0,0.45
1.0,30,True,3.56226641512538,99,ngmres_sis,18.0,0.45
0.4,50,True,3.562266414545048,99,ngmres_sis,18.0,0.45
0.6,50,True,3.5622664145577945,97,ngmres_sis,18.0,0.45
0.8,50,True,3.562266414701048,95,ngmres_sis,18.0,0.45
1.0,50,True,3.562266414890483,93,ngmres_sis,18.0,0.45
0.4,80,True,3.562266414545048,99,ngmres_sis,18.0,0.45
0.6,80,True,3.5622664145577945,97,ngmres_sis,18.0,0.45
0.8,80,True,3.562266414701048,95,ngmres_sis,18.0,0.45
1.0,80,True,3.562266414890483,93,ngmres_sis,18.0,0.45
0.4,100,True,3.562266414545048,99,ngmres_sis,18.0,0.45
0.6,100,True,3.5622664145577945,97,ngmres_sis,18.0,0.45
0.8,100,True,3.562266414701048,95,ngmres_sis,18.0,0.45
1.0,100,True,3.562266414890483,93,ngmres_sis,18.0,0.45
0.4,30,True,3.562266412889529,158,oaccel_etd,18.0,0.45
0.6,30,True,3.56226641678282,132,oaccel_etd,18.0,0.45
0.8,30,True,3.562266413602444,140,oaccel_etd,18.0,0.45
1.0,30,True,3.562266414526284,130,oaccel_etd,18.0,0.45
0.4,50,True,3.562266413952287,108,oaccel_etd,18.0,0.45
0.6,50,True,3.562266414533795,102,oaccel_etd,18.0,0.45
0.8,50,True,3.5622664148995726,100,oaccel_etd,18.0,0.45
1.0,50,True,3.5622664150767207,102,oaccel_etd,18.0,0.45
0.4,80,True,3.5622664148151597,108,oaccel_etd,18.0,0.45
0.6,80,True,3.562266414533795,102,oaccel_etd,18.0,0.45
0.8,80,True,3.5622664148995726,100,oaccel_etd,18.0,0.45
1.0,80,True,3.5622664150767207,102,oaccel_etd,18.0,0.45
0.4,100,True,3.5622664148151597,108,oaccel_etd,18.0,0.45
0.6,100,True,3.562266414533795,102,oaccel_etd,18.0,0.45
0.8,100,True,3.5622664148995726,100,oaccel_etd,18.0,0.45
1.0,100,True,3.5622664150767207,102,oaccel_etd,18.0,0.45
0.4,30,True,3.562266416119355,236,oaccel_sd,18.0,0.45
0.6,30,True,3.5622664147798204,220,oaccel_sd,18.0,0.45
0.8,30,True,3.5622664146228544,236,oaccel_sd,18.0,0.45
1.0,30,True,3.56226641696733,214,oaccel_sd,18.0,0.45
0.4,50,True,3.562266416367469,168,oaccel_sd,18.0,0.45
0.6,50,True,3.5622664156963824,170,oaccel_sd,18.0,0.45
0.8,50,True,3.562266415778001,168,oaccel_sd,18.0,0.45
1.0,50,True,3.5622664164079314,174,oaccel_sd,18.0,0.45
0.4,80,True,3.562266415138904,152,oaccel_sd,18.0,0.45
0.6,80,True,3.562266415077234,152,oaccel_sd,18.0,0.45
0.8,80,True,3.5622664151038093,152,oaccel_sd,18.0,0.45
1.0,80,True,3.562266415155573,152,oaccel_sd,18.0,0.45
0.4,100,True,3.562266415138904,152,oaccel_sd,18.0,0.45
0.6,100,True,3.562266415077234,152,oaccel_sd,18.0,0.45
0.8,100,True,3.5622664151038093,152,oaccel_sd,18.0,0.45
1.0,100,True,3.562266415155573,152,oaccel_sd,18.0,0.45
0.4,30,True,3.562266412702331,142,oaccel_sis,18.0,0.45
0.6,30,True,3.562266412998114,166,oaccel_sis,18.0,0.45
0.8,30,True,3.562266412938884,158,oaccel_sis,18.0,0.45
1.0,30,True,3.5622664152833234,128,oaccel_sis,18.0,0.45
0.4,50,True,3.5622664147627567,106,oaccel_sis,18.0,0.45
0.6,50,True,3.56226641459625,104,oaccel_sis,18.0,0.45
0.8,50,True,3.5622664150340944,100,oaccel_sis,18.0,0.45
1.0,50,True,3.562266415175064,100,oaccel_sis,18.0,0.45
0.4,80,True,3.5622664152239576,106,oaccel_sis,18.0,0.45
0.6,80,True,3.562266414818648,104,oaccel_sis,18.0,0.45
0.8,80,True,3.5622664150340944,100,oaccel_sis,18.0,0.45
1.0,80,True,3.562266415175064,100,oaccel_sis,18.0,0.45
0.4,100,True,3.5622664152239576,106,oaccel_sis,18.0,0.45
0.6,100,True,3.562266414818648,104,oaccel_sis,18.0,0.45
0.8,100,True,3.5622664150340944,100,oaccel_sis,18.0,0.45
1.0,100,True,3.562266415175064,100,oaccel_sis,18.0,0.45
0.2,0,True,3.5622664148122034,461,sd,18.0,0.45
0.3,0,True,3.5622664148147702,306,sd,18.0,0.45
0.4,0,True,3.5622664148120693,228,sd,18.0,0.45
0.5,0,False,4.395616271151329,3000,sd,18.0,0.45
0.4,0,True,3.562266414815289,418,sis,18.0,0.45
0.6,0,True,3.5622664148222265,341,sis,18.0,0.45
0.8,0,True,3.5622664148457908,303,sis,18.0,0.45
1.0,0,True,3.5622664148594136,280,sis,18.0,0.45
0.4,30,True,3.5622664142234184,62,anderson_etd,18.0,0.46
0.6,30,True,3.562266414430788,56,anderson_etd,18.0,0.46
0.8,30,True,3.5622664154696797,54,anderson_etd,18.0,0.46
1.0,30,True,3.562266414496447,52,anderson_etd,18.0,0.46
0.4,50,True,3.562266414773279,60,anderson_etd,18.0,0.46
0.6,50,True,3.562266412554906,56,anderson_etd,18.0,0.46
0.8,50,True,3.5622664168574776,54,anderson_etd,18.0,0.46
1.0,50,True,3.562266417770073,52,anderson_etd,18.0,0.46
0.4,80,True,3.562266411088175,60,anderson_etd,18.0,0.46
0.6,80,True,3.562266414847458,59,anderson_etd,18.0,0.46
0.8,80,True,3.562266414342175,55,anderson_etd,18.0,0.46
1.0,80,True,3.5622664177853838,52,anderson_etd,18.0,0.46
0.4,100,True,3.562266411088175,60,anderson_etd,18.0,0.46
0.6,100,True,3.562266414847458,59,anderson_etd,18.0,0.46
0.8,100,True,3.562266414342175,55,anderson_etd,18.0,0.46
1.0,100,True,3.5622664177853838,52,anderson_etd,18.0,0.46
0.4,30,True,3.562266414455756,75,anderson_sd,18.0,0.46
0.6,30,True,3.562266415114334,77,anderson_sd,18.0,0.46
0.8,30,True,3.562266415810493,76,anderson_sd,18.0,0.46
1.0,30,True,3.562266414640919,77,anderson_sd,18.0,0.46
0.4,50,True,3.562266413954463,72,anderson_sd,18.0,0.46
0.6,50,True,3.5622664147035064,73,anderson_sd,18.0,0.46
0.8,50,True,3.5622664148211083,72,anderson_sd,18.0,0.46
1.0,50,True,3.5622664145155927,74,anderson_sd,18.0,0.46
0.4,80,True,3.562266414916442,72,anderson_sd,18.0,0.46
0.6,80,True,3.562266415649775,72,anderson_sd,18.0,0.46
0.8,80,True,3.562266414635534,73,anderson_sd,18.0,0.46
1.0,80,True,3.562266414550516,73,anderson_sd,18.0,0.46
0.4,100,True,3.562266414916442,72,anderson_sd,18.0,0.46
0.6,100,True,3.562266415649775,72,anderson_sd,18.0,0.46
0.8,100,True,3.562266414635534,73,anderson_sd,18.0,0.46
1.0,100,True,3.562266414550516,73,anderson_sd,18.0,0.46
0.4,30,True,3.562266414658623,67,anderson_sis,18.0,0.46
0.6,30,True,3.562266414835661,63,anderson_sis,18.0,0.46
0.8,30,True,3.5622664145036973,62,anderson_sis,18.0,0.46
1.0,30,True,3.5622664156884465,59,anderson_sis,18.0,0.46
0.4,50,True,3.562266415176161,64,anderson_sis,18.0,0.46
0.6,50,True,3.562266413077336,61,anderson_sis,18.0,0.46
0.8,50,True,3.5622664137660958,59,anderson_sis,18.0,0.46
1.0,50,True,3.562266415106202,58,anderson_sis,18.0,0.46
0.4,80,True,3.562266412389734,68,anderson_sis,18.0,0.46
0.6,80,True,3.562266411644215,62,anderson_sis,18.0,0.46
0.8,80,True,3.562266411067947,61,anderson_sis,18.0,0.46
1.0,80,True,3.5622664117055978,60,anderson_sis,18.0,0.46
0.4,100,True,3.562266412389734,68,anderson_sis,18.0,0.46
0.6,100,True,3.562266411644215,62,anderson_sis,18.0,0.46
0.8,100,True,3.562266411067947,61,anderson_sis,18.0,0.46
1.0,100,True,3.5622664117055978,60,anderson_sis,18.0,0.46
0.4,0,True,3.5622664148151406,278,etd,18.0,0.46
0.6,0,True,3.5622664155727417,204,etd,18.0,0.46
0.8,0,True,3.562266417720809,206,etd,18.0,0.46
1.0,0,True,3.562266412659266,224,etd,18.0,0.46
0.4,30,True,3.562266414157719,103,ngmres_etd,18.0,0.46
0.6,30,True,3.5622664150493124,99,ngmres_etd,18.0,0.46
0.8,30,True,3.5622664157914583,97,ngmres_etd,18.0,0.46
1.0,30,True,3.562266415707466,93,ngmres_etd,18.0,0.46
0.4,50,True,3.5622664145449825,97,ngmres_etd,18.0,0.46
0.6,50,True,3.562266414601209,93,ngmres_etd,18.0,0.46
0.8,50,True,3.562266415337154,91,ngmres_etd,18.0,0.46
1.0,50,True,3.5622664153952712,89,ngmres_etd,18.0,0.46
0.4,80,True,3.5622664145449825,97,ngmres_etd,18.0,0.46
0.6,80,True,3.562266414601209,93,ngmres_etd,18.0,0.46
0.8,80,True,3.562266415337154,91,ngmres_etd,18.0,0.46
1.0,80,True,3.5622664153952712,89,ngmres_etd,18.0,0.46
0.4,100,True,3.5622664145449825,97,ngmres_etd,18.0,0.46
0.6,100,True,3.562266414601209,93,ngmres_etd,18.0,0.46
0.8,100,True,3.562266415337154,91,ngmres_etd,18.0,0.46
1.0,100,True,3.5622664153952712,89,ngmres_etd,18.0,0.46
0.4,30,True,3.562266414425178,149,ngmres_sd,18.0,0.46
0.6,30,True,3.5622664143208054,147,ngmres_sd,18.0,0.46
0.8,30,True,3.5622664145107272,149,ngmres_sd,18.0,0.46
1.0,30,True,3.562266415395861,149,ngmres_sd,18.0,0.46
0.4,50,True,3.562266415526798,139,ngmres_sd,18.0,0.46
0.6,50,True,3.5622664147238234,139,ngmres_sd,18.0,0.46
0.8,50,True,3.562266414008975,141,ngmres_sd,18.0,0.46
1.0,50,True,3.562266415075066,141,ngmres_sd,18.0,0.46
0.4,80,True,3.5622664150226857,137,ngmres_sd,18.0,0.46
0.6,80,True,3.562266415087901,137,ngmres_sd,18.0,0.46
0.8,80,True,3.562266415233397,137,ngmres_sd,18.0,0.46
1.0,80,True,3.562266415279168,137,ngmres_sd,18.0,0.46
0.4,100,True,3.5622664150226857,137,ngmres_sd,18.0,0.46
0.6,100,True,3.562266415087901,137,ngmres_sd,18.0,0.46
0.8,100,True,3.562266415233397,137,ngmres_sd,18.0,0.46
1.0,100,True,3.562266415279168,137,ngmres_sd,18.0,0.46
0.4,30,True,3.5622664149511643,101,ngmres_sis,18.0,0.46
0.6,30,True,3.562266414201402,101,ngmres_sis,18.0,0.46
0.8,30,True,3.562266414927098,97,ngmres_sis,18.0,0.46
1.0,30,True,3.5622664147082723,97,ngmres_sis,18.0,0.46
0.4,50,True,3.562266414602493,95,ngmres_sis,18.0,0.46
0.6,50,True,3.56226641432308,93,ngmres_sis,18.0,0.46
0.8,50,True,3.56226641455298,91,ngmres_sis,18.0,0.46
1.0,50,True,3.562266414366551,91,ngmres_sis,18.0,0.46
0.4,80,True,3.562266414602493,95,ngmres_sis,18.0,0.46
0.6,80,True,3.56226641432308,93,ngmres_sis,18.0,0.46
0.8,80,True,3.56226641455298,91,ngmres_sis,18.0,0.46
1.0,80,True,3.562266414366551,91,ngmres_sis,18.0,0.46
0.4,100,True,3.562266414602493,95,ngmres_sis,18.0,0.46
0.6,100,True,3.56226641432308,93,ngmres_sis,18.0,0.46
0.8,100,True,3.56226641455298,91,ngmres_sis,18.0,0.46
1.0,100,True,3.562266414366551,91,ngmres_sis,18.0,0.46
0.4,30,True,3.5622664141408595,142,oaccel_etd,18.0,0.46
0.6,30,True,3.5622664162562607,124,oaccel_etd,18.0,0.46
0.8,30,True,3.56226641546483,126,oaccel_etd,18.0,0.46
1.0,30,True,3.56226641440132,122,oaccel_etd,18.0,0.46
0.4,50,True,3.562266414265712,106,oaccel_etd,18.0,0.46
0.6,50,True,3.562266414720895,98,oaccel_etd,18.0,0.46
0.8,50,True,3.5622664150199066,98,oaccel_etd,18.0,0.46
1.0,50,True,3.562266415264884,96,oaccel_etd,18.0,0.46
0.4,80,True,3.562266414640357,106,oaccel_etd,18.0,0.46
0.6,80,True,3.562266414720895,98,oaccel_etd,18.0,0.46
0.8,80,True,3.5622664150199066,98,oaccel_etd,18.0,0.46
1.0,80,True,3.562266415264884,96,oaccel_etd,18.0,0.46
0.4,100,True,3.562266414640357,106,oaccel_etd,18.0,0.46
0.6,100,True,3.562266414720895,98,oaccel_etd,18.0,0.46
0.8,100,True,3.5622664150199066,98,oaccel_etd,18.0,0.46
1.0,100,True,3.562266415264884,96,oaccel_etd,18.0,0.46
0.4,30,True,3.5622664152000327,216,oaccel_sd,18.0,0.46
0.6,30,True,3.5622664142170883,232,oaccel_sd,18.0,0.46
0.8,30,True,3.5622664160666897,226,oaccel_sd,18.0,0.46
1.0,30,True,3.562266413939164,256,oaccel_sd,18.0,0.46
0.4,50,True,3.562266414119229,172,oaccel_sd,18.0,0.46
0.6,50,True,3.562266416041732,168,oaccel_sd,18.0,0.46
0.8,50,True,3.562266415686365,166,oaccel_sd,18.0,0.46
1.0,50,True,3.562266414592708,168,oaccel_sd,18.0,0.46
0.4,80,True,3.5622664152017656,150,oaccel_sd,18.0,0.46
0.6,80,True,3.5622664151289207,150,oaccel_sd,18.0,0.46
0.8,80,True,3.562266415004296,150,oaccel_sd,18.0,0.46
1.0,80,True,3.5622664150138865,150,oaccel_sd,18.0,0.46
0.4,100,True,3.5622664152017656,150,oaccel_sd,18.0,0.46
0.6,100,True,3.5622664151289207,150,oaccel_sd,18.0,0.46
0.8,100,True,3.562266415004296,150,oaccel_sd,18.0,0.46
1.0,100,True,3.5622664150138865,150,oaccel_sd,18.0,0.46
0.4,30,True,3.5622664138285387,140,oaccel_sis,18.0,0.46
0.6,30,True,3.562266412767049,128,oaccel_sis,18.0,0.46
0.8,30,True,3.5622664154242285,124,oaccel_sis,18.0,0.46
1.0,30,True,3.5622664153488977,124,oaccel_sis,18.0,0.46
0.4,50,True,3.5622664145751983,106,oaccel_sis,18.0,0.46
0.6,50,True,3.562266415070045,102,oaccel_sis,18.0,0.46
0.8,50,True,3.5622664146832976,98,oaccel_sis,18.0,0.46
1.0,50,True,3.5622664149044265,96,oaccel_sis,18.0,0.46
0.4,80,True,3.5622664148721075,106,oaccel_sis,18.0,0.46
0.6,80,True,3.562266415070045,102,oaccel_sis,18.0,0.46
0.8,80,True,3.5622664146832976,98,oaccel_sis,18.0,0.46
1.0,80,True,3.5622664149044265,96,oaccel_sis,18.0,0.46
0.4,100,True,3.5622664148721075,106,oaccel_sis,18.0,0.46
0.6,100,True,3.562266415070045,102,oaccel_sis,18.0,0.46
0.8,100,True,3.5622664146832976,98,oaccel_sis,18.0,0.46
1.0,100,True,3.5622664149044265,96,oaccel_sis,18.0,0.46
0.2,0,True,3.562266414811339,458,sd,18.0,0.46
0.3,0,True,3.5622664148139007,304,sd,18.0,0.46
0.4,0,True,3.562266414816288,227,sd,18.0,0.46
0.5,0,False,4.375213582093562,3000,sd,18.0,0.46
0.4,0,True,3.562266414812867,415,sis,18.0,0.46
0.6,0,True,3.5622664148237435,339,sis,18.0,0.46
0.8,0,True,3.562266414830677,300,sis,18.0,0.46
1.0,0,True,3.5622664148034886,277,sis,18.0,0.46
0.4,30,True,3.5622664140473166,61,anderson_etd,18.0,0.47
0.6,30,True,3.562266414467757,56,anderson_etd,18.0,0.47
0.8,30,True,3.5622664151513668,53,anderson_etd,18.0,0.47
1.0,30,True,3.562266414821007,51,anderson_etd,18.0,0.47
0.4,50,True,3.562266415207006,59,anderson_etd,18.0,0.47
0.6,50,True,3.562266416179657,55,anderson_etd,18.0,0.47
0.8,50,True,3.56226641567232,53,anderson_etd,18.0,0.47
1.0,50,True,3.562266414222522,52,anderson_etd,18.0,0.47
0.4,80,True,3.5622664110096443,60,anderson_etd,18.0,0.47
0.6,80,True,3.562266415043031,57,anderson_etd,18.0,0.47
0.8,80,True,3.562266415705848,53,anderson_etd,18.0,0.47
1.0,80,True,3.562266414208149,52,anderson_etd,18.0,0.47
0.4,100,True,3.5622664110096443,60,anderson_etd,18.0,0.47
0.6,100,True,3.562266415043031,57,anderson_etd,18.0,0.47
0.8,100,True,3.562266415705848,53,anderson_etd,18.0,0.47
1.0,100,True,3.562266414208149,52,anderson_etd,18.0,0.47
0.4,30,True,3.5622664145908045,74,anderson_sd,18.0,0.47
0.6,30,True,3.5622664151033128,76,anderson_sd,18.0,0.47
0.8,30,True,3.5622664156673034,76,anderson_sd,18.0,0.47
1.0,30,True,3.562266414456753,76,anderson_sd,18.0,0.47
0.4,50,True,3.56226641474624,72,anderson_sd,18.0,0.47
0.6,50,True,3.562266414524116,73,anderson_sd,18.0,0.47
0.8,50,True,3.562266414286773,72,anderson_sd,18.0,0.47
1.0,50,True,3.56226641448103,73,anderson_sd,18.0,0.47
0.4,80,True,3.562266416661368,73,anderson_sd,18.0,0.47
0.6,80,True,3.5622664166042304,73,anderson_sd,18.0,0.47
0.8,80,True,3.5622664148319387,72,anderson_sd,18.0,0.47
1.0,80,True,3.562266414842477,73,anderson_sd,18.0,0.47
0.4,100,True,3.562266416661368,73,anderson_sd,18.0,0.47
0.6,100,True,3.5622664166042304,73,anderson_sd,18.0,0.47
0.8,100,True,3.5622664148319387,72,anderson_sd,18.0,0.47
1.0,100,True,3.562266414842477,73,anderson_sd,18.0,0.47
0.4,30,True,3.562266413246114,67,anderson_sis,18.0,0.47
0.6,30,True,3.562266413648172,63,anderson_sis,18.0,0.47
0.8,30,True,3.562266415050421,61,anderson_sis,18.0,0.47
1.0,30,True,3.562266414894681,59,anderson_sis,18.0,0.47
0.4,50,True,3.5622664150410497,64,anderson_sis,18.0,0.47
0.6,50,True,3.562266412617797,60,anderson_sis,18.0,0.47
0.8,50,True,3.562266412733376,58,anderson_sis,18.0,0.47
1.0,50,True,3.5622664145254737,58,anderson_sis,18.0,0.47
0.4,80,True,3.5622664121853385,66,anderson_sis,18.0,0.47
0.6,80,True,3.56226641432942,63,anderson_sis,18.0,0.47
0.8,80,True,3.562266410881781,61,anderson_sis,18.0,0.47
1.0,80,True,3.5622664144250797,61,anderson_sis,18.0,0.47
0.4,100,True,3.5622664121853385,66,anderson_sis,18.0,0.47
0.6,100,True,3.56226641432942,63,anderson_sis,18.0,0.47
0.8,100,True,3.562266410881781,61,anderson_sis,18.0,0.47
1.0,100,True,3.5622664144250797,61,anderson_sis,18.0,0.47
0.4,0,True,3.562266414810045,276,etd,18.0,0.47
0.6,0,True,3.562266415810165,203,etd,18.0,0.47
0.8,0,True,3.5622664119909864,199,etd,18.0,0.47
1.0,0,True,3.5622664180833628,217,etd,18.0,0.47
0.4,30,True,3.562266415549998,103,ngmres_etd,18.0,0.47
0.6,30,True,3.562266416891399,99,ngmres_etd,18.0,0.47
0.8,30,True,3.562266416385241,97,ngmres_etd,18.0,0.47
1.0,30,True,3.562266416445577,93,ngmres_etd,18.0,0.47
0.4,50,True,3.5622664149287413,99,ngmres_etd,18.0,0.47
0.6,50,True,3.562266414415567,91,ngmres_etd,18.0,0.47
0.8,50,True,3.562266415108418,89,ngmres_etd,18.0,0.47
1.0,50,True,3.562266415617999,87,ngmres_etd,18.0,0.47
0.4,80,True,3.5622664149287413,99,ngmres_etd,18.0,0.47
0.6,80,True,3.562266414415567,91,ngmres_etd,18.0,0.47
0.8,80,True,3.562266415108418,89,ngmres_etd,18.0,0.47
1.0,80,True,3.562266415617999,87,ngmres_etd,18.0,0.47
0.4,100,True,3.5622664149287413,99,ngmres_etd,18.0,0.47
0.6,100,True,3.562266414415567,91,ngmres_etd,18.0,0.47
0.8,100,True,3.562266415108418,89,ngmres_etd,18.0,0.47
1.0,100,True,3.562266415617999,87,ngmres_etd,18.0,0.47
0.4,30,True,3.5622664144174374,147,ngmres_sd,18.0,0.47
0.6,30,True,3.5622664143635454,147,ngmres_sd,18.0,0.47
0.8,30,True,3.5622664147424423,147,ngmres_sd,18.0,0.47
1.0,30,True,3.562266415192955,147,ngmres_sd,18.0,0.47
0.4,50,True,3.562266413468733,137,ngmres_sd,18.0,0.47
0.6,50,True,3.56226641364054,137,ngmres_sd,18.0,0.47
0.8,50,True,3.562266415207384,139,ngmres_sd,18.0,0.47
1.0,50,True,3.56226641455926,139,ngmres_sd,18.0,0.47
0.4,80,True,3.5622664149509387,137,ngmres_sd,18.0,0.47
0.6,80,True,3.562266415002311,137,ngmres_sd,18.0,0.47
0.8,80,True,3.562266415055558,137,ngmres_sd,18.0,0.47
1.0,80,True,3.562266415180823,137,ngmres_sd,18.0,0.47
0.4,100,True,3.5622664149509387,137,ngmres_sd,18.0,0.47
0.6,100,True,3.562266415002311,137,ngmres_sd,18.0,0.47
0.8,100,True,3.562266415055558,137,ngmres_sd,18.0,0.47
1.0,100,True,3.562266415180823,137,ngmres_sd,18.0,0.47
0.4,30,True,3.562266415186577,101,ngmres_sis,18.0,0.47
0.6,30,True,3.562266416231264,99,ngmres_sis,18.0,0.47
0.8,30,True,3.5622664162285176,97,ngmres_sis,18.0,0.47
1.0,30,True,3.5622664170345217,97,ngmres_sis,18.0,0.47
0.4,50,True,3.5622664146755785,97,ngmres_sis,18.0,0.47
0.6,50,True,3.562266414670682,93,ngmres_sis,18.0,0.47
0.8,50,True,3.562266414705787,91,ngmres_sis,18.0,0.47
1.0,50,True,3.5622664146307352,91,ngmres_sis,18.0,0.47
0.4,80,True,3.5622664146755785,97,ngmres_sis,18.0,0.47
0.6,80,True,3.562266414670682,93,ngmres_sis,18.0,0.47
0.8,80,True,3.562266414705787,91,ngmres_sis,18.0,0.47
1.0,80,True,3.5622664146307352,91,ngmres_sis,18.0,0.47
0.4,100,True,3.5622664146755785,97,ngmres_sis,18.0,0.47
0.6,100,True,3.562266414670682,93,ngmres_sis,18.0,0.47
0.8,100,True,3.562266414705787,91,ngmres_sis,18.0,0.47
1.0,100,True,3.5622664146307352,91,ngmres_sis,18.0,0.47
0.4,30,True,3.5622664160989688,150,oaccel_etd,18.0,0.47
0.6,30,True,3.5622664163120934,126,oaccel_etd,18.0,0.47
0.8,30,True,3.5622664138416944,126,oaccel_etd,18.0,0.47
1.0,30,True,3.562266414421308,120,oaccel_etd,18.0,0.47
0.4,50,True,3.5622664139957747,106,oaccel_etd,18.0,0.47
0.6,50,True,3.562266414532507,102,oaccel_etd,18.0,0.47
0.8,50,True,3.56226641496382,98,oaccel_etd,18.0,0.47
1.0,50,True,3.5622664152067447,96,oaccel_etd,18.0,0.47
0.4,80,True,3.5622664144535374,106,oaccel_etd,18.0,0.47
0.6,80,True,3.562266414532507,102,oaccel_etd,18.0,0.47
0.8,80,True,3.56226641496382,98,oaccel_etd,18.0,0.47
1.0,80,True,3.5622664152067447,96,oaccel_etd,18.0,0.47
0.4,100,True,3.5622664144535374,106,oaccel_etd,18.0,0.47
0.6,100,True,3.562266414532507,102,oaccel_etd,18.0,0.47
0.8,100,True,3.56226641496382,98,oaccel_etd,18.0,0.47
1.0,100,True,3.5622664152067447,96,oaccel_etd,18.0,0.47
0.4,30,True,3.562266415576333,402,oaccel_sd,18.0,0.47
0.6,30,True,3.56226641519822,234,oaccel_sd,18.0,0.47
0.8,30,True,3.5622664149143395,250,oaccel_sd,18.0,0.47
1.0,30,True,3.5622664143822496,192,oaccel_sd,18.0,0.47
0.4,50,True,3.5622664142015,168,oaccel_sd,18.0,0.47
0.6,50,True,3.562266415138856,174,oaccel_sd,18.0,0.47
0.8,50,True,3.5622664142582554,166,oaccel_sd,18.0,0.47
1.0,50,True,3.562266416876276,170,oaccel_sd,18.0,0.47
0.4,80,True,3.562266415136909,148,oaccel_sd,18.0,0.47
0.6,80,True,3.562266415138806,148,oaccel_sd,18.0,0.47
0.8,80,True,3.562266415140832,148,oaccel_sd,18.0,0.47
1.0,80,True,3.5622664151565235,148,oaccel_sd,18.0,0.47
0.4,100,True,3.562266415136909,148,oaccel_sd,18.0,0.47
0.6,100,True,3.562266415138806,148,oaccel_sd,18.0,0.47
0.8,100,True,3.562266415140832,148,oaccel_sd,18.0,0.47
1.0,100,True,3.5622664151565235,148,oaccel_sd,18.0,0.47
0.4,30,True,3.562266416314632,154,oaccel_sis,18.0,0.47
0.6,30,True,3.5622664159072945,126,oaccel_sis,18.0,0.47
0.8,30,True,3.562266416928577,126,oaccel_sis,18.0,0.47
1.0,30,True,3.5622664146489305,124,oaccel_sis,18.0,0.47
0.4,50,True,3.562266414449754,106,oaccel_sis,18.0,0.47
0.6,50,True,3.5622664149255048,102,oaccel_sis,18.0,0.47
0.8,50,True,3.562266414751976,98,oaccel_sis,18.0,0.47
1.0,50,True,3.5622664147682483,96,oaccel_sis,18.0,0.47
0.4,80,True,3.5622664146458725,106,oaccel_sis,18.0,0.47
0.6,80,True,3.5622664149255048,102,oaccel_sis,18.0,0.47
0.8,80,True,3.562266414751976,98,oaccel_sis,18.0,0.47
1.0,80,True,3.5622664147682483,96,oaccel_sis,18.0,0.47
0.4,100,True,3.5622664146458725,106,oaccel_sis,18.0,0.47
0.6,100,True,3.5622664149255048,102,oaccel_sis,18.0,0.47
0.8,100,True,3.562266414751976,98,oaccel_sis,18.0,0.47
1.0,100,True,3.5622664147682483,96,oaccel_sis,18.0,0.47
0.2,0,True,3.562266414811174,455,sd,18.0,0.47
0.3,0,True,3.562266414813738,302,sd,18.0,0.47
0.4,0,True,3.562266414811485,225,sd,18.0,0.47
0.5,0,False,4.377397876758325,3000,sd,18.0,0.47
0.4,0,True,3.562266414811023,412,sis,18.0,0.47
0.6,0,True,3.562266414818474,336,sis,18.0,0.47
0.8,0,True,3.562266414820435,298,sis,18.0,0.47
1.0,0,True,3.562266414779744,275,sis,18.0,0.47
0.4,30,True,3.5622664155374477,61,anderson_etd,18.0,0.48
0.6,30,True,3.562266416095522,55,anderson_etd,18.0,0.48
0.8,30,True,3.562266414864535,52,anderson_etd,18.0,0.48
1.0,30,True,3.5622664145262872,51,anderson_etd,18.0,0.48
0.4,50,True,3.562266414251672,59,anderson_etd,18.0,0.48
0.6,50,True,3.5622664106914783,54,anderson_etd,18.0,0.48
0.8,50,True,3.562266416859635,52,anderson_etd,18.0,0.48
1.0,50,True,3.562266417089424,50,anderson_etd,18.0,0.48
0.4,80,True,3.5622664122339307,62,anderson_etd,18.0,0.48
0.6,80,True,3.562266414483183,57,anderson_etd,18.0,0.48
0.8,80,True,3.5622664168566214,52,anderson_etd,18.0,0.48
1.0,80,True,3.562266417089424,50,anderson_etd,18.0,0.48
0.4,100,True,3.5622664122339307,62,anderson_etd,18.0,0.48
0.6,100,True,3.562266414483183,57,anderson_etd,18.0,0.48
0.8,100,True,3.5622664168566214,52,anderson_etd,18.0,0.48
1.0,100,True,3.562266417089424,50,anderson_etd,18.0,0.48
0.4,30,True,3.5622664152438865,73,anderson_sd,18.0,0.48
0.6,30,True,3.562266415016921,74,anderson_sd,18.0,0.48
0.8,30,True,3.5622664143609537,75,anderson_sd,18.0,0.48
1.0,30,True,3.56226641446338,75,anderson_sd,18.0,0.48
0.4,50,True,3.562266414175568,71,anderson_sd,18.0,0.48
0.6,50,True,3.5622664145274,71,anderson_sd,18.0,0.48
0.8,50,True,3.562266414253669,72,anderson_sd,18.0,0.48
1.0,50,True,3.5622664148096703,72,anderson_sd,18.0,0.48
0.4,80,True,3.5622664148564303,72,anderson_sd,18.0,0.48
0.6,80,True,3.562266416290436,72,anderson_sd,18.0,0.48
0.8,80,True,3.5622664153911066,71,anderson_sd,18.0,0.48
1.0,80,True,3.562266414801531,71,anderson_sd,18.0,0.48
0.4,100,True,3.5622664148564303,72,anderson_sd,18.0,0.48
0.6,100,True,3.562266416290436,72,anderson_sd,18.0,0.48
0.8,100,True,3.5622664153911066,71,anderson_sd,18.0,0.48
1.0,100,True,3.562266414801531,71,anderson_sd,18.0,0.48
0.4,30,True,3.5622664136775217,67,anderson_sis,18.0,0.48
0.6,30,True,3.5622664162701287,62,anderson_sis,18.0,0.48
0.8,30,True,3.562266414558673,59,anderson_sis,18.0,0.48
1.0,30,True,3.5622664154556416,59,anderson_sis,18.0,0.48
0.4,50,True,3.5622664132089312,62,anderson_sis,18.0,0.48
0.6,50,True,3.5622664125660224,59,anderson_sis,18.0,0.48
0.8,50,True,3.5622664123270305,57,anderson_sis,18.0,0.48
1.0,50,True,3.562266414253372,57,anderson_sis,18.0,0.48
0.4,80,True,3.562266412058407,67,anderson_sis,18.0,0.48
0.6,80,True,3.56226641601163,61,anderson_sis,18.0,0.48
0.8,80,True,3.562266413020088,59,anderson_sis,18.0,0.48
1.0,80,True,3.562266415480817,57,anderson_sis,18.0,0.48
0.4,100,True,3.562266412058407,67,anderson_sis,18.0,0.48
0.6,100,True,3.56226641601163,61,anderson_sis,18.0,0.48
0.8,100,True,3.562266413020088,59,anderson_sis,18.0,0.48
1.0,100,True,3.562266415480817,57,anderson_sis,18.0,0.48
0.4,0,True,3.562266414807328,274,etd,18.0,0.48
0.6,0,True,3.5622664157322497,201,etd,18.0,0.48
0.8,0,True,3.562266417877594,192,etd,18.0,0.48
1.0,0,True,3.562266413044309,211,etd,18.0,0.48
0.4,30,True,3.562266415208337,103,ngmres_etd,18.0,0.48
0.6,30,True,3.562266416278873,99,ngmres_etd,18.0,0.48
0.8,30,True,3.562266415727776,95,ngmres_etd,18.0,0.48
1.0,30,True,3.562266414632078,93,ngmres_etd,18.0,0.48
0.4,50,True,3.562266414365704,97,ngmres_etd,18.0,0.48
0.6,50,True,3.562266414600521,91,ngmres_etd,18.0,0.48
0.8,50,True,3.562266415527654,91,ngmres_etd,18.0,0.48
1.0,50,True,3.5622664154701686,87,ngmres_etd,18.0,0.48
0.4,80,True,3.562266414365704,97,ngmres_etd,18.0,0.48
0.6,80,True,3.562266414600521,91,ngmres_etd,18.0,0.48
0.8,80,True,3.562266415527654,91,ngmres_etd,18.0,0.48
1.0,80,True,3.5622664154701686,87,ngmres_etd,18.0,0.48
0.4,100,True,3.562266414365704,97,ngmres_etd,18.0,0.48
0.6,100,True,3.562266414600521,91,ngmres_etd,18.0,0.48
0.8,100,True,3.562266415527654,91,ngmres_etd,18.0,0.48
1.0,100,True,3.5622664154701686,87,ngmres_etd,18.0,0.48
0.4,30,True,3.562266415360326,145,ngmres_sd,18.0,0.48
0.6,30,True,3.562266414983304,145,ngmres_sd,18.0,0.48
0.8,30,True,3.5622664135898514,145,ngmres_sd,18.0,0.48
1.0,30,True,3.562266414692272,145,ngmres_sd,18.0,0.48
0.4,50,True,3.5622664136842044,135,ngmres_sd,18.0,0.48
0.6,50,True,3.562266413514302,135,ngmres_sd,18.0,0.48
0.8,50,True,3.562266413778412,135,ngmres_sd,18.0,0.48
1.0,50,True,3.562266413284449,135,ngmres_sd,18.0,0.48
0.4,80,True,3.5622664149840366,133,ngmres_sd,18.0,0.48
0.6,80,True,3.562266415022397,135,ngmres_sd,18.0,0.48
0.8,80,True,3.562266415012358,135,ngmres_sd,18.0,0.48
1.0,80,True,3.5622664149964605,135,ngmres_sd,18.0,0.48
0.4,100,True,3.5622664149840366,133,ngmres_sd,18.0,0.48
0.6,100,True,3.562266415022397,135,ngmres_sd,18.0,0.48
0.8,100,True,3.562266415012358,135,ngmres_sd,18.0,0.48
1.0,100,True,3.5622664149964605,135,ngmres_sd,18.0,0.48
0.4,30,True,3.562266414570842,99,ngmres_sis,18.0,0.48
0.6,30,True,3.562266415545503,97,ngmres_sis,18.0,0.48
0.8,30,True,3.56226641636775,97,ngmres_sis,18.0,0.48
1.0,30,True,3.562266416424646,95,ngmres_sis,18.0,0.48
0.4,50,True,3.5622664144552374,95,ngmres_sis,18.0,0.48
0.6,50,True,3.562266414457921,93,ngmres_sis,18.0,0.48
0.8,50,True,3.56226641492432,91,ngmres_sis,18.0,0.48
1.0,50,True,3.5622664155570707,89,ngmres_sis,18.0,0.48
0.4,80,True,3.5622664144552374,95,ngmres_sis,18.0,0.48
0.6,80,True,3.562266414457921,93,ngmres_sis,18.0,0.48
0.8,80,True,3.56226641492432,91,ngmres_sis,18.0,0.48
1.0,80,True,3.5622664155570707,89,ngmres_sis,18.0,0.48
0.4,100,True,3.5622664144552374,95,ngmres_sis,18.0,0.48
0.6,100,True,3.562266414457921,93,ngmres_sis,18.0,0.48
0.8,100,True,3.56226641492432,91,ngmres_sis,18.0,0.48
1.0,100,True,3.5622664155570707,89,ngmres_sis,18.0,0.48
0.4,30,True,3.562266414592865,152,oaccel_etd,18.0,0.48
0.6,30,True,3.5622664158593853,126,oaccel_etd,18.0,0.48
0.8,30,True,3.5622664106245043,124,oaccel_etd,18.0,0.48
1.0,30,True,3.5622664138760296,116,oaccel_etd,18.0,0.48
0.4,50,True,3.562266414441797,106,oaccel_etd,18.0,0.48
0.6,50,True,3.56226641485082,100,oaccel_etd,18.0,0.48
0.8,50,True,3.5622664148924037,98,oaccel_etd,18.0,0.48
1.0,50,True,3.562266415041675,96,oaccel_etd,18.0,0.48
0.4,80,True,3.562266414402325,106,oaccel_etd,18.0,0.48
0.6,80,True,3.56226641485082,100,oaccel_etd,18.0,0.48
0.8,80,True,3.5622664148924037,98,oaccel_etd,18.0,0.48
1.0,80,True,3.562266415041675,96,oaccel_etd,18.0,0.48
0.4,100,True,3.562266414402325,106,oaccel_etd,18.0,0.48
0.6,100,True,3.56226641485082,100,oaccel_etd,18.0,0.48
0.8,100,True,3.5622664148924037,98,oaccel_etd,18.0,0.48
1.0,100,True,3.562266415041675,96,oaccel_etd,18.0,0.48
0.4,30,True,3.562266413450363,238,oaccel_sd,18.0,0.48
0.6,30,True,3.562266414795258,222,oaccel_sd,18.0,0.48
0.8,30,True,3.5622664158895816,310,oaccel_sd,18.0,0.48
1.0,30,True,3.562266412851077,406,oaccel_sd,18.0,0.48
0.4,50,True,3.562266414282271,166,oaccel_sd,18.0,0.48
0.6,50,True,3.5622664166896056,170,oaccel_sd,18.0,0.48
0.8,50,True,3.562266414490228,170,oaccel_sd,18.0,0.48
1.0,50,True,3.562266413940626,166,oaccel_sd,18.0,0.48
0.4,80,True,3.562266415110174,150,oaccel_sd,18.0,0.48
0.6,80,True,3.562266415107378,150,oaccel_sd,18.0,0.48
0.8,80,True,3.562266415316084,144,oaccel_sd,18.0,0.48
1.0,80,True,3.5622664153395336,144,oaccel_sd,18.0,0.48
0.4,100,True,3.562266415110174,150,oaccel_sd,18.0,0.48
0.6,100,True,3.562266415107378,150,oaccel_sd,18.0,0.48
0.8,100,True,3.562266415316084,144,oaccel_sd,18.0,0.48
1.0,100,True,3.5622664153395336,144,oaccel_sd,18.0,0.48
0.4,30,True,3.5622664160243254,152,oaccel_sis,18.0,0.48
0.6,30,True,3.5622664150245,130,oaccel_sis,18.0,0.48
0.8,30,True,3.562266413506644,124,oaccel_sis,18.0,0.48
1.0,30,True,3.562266414850775,122,oaccel_sis,18.0,0.48
0.4,50,True,3.562266414669968,106,oaccel_sis,18.0,0.48
0.6,50,True,3.5622664146944327,102,oaccel_sis,18.0,0.48
0.8,50,True,3.562266414623621,98,oaccel_sis,18.0,0.48
1.0,50,True,3.5622664149920293,94,oaccel_sis,18.0,0.48
0.4,80,True,3.562266414496194,106,oaccel_sis,18.0,0.48
0.6,80,True,3.5622664146944327,102,oaccel_sis,18.0,0.48
0.8,80,True,3.562266414623621,98,oaccel_sis,18.0,0.48
1.0,80,True,3.5622664149920293,94,oaccel_sis,18.0,0.48
0.4,100,True,3.562266414496194,106,oaccel_sis,18.0,0.48
0.6,100,True,3.5622664146944327,102,oaccel_sis,18.0,0.48
0.8,100,True,3.562266414623621,98,oaccel_sis,18.0,0.48
1.0,100,True,3.5622664149920293,94,oaccel_sis,18.0,0.48
0.2,0,True,3.562266414807058,451,sd,18.0,0.48
0.3,0,True,3.56226641480709,299,sd,18.0,0.48
0.4,0,True,3.5622664148174383,224,sd,18.0,0.48
0.5,0,False,4.537852093493864,3000,sd,18.0,0.48
0.4,0,True,3.562266414809984,409,sis,18.0,0.48
0.6,0,True,3.562266414811932,333,sis,18.0,0.48
0.8,0,True,3.56226641480197,295,sis,18.0,0.48
1.0,0,True,3.562266414767967,272,sis,18.0,0.48
0.4,30,True,3.5622664141859293,60,anderson_etd,18.0,0.49
0.6,30,True,3.5622664145013987,55,anderson_etd,18.0,0.49
0.8,30,True,3.56226641465953,53,anderson_etd,18.0,0.49
1.0,30,True,3.5622664146266416,51,anderson_etd,18.0,0.49
0.4,50,True,3.562266412562022,59,anderson_etd,18.0,0.49
0.6,50,True,3.562266412585488,55,anderson_etd,18.0,0.49
0.8,50,True,3.5622664168132063,52,anderson_etd,18.0,0.49
1.0,50,True,3.5622664135345303,53,anderson_etd,18.0,0.49
0.4,80,True,3.562266410181742,61,anderson_etd,18.0,0.49
0.6,80,True,3.5622664119655747,56,anderson_etd,18.0,0.49
0.8,80,True,3.5622664167264224,52,anderson_etd,18.0,0.49
1.0,80,True,3.5622664176194343,53,anderson_etd,18.0,0.49
0.4,100,True,3.562266410181742,61,anderson_etd,18.0,0.49
0.6,100,True,3.5622664119655747,56,anderson_etd,18.0,0.49
0.8,100,True,3.5622664167264224,52,anderson_etd,18.0,0.49
1.0,100,True,3.5622664176194343,53,anderson_etd,18.0,0.49
0.4,30,True,3.5622664141593035,73,anderson_sd,18.0,0.49
0.6,30,True,3.5622664143648155,75,anderson_sd,18.0,0.49
0.8,30,True,3.5622664148717758,77,anderson_sd,18.0,0.49
1.0,30,True,3.5622664149625978,76,anderson_sd,18.0,0.49
0.4,50,True,3.562266414822675,70,anderson_sd,18.0,0.49
0.6,50,True,3.562266413945233,71,anderson_sd,18.0,0.49
0.8,50,True,3.5622664157623243,72,anderson_sd,18.0,0.49
1.0,50,True,3.56226641374272,72,anderson_sd,18.0,0.49
0.4,80,True,3.56226641327312,72,anderson_sd,18.0,0.49
0.6,80,True,3.562266415395647,72,anderson_sd,18.0,0.49
0.8,80,True,3.562266416070039,71,anderson_sd,18.0,0.49
1.0,80,True,3.5622664150351357,70,anderson_sd,18.0,0.49
0.4,100,True,3.56226641327312,72,anderson_sd,18.0,0.49
0.6,100,True,3.562266415395647,72,anderson_sd,18.0,0.49
0.8,100,True,3.562266416070039,71,anderson_sd,18.0,0.49
1.0,100,True,3.5622664150351357,70,anderson_sd,18.0,0.49
0.4,30,True,3.5622664140022646,65,anderson_sis,18.0,0.49
0.6,30,True,3.5622664146391614,61,anderson_sis,18.0,0.49
0.8,30,True,3.562266415073779,58,anderson_sis,18.0,0.49
1.0,30,True,3.5622664139337727,57,anderson_sis,18.0,0.49
0.4,50,True,3.5622664137168885,62,anderson_sis,18.0,0.49
0.6,50,True,3.562266409976328,59,anderson_sis,18.0,0.49
0.8,50,True,3.5622664131862365,58,anderson_sis,18.0,0.49
1.0,50,True,3.5622664144991685,57,anderson_sis,18.0,0.49
0.4,80,True,3.562266409481916,67,anderson_sis,18.0,0.49
0.6,80,True,3.562266409801809,64,anderson_sis,18.0,0.49
0.8,80,True,3.562266407415958,60,anderson_sis,18.0,0.49
1.0,80,True,3.5622664112022804,60,anderson_sis,18.0,0.49
0.4,100,True,3.562266409481916,67,anderson_sis,18.0,0.49
0.6,100,True,3.562266409801809,64,anderson_sis,18.0,0.49
0.8,100,True,3.562266407415958,60,anderson_sis,18.0,0.49
1.0,100,True,3.5622664112022804,60,anderson_sis,18.0,0.49
0.4,0,True,3.5622664148054923,272,etd,18.0,0.49
0.6,0,True,3.562266414719724,198,etd,18.0,0.49
0.8,0,True,3.5622664122258207,185,etd,18.0,0.49
1.0,0,True,3.5622664130115096,198,etd,18.0,0.49
0.4,30,True,3.562266414461717,99,ngmres_etd,18.0,0.49
0.6,30,True,3.562266414651342,97,ngmres_etd,18.0,0.49
0.8,30,True,3.5622664165059463,95,ngmres_etd,18.0,0.49
1.0,30,True,3.5622664157650776,93,ngmres_etd,18.0,0.49
0.4,50,True,3.5622664143150065,95,ngmres_etd,18.0,0.49
0.6,50,True,3.562266415048687,93,ngmres_etd,18.0,0.49
0.8,50,True,3.562266415198396,93,ngmres_etd,18.0,0.49
1.0,50,True,3.5622664151419565,91,ngmres_etd,18.0,0.49
0.4,80,True,3.5622664143150065,95,ngmres_etd,18.0,0.49
0.6,80,True,3.562266415048687,93,ngmres_etd,18.0,0.49
0.8,80,True,3.562266415198396,93,ngmres_etd,18.0,0.49
1.0,80,True,3.5622664151419565,91,ngmres_etd,18.0,0.49
0.4,100,True,3.5622664143150065,95,ngmres_etd,18.0,0.49
0.6,100,True,3.562266415048687,93,ngmres_etd,18.0,0.49
0.8,100,True,3.562266415198396,93,ngmres_etd,18.0,0.49
1.0,100,True,3.5622664151419565,91,ngmres_etd,18.0,0.49
0.4,30,True,3.562266414219807,143,ngmres_sd,18.0,0.49
0.6,30,True,3.562266414056227,143,ngmres_sd,18.0,0.49
0.8,30,True,3.562266414031013,143,ngmres_sd,18.0,0.49
1.0,30,True,3.562266414824185,145,ngmres_sd,18.0,0.49
0.4,50,True,3.562266412935826,135,ngmres_sd,18.0,0.49
0.6,50,True,3.5622664131390342,135,ngmres_sd,18.0,0.49
0.8,50,True,3.562266413189252,135,ngmres_sd,18.0,0.49
1.0,50,True,3.562266413284393,135,ngmres_sd,18.0,0.49
0.4,80,True,3.5622664151050687,133,ngmres_sd,18.0,0.49
0.6,80,True,3.562266415101376,133,ngmres_sd,18.0,0.49
0.8,80,True,3.562266415101351,133,ngmres_sd,18.0,0.49
1.0,80,True,3.562266415100689,133,ngmres_sd,18.0,0.49
0.4,100,True,3.5622664151050687,133,ngmres_sd,18.0,0.49
0.6,100,True,3.562266415101376,133,ngmres_sd,18.0,0.49
0.8,100,True,3.562266415101351,133,ngmres_sd,18.0,0.49
1.0,100,True,3.562266415100689,133,ngmres_sd,18.0,0.49
0.4,30,True,3.5622664139606224,97,ngmres_sis,18.0,0.49
0.6,30,True,3.5622664149258503,95,ngmres_sis,18.0,0.49
0.8,30,True,3.562266414872221,95,ngmres_sis,18.0,0.49
1.0,30,True,3.5622664153135366,95,ngmres_sis,18.0,0.49
0.4,50,True,3.562266414530507,95,ngmres_sis,18.0,0.49
0.6,50,True,3.562266414527881,91,ngmres_sis,18.0,0.49
0.8,50,True,3.562266414938783,91,ngmres_sis,18.0,0.49
1.0,50,True,3.5622664150619503,91,ngmres_sis,18.0,0.49
0.4,80,True,3.562266414530507,95,ngmres_sis,18.0,0.49
0.6,80,True,3.562266414527881,91,ngmres_sis,18.0,0.49
0.8,80,True,3.562266414938783,91,ngmres_sis,18.0,0.49
1.0,80,True,3.5622664150619503,91,ngmres_sis,18.0,0.49
0.4,100,True,3.562266414530507,95,ngmres_sis,18.0,0.49
0.6,100,True,3.562266414527881,91,ngmres_sis,18.0,0.49
0.8,100,True,3.562266414938783,91,ngmres_sis,18.0,0.49
1.0,100,True,3.5622664150619503,91,ngmres_sis,18.0,0.49
0.4,30,True,3.5622664134453386,130,oaccel_etd,18.0,0.49
0.6,30,True,3.5622664148358583,120,oaccel_etd,18.0,0.49
0.8,30,True,3.562266414643731,124,oaccel_etd,18.0,0.49
1.0,30,True,3.562266414691334,120,oaccel_etd,18.0,0.49
0.4,50,True,3.5622664150423,102,oaccel_etd,18.0,0.49
0.6,50,True,3.562266414932786,100,oaccel_etd,18.0,0.49
0.8,50,True,3.5622664149402503,98,oaccel_etd,18.0,0.49
1.0,50,True,3.56226641507458,94,oaccel_etd,18.0,0.49
0.4,80,True,3.5622664150423,102,oaccel_etd,18.0,0.49
0.6,80,True,3.562266414932786,100,oaccel_etd,18.0,0.49
0.8,80,True,3.5622664149402503,98,oaccel_etd,18.0,0.49
1.0,80,True,3.56226641507458,94,oaccel_etd,18.0,0.49
0.4,100,True,3.5622664150423,102,oaccel_etd,18.0,0.49
0.6,100,True,3.562266414932786,100,oaccel_etd,18.0,0.49
0.8,100,True,3.5622664149402503,98,oaccel_etd,18.0,0.49
1.0,100,True,3.56226641507458,94,oaccel_etd,18.0,0.49
0.4,30,True,3.562266413714008,258,oaccel_sd,18.0,0.49
0.6,30,True,3.5622664145085663,266,oaccel_sd,18.0,0.49
0.8,30,True,3.5622664147637684,286,oaccel_sd,18.0,0.49
1.0,30,True,3.5622664176308563,252,oaccel_sd,18.0,0.49
0.4,50,True,3.562266414137058,168,oaccel_sd,18.0,0.49
0.6,50,True,3.5622664141059754,168,oaccel_sd,18.0,0.49
0.8,50,True,3.562266415147014,168,oaccel_sd,18.0,0.49
1.0,50,True,3.562266415149579,168,oaccel_sd,18.0,0.49
0.4,80,True,3.562266415069619,148,oaccel_sd,18.0,0.49
0.6,80,True,3.5622664151191508,144,oaccel_sd,18.0,0.49
0.8,80,True,3.562266415127226,144,oaccel_sd,18.0,0.49
1.0,80,True,3.5622664151361088,144,oaccel_sd,18.0,0.49
0.4,100,True,3.562266415069619,148,oaccel_sd,18.0,0.49
0.6,100,True,3.5622664151191508,144,oaccel_sd,18.0,0.49
0.8,100,True,3.562266415127226,144,oaccel_sd,18.0,0.49
1.0,100,True,3.5622664151361088,144,oaccel_sd,18.0,0.49
0.4,30,True,3.56226641489595,126,oaccel_sis,18.0,0.49
0.6,30,True,3.562266415320874,124,oaccel_sis,18.0,0.49
0.8,30,True,3.5622664161538857,120,oaccel_sis,18.0,0.49
1.0,30,True,3.562266415792979,122,oaccel_sis,18.0,0.49
0.4,50,True,3.562266415115832,98,oaccel_sis,18.0,0.49
0.6,50,True,3.5622664153536414,96,oaccel_sis,18.0,0.49
0.8,50,True,3.5622664151638723,96,oaccel_sis,18.0,0.49
1.0,50,True,3.5622664152564942,94,oaccel_sis,18.0,0.49
0.4,80,True,3.562266415115832,98,oaccel_sis,18.0,0.49
0.6,80,True,3.5622664153536414,96,oaccel_sis,18.0,0.49
0.8,80,True,3.5622664151638723,96,oaccel_sis,18.0,0.49
1.0,80,True,3.5622664152564942,94,oaccel_sis,18.0,0.49
0.4,100,True,3.562266415115832,98,oaccel_sis,18.0,0.49
0.6,100,True,3.5622664153536414,96,oaccel_sis,18.0,0.49
0.8,100,True,3.5622664151638723,96,oaccel_sis,18.0,0.49
1.0,100,True,3.5622664152564942,94,oaccel_sis,18.0,0.49
0.2,0,True,3.5622664148009022,447,sd,18.0,0.49
0.3,0,True,3.562266414806099,297,sd,18.0,0.49
0.4,0,True,3.562266414811428,222,sd,18.0,0.49
0.5,0,False,4.27006429833543,3000,sd,18.0,0.49
0.4,0,True,3.562266414801063,405,sis,18.0,0.49
0.6,0,True,3.562266414802477,330,sis,18.0,0.49
0.8,0,True,3.5622664148005185,293,sis,18.0,0.49
1.0,0,True,3.562266414793956,270,sis,18.0,0.49
0.4,30,True,3.5622664146711616,59,anderson_etd,18.0,0.51
0.6,30,True,3.562266415306561,56,anderson_etd,18.0,0.51
0.8,30,True,3.56226641544772,55,anderson_etd,18.0,0.51
1.0,30,True,3.5622664148704075,53,anderson_etd,18.0,0.51
0.4,50,True,3.562266416203082,59,anderson_etd,18.0,0.51
0.6,50,True,3.5622664146749248,56,anderson_etd,18.0,0.51
0.8,50,True,3.5622664113468767,55,anderson_etd,18.0,0.51
1.0,50,True,3.562266414592025,54,anderson_etd,18.0,0.51
0.4,80,True,3.5622664121821463,64,anderson_etd,18.0,0.51
0.6,80,True,3.562266420179789,56,anderson_etd,18.0,0.51
0.8,80,True,3.5622664153518206,55,anderson_etd,18.0,0.51
1.0,80,True,3.5622664165517257,55,anderson_etd,18.0,0.51
0.4,100,True,3.5622664121821463,64,anderson_etd,18.0,0.51
0.6,100,True,3.562266420179789,56,anderson_etd,18.0,0.51
0.8,100,True,3.5622664153518206,55,anderson_etd,18.0,0.51
1.0,100,True,3.5622664165517257,55,anderson_etd,18.0,0.51
0.4,30,True,3.5622664144202885,73,anderson_sd,18.0,0.51
0.6,30,True,3.5622664132301214,73,anderson_sd,18.0,0.51
0.8,30,True,3.5622664153029326,73,anderson_sd,18.0,0.51
1.0,30,True,3.5622664153740704,74,anderson_sd,18.0,0.51
0.4,50,True,3.5622664150928878,70,anderson_sd,18.0,0.51
0.6,50,True,3.5622664157124566,71,anderson_sd,18.0,0.51
0.8,50,True,3.562266414637416,69,anderson_sd,18.0,0.51
1.0,50,True,3.562266414795788,71,anderson_sd,18.0,0.51
0.4,80,True,3.562266417298468,75,anderson_sd,18.0,0.51
0.6,80,True,3.562266416121699,72,anderson_sd,18.0,0.51
0.8,80,True,3.562266414633374,70,anderson_sd,18.0,0.51
1.0,80,True,3.5622664145035783,70,anderson_sd,18.0,0.51
0.4,100,True,3.562266417298468,75,anderson_sd,18.0,0.51
0.6,100,True,3.562266416121699,72,anderson_sd,18.0,0.51
0.8,100,True,3.562266414633374,70,anderson_sd,18.0,0.51
1.0,100,True,3.5622664145035783,70,anderson_sd,18.0,0.51
0.4,30,True,3.5622664151688337,65,anderson_sis,18.0,0.51
0.6,30,True,3.5622664144176,62,anderson_sis,18.0,0.51
0.8,30,True,3.5622664147658947,59,anderson_sis,18.0,0.51
1.0,30,True,3.56226641585546,58,anderson_sis,18.0,0.51
0.4,50,True,3.562266414785628,62,anderson_sis,18.0,0.51
0.6,50,True,3.562266417531151,59,anderson_sis,18.0,0.51
0.8,50,True,3.56226641528231,58,anderson_sis,18.0,0.51
1.0,50,True,3.56226641372191,58,anderson_sis,18.0,0.51
0.4,80,True,3.562266413260522,66,anderson_sis,18.0,0.51
0.6,80,True,3.5622664132263875,62,anderson_sis,18.0,0.51
0.8,80,True,3.5622664201844394,59,anderson_sis,18.0,0.51
1.0,80,True,3.562266418329494,59,anderson_sis,18.0,0.51
0.4,100,True,3.562266413260522,66,anderson_sis,18.0,0.51
0.6,100,True,3.5622664132263875,62,anderson_sis,18.0,0.51
0.8,100,True,3.5622664201844394,59,anderson_sis,18.0,0.51
1.0,100,True,3.562266418329494,59,anderson_sis,18.0,0.51
0.4,0,True,3.562266414797219,268,etd,18.0,0.51
0.6,0,True,3.5622664141409546,197,etd,18.0,0.51
0.8,0,True,3.5622664130624493,191,etd,18.0,0.51
1.0,0,True,3.5622664182145245,209,etd,18.0,0.51
0.4,30,True,3.5622664150527665,97,ngmres_etd,18.0,0.51
0.6,30,True,3.562266414509818,97,ngmres_etd,18.0,0.51
0.8,30,True,3.562266414724148,99,ngmres_etd,18.0,0.51
1.0,30,True,3.5622664148105434,97,ngmres_etd,18.0,0.51
0.4,50,True,3.562266414954752,97,ngmres_etd,18.0,0.51
0.6,50,True,3.56226641520497,93,ngmres_etd,18.0,0.51
0.8,50,True,3.562266415324542,93,ngmres_etd,18.0,0.51
1.0,50,True,3.562266415079675,93,ngmres_etd,18.0,0.51
0.4,80,True,3.562266414954752,97,ngmres_etd,18.0,0.51
0.6,80,True,3.56226641520497,93,ngmres_etd,18.0,0.51
0.8,80,True,3.562266415324542,93,ngmres_etd,18.0,0.51
1.0,80,True,3.562266415079675,93,ngmres_etd,18.0,0.51
0.4,100,True,3.562266414954752,97,ngmres_etd,18.0,0.51
0.6,100,True,3.56226641520497,93,ngmres_etd,18.0,0.51
0.8,100,True,3.562266415324542,93,ngmres_etd,18.0,0.51
1.0,100,True,3.562266415079675,93,ngmres_etd,18.0,0.51
0.4,30,True,3.56226641449567,137,ngmres_sd,18.0,0.51
0.6,30,True,3.562266414576154,137,ngmres_sd,18.0,0.51
0.8,30,True,3.562266414616156,137,ngmres_sd,18.0,0.51
1.0,30,True,3.5622664145425853,137,ngmres_sd,18.0,0.51
0.4,50,True,3.562266415792592,131,ngmres_sd,18.0,0.51
0.6,50,True,3.562266415806053,131,ngmres_sd,18.0,0.51
0.8,50,True,3.5622664158143875,131,ngmres_sd,18.0,0.51
1.0,50,True,3.562266415803512,131,ngmres_sd,18.0,0.51
0.4,80,True,3.562266414957911,131,ngmres_sd,18.0,0.51
0.6,80,True,3.5622664149555208,131,ngmres_sd,18.0,0.51
0.8,80,True,3.5622664149530987,131,ngmres_sd,18.0,0.51
1.0,80,True,3.5622664149509378,131,ngmres_sd,18.0,0.51
0.4,100,True,3.562266414957911,131,ngmres_sd,18.0,0.51
0.6,100,True,3.5622664149555208,131,ngmres_sd,18.0,0.51
0.8,100,True,3.5622664149530987,131,ngmres_sd,18.0,0.51
1.0,100,True,3.5622664149509378,131,ngmres_sd,18.0,0.51
0.4,30,True,3.5622664158397104,95,ngmres_sis,18.0,0.51
0.6,30,True,3.562266415399918,93,ngmres_sis,18.0,0.51
0.8,30,True,3.5622664149021155,95,ngmres_sis,18.0,0.51
1.0,30,True,3.562266414671408,95,ngmres_sis,18.0,0.51
0.4,50,True,3.5622664149660164,95,ngmres_sis,18.0,0.51
0.6,50,True,3.5622664150854213,93,ngmres_sis,18.0,0.51
0.8,50,True,3.5622664151827026,91,ngmres_sis,18.0,0.51
1.0,50,True,3.562266415264527,91,ngmres_sis,18.0,0.51
0.4,80,True,3.5622664149660164,95,ngmres_sis,18.0,0.51
0.6,80,True,3.5622664150854213,93,ngmres_sis,18.0,0.51
0.8,80,True,3.5622664151827026,91,ngmres_sis,18.0,0.51
1.0,80,True,3.562266415264527,91,ngmres_sis,18.0,0.51
0.4,100,True,3.5622664149660164,95,ngmres_sis,18.0,0.51
0.6,100,True,3.5622664150854213,93,ngmres_sis,18.0,0.51
0.8,100,True,3.5622664151827026,91,ngmres_sis,18.0,0.51
1.0,100,True,3.562266415264527,91,ngmres_sis,18.0,0.51
0.4,30,True,3.562266415052721,132,oaccel_etd,18.0,0.51
0.6,30,True,3.562266415575241,124,oaccel_etd,18.0,0.51
0.8,30,True,3.5622664169433484,130,oaccel_etd,18.0,0.51
1.0,30,True,3.562266415414914,128,oaccel_etd,18.0,0.51
0.4,50,True,3.562266414601038,106,oaccel_etd,18.0,0.51
0.6,50,True,3.5622664153022905,100,oaccel_etd,18.0,0.51
0.8,50,True,3.562266415108426,100,oaccel_etd,18.0,0.51
1.0,50,True,3.562266415143589,98,oaccel_etd,18.0,0.51
0.4,80,True,3.5622664150950323,106,oaccel_etd,18.0,0.51
0.6,80,True,3.5622664153022905,100,oaccel_etd,18.0,0.51
0.8,80,True,3.562266415108426,100,oaccel_etd,18.0,0.51
1.0,80,True,3.562266415143589,98,oaccel_etd,18.0,0.51
0.4,100,True,3.5622664150950323,106,oaccel_etd,18.0,0.51
0.6,100,True,3.5622664153022905,100,oaccel_etd,18.0,0.51
0.8,100,True,3.562266415108426,100,oaccel_etd,18.0,0.51
1.0,100,True,3.562266415143589,98,oaccel_etd,18.0,0.51
0.4,30,True,3.562266417307045,208,oaccel_sd,18.0,0.51
0.6,30,True,3.562266415676693,194,oaccel_sd,18.0,0.51
0.8,30,True,3.5622664148897094,246,oaccel_sd,18.0,0.51
1.0,30,True,3.562266415703053,288,oaccel_sd,18.0,0.51
0.4,50,True,3.562266415199969,158,oaccel_sd,18.0,0.51
0.6,50,True,3.5622664149311216,156,oaccel_sd,18.0,0.51
0.8,50,True,3.5622664145627825,158,oaccel_sd,18.0,0.51
1.0,50,True,3.562266413543825,156,oaccel_sd,18.0,0.51
0.4,80,True,3.5622664150110257,140,oaccel_sd,18.0,0.51
0.6,80,True,3.562266415134122,138,oaccel_sd,18.0,0.51
0.8,80,True,3.5622664149962686,140,oaccel_sd,18.0,0.51
1.0,80,True,3.562266415005171,140,oaccel_sd,18.0,0.51
0.4,100,True,3.5622664150110257,140,oaccel_sd,18.0,0.51
0.6,100,True,3.562266415134122,138,oaccel_sd,18.0,0.51
0.8,100,True,3.5622664149962686,140,oaccel_sd,18.0,0.51
1.0,100,True,3.562266415005171,140,oaccel_sd,18.0,0.51
0.4,30,True,3.562266416000093,146,oaccel_sis,18.0,0.51
0.6,30,True,3.5622664139508657,126,oaccel_sis,18.0,0.51
0.8,30,True,3.562266414001978,126,oaccel_sis,18.0,0.51
1.0,30,True,3.5622664161165707,126,oaccel_sis,18.0,0.51
0.4,50,True,3.5622664148125134,106,oaccel_sis,18.0,0.51
0.6,50,True,3.5622664150628705,100,oaccel_sis,18.0,0.51
0.8,50,True,3.5622664149244407,98,oaccel_sis,18.0,0.51
1.0,50,True,3.5622664150411127,98,oaccel_sis,18.0,0.51
0.4,80,True,3.56226641504053,106,oaccel_sis,18.0,0.51
0.6,80,True,3.5622664150628705,100,oaccel_sis,18.0,0.51
0.8,80,True,3.5622664149244407,98,oaccel_sis,18.0,0.51
1.0,80,True,3.5622664150411127,98,oaccel_sis,18.0,0.51
0.4,100,True,3.56226641504053,106,oaccel_sis,18.0,0.51
0.6,100,True,3.5622664150628705,100,oaccel_sis,18.0,0.51
0.8,100,True,3.5622664149244407,98,oaccel_sis,18.0,0.51
1.0,100,True,3.5622664150411127,98,oaccel_sis,18.0,0.51
0.2,0,True,3.562266414794614,442,sd,18.0,0.51
0.3,0,True,3.562266414794432,293,sd,18.0,0.51
0.4,0,True,3.562266414799237,219,sd,18.0,0.51
0.5,0,False,4.236041571951932,3000,sd,18.0,0.51
0.4,0,True,3.5622664147896934,400,sis,18.0,0.51
0.6,0,True,3.562266414792252,326,sis,18.0,0.51
0.8,0,True,3.562266414810168,289,sis,18.0,0.51
1.0,0,True,3.5622664148353334,267,sis,18.0,0.51
0.4,30,True,3.56226641434354,60,anderson_etd,18.0,0.52
0.6,30,True,3.5622664155767856,57,anderson_etd,18.0,0.52
0.8,30,True,3.5622664149253813,55,anderson_etd,18.0,0.52
1.0,30,True,3.562266415295213,54,anderson_etd,18.0,0.52
0.4,50,True,3.5622664149626493,60,anderson_etd,18.0,0.52
0.6,50,True,3.562266415262106,55,anderson_etd,18.0,0.52
0.8,50,True,3.5622664150832497,55,anderson_etd,18.0,0.52
1.0,50,True,3.5622664158289448,55,anderson_etd,18.0,0.52
0.4,80,True,3.5622664108012145,61,anderson_etd,18.0,0.52
0.6,80,True,3.562266412715052,55,anderson_etd,18.0,0.52
0.8,80,True,3.562266414967632,56,anderson_etd,18.0,0.52
1.0,80,True,3.5622664133019626,56,anderson_etd,18.0,0.52
0.4,100,True,3.5622664108012145,61,anderson_etd,18.0,0.52
0.6,100,True,3.562266412715052,55,anderson_etd,18.0,0.52
0.8,100,True,3.562266414967632,56,anderson_etd,18.0,0.52
1.0,100,True,3.5622664133019626,56,anderson_etd,18.0,0.52
0.4,30,True,3.562266414920268,75,anderson_sd,18.0,0.52
0.6,30,True,3.5622664158722426,75,anderson_sd,18.0,0.52
0.8,30,True,3.562266415411387,76,anderson_sd,18.0,0.52
1.0,30,True,3.562266415246863,75,anderson_sd,18.0,0.52
0.4,50,True,3.5622664151916155,71,anderson_sd,18.0,0.52
0.6,50,True,3.5622664148445047,72,anderson_sd,18.0,0.52
0.8,50,True,3.562266414841014,72,anderson_sd,18.0,0.52
1.0,50,True,3.562266414669251,72,anderson_sd,18.0,0.52
0.4,80,True,3.562266416177384,75,anderson_sd,18.0,0.52
0.6,80,True,3.562266416462551,72,anderson_sd,18.0,0.52
0.8,80,True,3.5622664143467477,71,anderson_sd,18.0,0.52
1.0,80,True,3.5622664149295744,72,anderson_sd,18.0,0.52
0.4,100,True,3.562266416177384,75,anderson_sd,18.0,0.52
0.6,100,True,3.562266416462551,72,anderson_sd,18.0,0.52
0.8,100,True,3.5622664143467477,71,anderson_sd,18.0,0.52
1.0,100,True,3.5622664149295744,72,anderson_sd,18.0,0.52
0.4,30,True,3.5622664163273505,66,anderson_sis,18.0,0.52
0.6,30,True,3.5622664133268,63,anderson_sis,18.0,0.52
0.8,30,True,3.562266414030553,59,anderson_sis,18.0,0.52
1.0,30,True,3.5622664149825107,58,anderson_sis,18.0,0.52
0.4,50,True,3.562266414607888,63,anderson_sis,18.0,0.52
0.6,50,True,3.562266414417013,58,anderson_sis,18.0,0.52
0.8,50,True,3.5622664145484544,58,anderson_sis,18.0,0.52
1.0,50,True,3.5622664146871443,57,anderson_sis,18.0,0.52
0.4,80,True,3.562266414927211,67,anderson_sis,18.0,0.52
0.6,80,True,3.562266415277964,62,anderson_sis,18.0,0.52
0.8,80,True,3.5622664161306217,60,anderson_sis,18.0,0.52
1.0,80,True,3.562266413459521,60,anderson_sis,18.0,0.52
0.4,100,True,3.562266414927211,67,anderson_sis,18.0,0.52
0.6,100,True,3.562266415277964,62,anderson_sis,18.0,0.52
0.8,100,True,3.5622664161306217,60,anderson_sis,18.0,0.52
1.0,100,True,3.562266413459521,60,anderson_sis,18.0,0.52
0.4,0,True,3.5622664148089616,269,etd,18.0,0.52
0.6,0,True,3.5622664134702324,199,etd,18.0,0.52
0.8,0,True,3.562266417990773,198,etd,18.0,0.52
1.0,0,True,3.5622664116184914,216,etd,18.0,0.52
0.4,30,True,3.562266415846697,103,ngmres_etd,18.0,0.52
0.6,30,True,3.5622664154685912,97,ngmres_etd,18.0,0.52
0.8,30,True,3.5622664165243325,97,ngmres_etd,18.0,0.52
1.0,30,True,3.562266413930132,97,ngmres_etd,18.0,0.52
0.4,50,True,3.562266414781342,97,ngmres_etd,18.0,0.52
0.6,50,True,3.5622664149871053,95,ngmres_etd,18.0,0.52
0.8,50,True,3.5622664151231165,93,ngmres_etd,18.0,0.52
1.0,50,True,3.5622664152189643,91,ngmres_etd,18.0,0.52
0.4,80,True,3.562266414781342,97,ngmres_etd,18.0,0.52
0.6,80,True,3.5622664149871053,95,ngmres_etd,18.0,0.52
0.8,80,True,3.5622664151231165,93,ngmres_etd,18.0,0.52
1.0,80,True,3.5622664152189643,91,ngmres_etd,18.0,0.52
0.4,100,True,3.562266414781342,97,ngmres_etd,18.0,0.52
0.6,100,True,3.5622664149871053,95,ngmres_etd,18.0,0.52
0.8,100,True,3.5622664151231165,93,ngmres_etd,18.0,0.52
1.0,100,True,3.5622664152189643,91,ngmres_etd,18.0,0.52
0.4,30,True,3.5622664152208285,141,ngmres_sd,18.0,0.52
0.6,30,True,3.5622664155052064,141,ngmres_sd,18.0,0.52
0.8,30,True,3.562266415550975,141,ngmres_sd,18.0,0.52
1.0,30,True,3.5622664155331325,141,ngmres_sd,18.0,0.52
0.4,50,True,3.562266416173715,135,ngmres_sd,18.0,0.52
0.6,50,True,3.5622664161983337,135,ngmres_sd,18.0,0.52
0.8,50,True,3.562266416216308,135,ngmres_sd,18.0,0.52
1.0,50,True,3.5622664162245714,135,ngmres_sd,18.0,0.52
0.4,80,True,3.562266414899645,133,ngmres_sd,18.0,0.52
0.6,80,True,3.5622664148932905,133,ngmres_sd,18.0,0.52
0.8,80,True,3.562266414887839,133,ngmres_sd,18.0,0.52
1.0,80,True,3.5622664148822443,133,ngmres_sd,18.0,0.52
0.4,100,True,3.562266414899645,133,ngmres_sd,18.0,0.52
0.6,100,True,3.5622664148932905,133,ngmres_sd,18.0,0.52
0.8,100,True,3.562266414887839,133,ngmres_sd,18.0,0.52
1.0,100,True,3.5622664148822443,133,ngmres_sd,18.0,0.52
0.4,30,True,3.562266415833946,101,ngmres_sis,18.0,0.52
0.6,30,True,3.562266415901064,97,ngmres_sis,18.0,0.52
0.8,30,True,3.5622664161954614,97,ngmres_sis,18.0,0.52
1.0,30,True,3.562266415684004,95,ngmres_sis,18.0,0.52
0.4,50,True,3.5622664148245526,95,ngmres_sis,18.0,0.52
0.6,50,True,3.562266414844468,93,ngmres_sis,18.0,0.52
0.8,50,True,3.562266415008086,91,ngmres_sis,18.0,0.52
1.0,50,True,3.5622664149825027,91,ngmres_sis,18.0,0.52
0.4,80,True,3.5622664148245526,95,ngmres_sis,18.0,0.52
0.6,80,True,3.562266414844468,93,ngmres_sis,18.0,0.52
0.8,80,True,3.562266415008086,91,ngmres_sis,18.0,0.52
1.0,80,True,3.5622664149825027,91,ngmres_sis,18.0,0.52
0.4,100,True,3.5622664148245526,95,ngmres_sis,18.0,0.52
0.6,100,True,3.562266414844468,93,ngmres_sis,18.0,0.52
0.8,100,True,3.562266415008086,91,ngmres_sis,18.0,0.52
1.0,100,True,3.5622664149825027,91,ngmres_sis,18.0,0.52
0.4,30,True,3.5622664151556744,128,oaccel_etd,18.0,0.52
0.6,30,True,3.56226641676297,122,oaccel_etd,18.0,0.52
0.8,30,True,3.562266413914635,122,oaccel_etd,18.0,0.52
1.0,30,True,3.562266414931889,124,oaccel_etd,18.0,0.52
0.4,50,True,3.562266415409015,108,oaccel_etd,18.0,0.52
0.6,50,True,3.562266414835203,100,oaccel_etd,18.0,0.52
0.8,50,True,3.562266414902882,98,oaccel_etd,18.0,0.52
1.0,50,True,3.5622664149603844,96,oaccel_etd,18.0,0.52
0.4,80,True,3.5622664150186614,108,oaccel_etd,18.0,0.52
0.6,80,True,3.562266414835203,100,oaccel_etd,18.0,0.52
0.8,80,True,3.562266414902882,98,oaccel_etd,18.0,0.52
1.0,80,True,3.5622664149603844,96,oaccel_etd,18.0,0.52
0.4,100,True,3.5622664150186614,108,oaccel_etd,18.0,0.52
0.6,100,True,3.562266414835203,100,oaccel_etd,18.0,0.52
0.8,100,True,3.562266414902882,98,oaccel_etd,18.0,0.52
1.0,100,True,3.5622664149603844,96,oaccel_etd,18.0,0.52
0.4,30,True,3.562266416541794,700,oaccel_sd,18.0,0.52
0.6,30,True,3.562266415066782,242,oaccel_sd,18.0,0.52
0.8,30,True,3.5622664151553414,544,oaccel_sd,18.0,0.52
1.0,30,True,3.562266414656407,290,oaccel_sd,18.0,0.52
0.4,50,True,3.56226641714502,162,oaccel_sd,18.0,0.52
0.6,50,True,3.562266416183573,162,oaccel_sd,18.0,0.52
0.8,50,True,3.562266415822537,162,oaccel_sd,18.0,0.52
1.0,50,True,3.5622664155872847,164,oaccel_sd,18.0,0.52
0.4,80,True,3.562266415145864,144,oaccel_sd,18.0,0.52
0.6,80,True,3.56226641517439,144,oaccel_sd,18.0,0.52
0.8,80,True,3.5622664151920844,144,oaccel_sd,18.0,0.52
1.0,80,True,3.5622664152000407,144,oaccel_sd,18.0,0.52
0.4,100,True,3.562266415145864,144,oaccel_sd,18.0,0.52
0.6,100,True,3.56226641517439,144,oaccel_sd,18.0,0.52
0.8,100,True,3.5622664151920844,144,oaccel_sd,18.0,0.52
1.0,100,True,3.5622664152000407,144,oaccel_sd,18.0,0.52
0.4,30,True,3.56226641581772,126,oaccel_sis,18.0,0.52
0.6,30,True,3.5622664127461663,122,oaccel_sis,18.0,0.52
0.8,30,True,3.5622664149640304,124,oaccel_sis,18.0,0.52
1.0,30,True,3.562266414645207,120,oaccel_sis,18.0,0.52
0.4,50,True,3.562266415068412,106,oaccel_sis,18.0,0.52
0.6,50,True,3.562266414872859,104,oaccel_sis,18.0,0.52
0.8,50,True,3.562266414913412,102,oaccel_sis,18.0,0.52
1.0,50,True,3.562266414972033,98,oaccel_sis,18.0,0.52
0.4,80,True,3.562266414998152,106,oaccel_sis,18.0,0.52
0.6,80,True,3.562266414947077,104,oaccel_sis,18.0,0.52
0.8,80,True,3.562266414913412,102,oaccel_sis,18.0,0.52
1.0,80,True,3.562266414972033,98,oaccel_sis,18.0,0.52
0.4,100,True,3.562266414998152,106,oaccel_sis,18.0,0.52
0.6,100,True,3.562266414947077,104,oaccel_sis,18.0,0.52
0.8,100,True,3.562266414913412,102,oaccel_sis,18.0,0.52
1.0,100,True,3.562266414972033,98,oaccel_sis,18.0,0.52
0.2,0,True,3.5622664147902503,441,sd,18.0,0.52
0.3,0,True,3.5622664147954675,293,sd,18.0,0.52
0.4,0,True,3.5622664148000007,219,sd,18.0,0.52
0.5,0,False,4.345397018496369,3000,sd,18.0,0.52
0.4,0,True,3.562266414796059,401,sis,18.0,0.52
0.6,0,True,3.562266414799695,327,sis,18.0,0.52
0.8,0,True,3.562266414826317,290,sis,18.0,0.52
1.0,0,True,3.5622664148671115,268,sis,18.0,0.52
0.4,30,True,3.5622664139840152,62,anderson_etd,18.0,0.53
0.6,30,True,3.56226641506757,57,anderson_etd,18.0,0.53
0.8,30,True,3.562266414770331,55,anderson_etd,18.0,0.53
1.0,30,True,3.56226641553425,54,anderson_etd,18.0,0.53
0.4,50,True,3.562266414307455,59,anderson_etd,18.0,0.53
0.6,50,True,3.562266415829246,56,anderson_etd,18.0,0.53
0.8,50,True,3.5622664144183984,55,anderson_etd,18.0,0.53
1.0,50,True,3.5622664129223844,55,anderson_etd,18.0,0.53
0.4,80,True,3.5622664123130257,64,anderson_etd,18.0,0.53
0.6,80,True,3.562266416654248,56,anderson_etd,18.0,0.53
0.8,80,True,3.5622664137194286,56,anderson_etd,18.0,0.53
1.0,80,True,3.562266415089253,56,anderson_etd,18.0,0.53
0.4,100,True,3.5622664123130257,64,anderson_etd,18.0,0.53
0.6,100,True,3.562266416654248,56,anderson_etd,18.0,0.53
0.8,100,True,3.5622664137194286,56,anderson_etd,18.0,0.53
1.0,100,True,3.562266415089253,56,anderson_etd,18.0,0.53
0.4,30,True,3.5622664151917327,74,anderson_sd,18.0,0.53
0.6,30,True,3.5622664152270005,76,anderson_sd,18.0,0.53
0.8,30,True,3.5622664148783825,76,anderson_sd,18.0,0.53
1.0,30,True,3.56226641595518,79,anderson_sd,18.0,0.53
0.4,50,True,3.562266414803296,72,anderson_sd,18.0,0.53
0.6,50,True,3.562266415041024,73,anderson_sd,18.0,0.53
0.8,50,True,3.562266414591964,73,anderson_sd,18.0,0.53
1.0,50,True,3.56226641594984,74,anderson_sd,18.0,0.53
0.4,80,True,3.562266413071354,72,anderson_sd,18.0,0.53
0.6,80,True,3.5622664157627577,75,anderson_sd,18.0,0.53
0.8,80,True,3.562266414589679,72,anderson_sd,18.0,0.53
1.0,80,True,3.5622664149446663,72,anderson_sd,18.0,0.53
0.4,100,True,3.562266413071354,72,anderson_sd,18.0,0.53
0.6,100,True,3.5622664157627577,75,anderson_sd,18.0,0.53
0.8,100,True,3.562266414589679,72,anderson_sd,18.0,0.53
1.0,100,True,3.5622664149446663,72,anderson_sd,18.0,0.53
0.4,30,True,3.562266413176045,68,anderson_sis,18.0,0.53
0.6,30,True,3.562266414625049,64,anderson_sis,18.0,0.53
0.8,30,True,3.56226641593568,62,anderson_sis,18.0,0.53
1.0,30,True,3.5622664148867065,61,anderson_sis,18.0,0.53
0.4,50,True,3.5622664137451503,64,anderson_sis,18.0,0.53
0.6,50,True,3.562266410736086,61,anderson_sis,18.0,0.53
0.8,50,True,3.5622664119541003,60,anderson_sis,18.0,0.53
1.0,50,True,3.5622664142262286,59,anderson_sis,18.0,0.53
0.4,80,True,3.5622664150906687,66,anderson_sis,18.0,0.53
0.6,80,True,3.562266415379315,62,anderson_sis,18.0,0.53
0.8,80,True,3.562266415775932,62,anderson_sis,18.0,0.53
1.0,80,True,3.5622664202597845,60,anderson_sis,18.0,0.53
0.4,100,True,3.5622664150906687,66,anderson_sis,18.0,0.53
0.6,100,True,3.562266415379315,62,anderson_sis,18.0,0.53
0.8,100,True,3.562266415775932,62,anderson_sis,18.0,0.53
1.0,100,True,3.5622664202597845,60,anderson_sis,18.0,0.53
0.4,0,True,3.5622664148133643,270,etd,18.0,0.53
0.6,0,True,3.5622664132260704,201,etd,18.0,0.53
0.8,0,True,3.5622664173850165,199,etd,18.0,0.53
1.0,0,True,3.562266417855211,223,etd,18.0,0.53
0.4,30,True,3.5622664154822434,103,ngmres_etd,18.0,0.53
0.6,30,True,3.562266415024665,99,ngmres_etd,18.0,0.53
0.8,30,True,3.562266415120459,97,ngmres_etd,18.0,0.53
1.0,30,True,3.5622664141215656,97,ngmres_etd,18.0,0.53
0.4,50,True,3.5622664147477128,99,ngmres_etd,18.0,0.53
0.6,50,True,3.562266414810379,95,ngmres_etd,18.0,0.53
0.8,50,True,3.562266414792566,93,ngmres_etd,18.0,0.53
1.0,50,True,3.562266414795748,91,ngmres_etd,18.0,0.53
0.4,80,True,3.5622664147477128,99,ngmres_etd,18.0,0.53
0.6,80,True,3.562266414810379,95,ngmres_etd,18.0,0.53
0.8,80,True,3.562266414792566,93,ngmres_etd,18.0,0.53
1.0,80,True,3.562266414795748,91,ngmres_etd,18.0,0.53
0.4,100,True,3.5622664147477128,99,ngmres_etd,18.0,0.53
0.6,100,True,3.562266414810379,95,ngmres_etd,18.0,0.53
0.8,100,True,3.562266414792566,93,ngmres_etd,18.0,0.53
1.0,100,True,3.562266414795748,91,ngmres_etd,18.0,0.53
0.4,30,True,3.5622664152755936,143,ngmres_sd,18.0,0.53
0.6,30,True,3.5622664151111527,143,ngmres_sd,18.0,0.53
0.8,30,True,3.562266414441132,145,ngmres_sd,18.0,0.53
1.0,30,True,3.5622664142717566,145,ngmres_sd,18.0,0.53
0.4,50,True,3.5622664148729584,137,ngmres_sd,18.0,0.53
0.6,50,True,3.5622664149073517,137,ngmres_sd,18.0,0.53
0.8,50,True,3.562266414922985,137,ngmres_sd,18.0,0.53
1.0,50,True,3.5622664149482333,137,ngmres_sd,18.0,0.53
0.4,80,True,3.5622664147587813,135,ngmres_sd,18.0,0.53
0.6,80,True,3.562266414812985,135,ngmres_sd,18.0,0.53
0.8,80,True,3.562266414851208,135,ngmres_sd,18.0,0.53
1.0,80,True,3.562266414874773,135,ngmres_sd,18.0,0.53
0.4,100,True,3.5622664147587813,135,ngmres_sd,18.0,0.53
0.6,100,True,3.562266414812985,135,ngmres_sd,18.0,0.53
0.8,100,True,3.562266414851208,135,ngmres_sd,18.0,0.53
1.0,100,True,3.562266414874773,135,ngmres_sd,18.0,0.53
0.4,30,True,3.562266414858141,103,ngmres_sis,18.0,0.53
0.6,30,True,3.562266415316789,99,ngmres_sis,18.0,0.53
0.8,30,True,3.5622664162102646,97,ngmres_sis,18.0,0.53
1.0,30,True,3.562266415506966,97,ngmres_sis,18.0,0.53
0.4,50,True,3.5622664146975005,97,ngmres_sis,18.0,0.53
0.6,50,True,3.5622664146159613,93,ngmres_sis,18.0,0.53
0.8,50,True,3.562266414676098,93,ngmres_sis,18.0,0.53
1.0,50,True,3.562266414771045,91,ngmres_sis,18.0,0.53
0.4,80,True,3.5622664146975005,97,ngmres_sis,18.0,0.53
0.6,80,True,3.5622664146159613,93,ngmres_sis,18.0,0.53
0.8,80,True,3.562266414676098,93,ngmres_sis,18.0,0.53
1.0,80,True,3.562266414771045,91,ngmres_sis,18.0,0.53
0.4,100,True,3.5622664146975005,97,ngmres_sis,18.0,0.53
0.6,100,True,3.5622664146159613,93,ngmres_sis,18.0,0.53
0.8,100,True,3.562266414676098,93,ngmres_sis,18.0,0.53
1.0,100,True,3.562266414771045,91,ngmres_sis,18.0,0.53
0.4,30,True,3.5622664145868512,152,oaccel_etd,18.0,0.53
0.6,30,True,3.5622664147508765,120,oaccel_etd,18.0,0.53
0.8,30,True,3.5622664152201544,112,oaccel_etd,18.0,0.53
1.0,30,True,3.562266414009997,116,oaccel_etd,18.0,0.53
0.4,50,True,3.5622664166567413,116,oaccel_etd,18.0,0.53
0.6,50,True,3.562266415118025,102,oaccel_etd,18.0,0.53
0.8,50,True,3.562266415039536,98,oaccel_etd,18.0,0.53
1.0,50,True,3.562266415175346,98,oaccel_etd,18.0,0.53
0.4,80,True,3.5622664151231547,108,oaccel_etd,18.0,0.53
0.6,80,True,3.562266415118025,102,oaccel_etd,18.0,0.53
0.8,80,True,3.562266415039536,98,oaccel_etd,18.0,0.53
1.0,80,True,3.562266415175346,98,oaccel_etd,18.0,0.53
0.4,100,True,3.5622664151231547,108,oaccel_etd,18.0,0.53
0.6,100,True,3.562266415118025,102,oaccel_etd,18.0,0.53
0.8,100,True,3.562266415039536,98,oaccel_etd,18.0,0.53
1.0,100,True,3.562266415175346,98,oaccel_etd,18.0,0.53
0.4,30,True,3.5622664146756744,612,oaccel_sd,18.0,0.53
0.6,30,True,3.5622664148296668,1172,oaccel_sd,18.0,0.53
0.8,30,True,3.562266414943868,288,oaccel_sd,18.0,0.53
1.0,30,True,3.5622664161069126,232,oaccel_sd,18.0,0.53
0.4,50,True,3.5622664171007283,162,oaccel_sd,18.0,0.53
0.6,50,True,3.5622664151936343,166,oaccel_sd,18.0,0.53
0.8,50,True,3.562266413297598,162,oaccel_sd,18.0,0.53
1.0,50,True,3.562266414797765,162,oaccel_sd,18.0,0.53
0.4,80,True,3.5622664154788586,144,oaccel_sd,18.0,0.53
0.6,80,True,3.562266415353456,144,oaccel_sd,18.0,0.53
0.8,80,True,3.562266415184721,144,oaccel_sd,18.0,0.53
1.0,80,True,3.562266415172812,144,oaccel_sd,18.0,0.53
0.4,100,True,3.5622664154788586,144,oaccel_sd,18.0,0.53
0.6,100,True,3.562266415353456,144,oaccel_sd,18.0,0.53
0.8,100,True,3.562266415184721,144,oaccel_sd,18.0,0.53
1.0,100,True,3.562266415172812,144,oaccel_sd,18.0,0.53
0.4,30,True,3.5622664174649854,140,oaccel_sis,18.0,0.53
0.6,30,True,3.562266415892997,126,oaccel_sis,18.0,0.53
0.8,30,True,3.5622664136847817,120,oaccel_sis,18.0,0.53
1.0,30,True,3.56226641621432,116,oaccel_sis,18.0,0.53
0.4,50,True,3.5622664119173058,108,oaccel_sis,18.0,0.53
0.6,50,True,3.562266415096974,104,oaccel_sis,18.0,0.53
0.8,50,True,3.562266415100006,102,oaccel_sis,18.0,0.53
1.0,50,True,3.5622664151558707,102,oaccel_sis,18.0,0.53
0.4,80,True,3.5622664150935828,108,oaccel_sis,18.0,0.53
0.6,80,True,3.5622664150670618,104,oaccel_sis,18.0,0.53
0.8,80,True,3.562266415100006,102,oaccel_sis,18.0,0.53
1.0,80,True,3.5622664151558707,102,oaccel_sis,18.0,0.53
0.4,100,True,3.5622664150935828,108,oaccel_sis,18.0,0.53
0.6,100,True,3.5622664150670618,104,oaccel_sis,18.0,0.53
0.8,100,True,3.562266415100006,102,oaccel_sis,18.0,0.53
1.0,100,True,3.5622664151558707,102,oaccel_sis,18.0,0.53
0.2,0,True,3.56226641479522,443,sd,18.0,0.53
0.3,0,True,3.5622664147975858,294,sd,18.0,0.53
0.4,0,True,3.5622664148044683,220,sd,18.0,0.53
0.5,0,False,4.367556345045784,3000,sd,18.0,0.53
0.4,0,True,3.562266414801538,403,sis,18.0,0.53
0.6,0,True,3.562266414805518,329,sis,18.0,0.53
0.8,0,True,3.562266414835001,292,sis,18.0,0.53
1.0,0,True,3.5622664149040766,270,sis,18.0,0.53
0.4,30,True,3.5622664147122496,63,anderson_etd,18.0,0.54
0.6,30,True,3.562266414809672,57,anderson_etd,18.0,0.54
0.8,30,True,3.562266415279887,56,anderson_etd,18.0,0.54
1.0,30,True,3.562266415205536,55,anderson_etd,18.0,0.54
0.4,50,True,3.562266413976117,61,anderson_etd,18.0,0.54
0.6,50,True,3.562266416104473,56,anderson_etd,18.0,0.54
0.8,50,True,3.5622664163712434,56,anderson_etd,18.0,0.54
1.0,50,True,3.5622664130791053,55,anderson_etd,18.0,0.54
0.4,80,True,3.562266412848837,64,anderson_etd,18.0,0.54
0.6,80,True,3.5622664165936966,56,anderson_etd,18.0,0.54
0.8,80,True,3.5622664172206333,57,anderson_etd,18.0,0.54
1.0,80,True,3.5622664126612484,56,anderson_etd,18.0,0.54
0.4,100,True,3.562266412848837,64,anderson_etd,18.0,0.54
0.6,100,True,3.5622664165936966,56,anderson_etd,18.0,0.54
0.8,100,True,3.5622664172206333,57,anderson_etd,18.0,0.54
1.0,100,True,3.5622664126612484,56,anderson_etd,18.0,0.54
0.4,30,True,3.562266414257693,76,anderson_sd,18.0,0.54
0.6,30,True,3.562266415459555,77,anderson_sd,18.0,0.54
0.8,30,True,3.5622664154477066,79,anderson_sd,18.0,0.54
1.0,30,True,3.5622664149050216,80,anderson_sd,18.0,0.54
0.4,50,True,3.562266414955628,74,anderson_sd,18.0,0.54
0.6,50,True,3.5622664145831875,74,anderson_sd,18.0,0.54
0.8,50,True,3.562266414382246,74,anderson_sd,18.0,0.54
1.0,50,True,3.562266415850374,75,anderson_sd,18.0,0.54
0.4,80,True,3.562266416047025,77,anderson_sd,18.0,0.54
0.6,80,True,3.5622664162288364,76,anderson_sd,18.0,0.54
0.8,80,True,3.562266416684201,74,anderson_sd,18.0,0.54
1.0,80,True,3.5622664148225462,74,anderson_sd,18.0,0.54
0.4,100,True,3.562266416047025,77,anderson_sd,18.0,0.54
0.6,100,True,3.5622664162288364,76,anderson_sd,18.0,0.54
0.8,100,True,3.562266416684201,74,anderson_sd,18.0,0.54
1.0,100,True,3.5622664148225462,74,anderson_sd,18.0,0.54
0.4,30,True,3.562266415515153,70,anderson_sis,18.0,0.54
0.6,30,True,3.5622664142893257,66,anderson_sis,18.0,0.54
0.8,30,True,3.562266414872492,62,anderson_sis,18.0,0.54
1.0,30,True,3.562266415566405,61,anderson_sis,18.0,0.54
0.4,50,True,3.5622664146265777,65,anderson_sis,18.0,0.54
0.6,50,True,3.5622664153248245,62,anderson_sis,18.0,0.54
0.8,50,True,3.5622664113105493,60,anderson_sis,18.0,0.54
1.0,50,True,3.5622664144316767,60,anderson_sis,18.0,0.54
0.4,80,True,3.5622664139131226,68,anderson_sis,18.0,0.54
0.6,80,True,3.562266413538703,65,anderson_sis,18.0,0.54
0.8,80,True,3.5622664101911985,62,anderson_sis,18.0,0.54
1.0,80,True,3.5622664124783068,61,anderson_sis,18.0,0.54
0.4,100,True,3.5622664139131226,68,anderson_sis,18.0,0.54
0.6,100,True,3.562266413538703,65,anderson_sis,18.0,0.54
0.8,100,True,3.5622664101911985,62,anderson_sis,18.0,0.54
1.0,100,True,3.5622664124783068,61,anderson_sis,18.0,0.54
0.4,0,True,3.562266414817314,272,etd,18.0,0.54
0.6,0,True,3.562266413224096,202,etd,18.0,0.54
0.8,0,True,3.5622664124233365,206,etd,18.0,0.54
1.0,0,True,3.5622664171829026,224,etd,18.0,0.54
0.4,30,True,3.562266415057377,107,ngmres_etd,18.0,0.54
0.6,30,True,3.562266413542365,101,ngmres_etd,18.0,0.54
0.8,30,True,3.56226641494736,99,ngmres_etd,18.0,0.54
1.0,30,True,3.562266415531933,99,ngmres_etd,18.0,0.54
0.4,50,True,3.562266414199951,101,ngmres_etd,18.0,0.54
0.6,50,True,3.562266414565564,95,ngmres_etd,18.0,0.54
0.8,50,True,3.562266414942997,95,ngmres_etd,18.0,0.54
1.0,50,True,3.5622664149865617,93,ngmres_etd,18.0,0.54
0.4,80,True,3.562266414352301,101,ngmres_etd,18.0,0.54
0.6,80,True,3.562266414565564,95,ngmres_etd,18.0,0.54
0.8,80,True,3.562266414942997,95,ngmres_etd,18.0,0.54
1.0,80,True,3.5622664149865617,93,ngmres_etd,18.0,0.54
0.4,100,True,3.562266414352301,101,ngmres_etd,18.0,0.54
0.6,100,True,3.562266414565564,95,ngmres_etd,18.0,0.54
0.8,100,True,3.562266414942997,95,ngmres_etd,18.0,0.54
1.0,100,True,3.5622664149865617,93,ngmres_etd,18.0,0.54
0.4,30,True,3.56226641466265,145,ngmres_sd,18.0,0.54
0.6,30,True,3.562266414847471,147,ngmres_sd,18.0,0.54
0.8,30,True,3.562266415126091,147,ngmres_sd,18.0,0.54
1.0,30,True,3.56226641521678,147,ngmres_sd,18.0,0.54
0.4,50,True,3.562266414941641,139,ngmres_sd,18.0,0.54
0.6,50,True,3.5622664153594696,139,ngmres_sd,18.0,0.54
0.8,50,True,3.562266415763002,139,ngmres_sd,18.0,0.54
1.0,50,True,3.562266415550212,137,ngmres_sd,18.0,0.54
0.4,80,True,3.5622664147251486,135,ngmres_sd,18.0,0.54
0.6,80,True,3.5622664148396064,135,ngmres_sd,18.0,0.54
0.8,80,True,3.5622664149238794,135,ngmres_sd,18.0,0.54
1.0,80,True,3.5622664149565946,135,ngmres_sd,18.0,0.54
0.4,100,True,3.5622664147251486,135,ngmres_sd,18.0,0.54
0.6,100,True,3.5622664148396064,135,ngmres_sd,18.0,0.54
0.8,100,True,3.5622664149238794,135,ngmres_sd,18.0,0.54
1.0,100,True,3.5622664149565946,135,ngmres_sd,18.0,0.54
0.4,30,True,3.5622664150380103,103,ngmres_sis,18.0,0.54
0.6,30,True,3.562266415479465,101,ngmres_sis,18.0,0.54
0.8,30,True,3.5622664142419564,99,ngmres_sis,18.0,0.54
1.0,30,True,3.5622664137848448,97,ngmres_sis,18.0,0.54
0.4,50,True,3.562266414366431,101,ngmres_sis,18.0,0.54
0.6,50,True,3.562266414617418,97,ngmres_sis,18.0,0.54
0.8,50,True,3.562266414690897,95,ngmres_sis,18.0,0.54
1.0,50,True,3.5622664148661665,93,ngmres_sis,18.0,0.54
0.4,80,True,3.5622664144327407,101,ngmres_sis,18.0,0.54
0.6,80,True,3.562266414617418,97,ngmres_sis,18.0,0.54
0.8,80,True,3.562266414690897,95,ngmres_sis,18.0,0.54
1.0,80,True,3.5622664148661665,93,ngmres_sis,18.0,0.54
0.4,100,True,3.5622664144327407,101,ngmres_sis,18.0,0.54
0.6,100,True,3.562266414617418,97,ngmres_sis,18.0,0.54
0.8,100,True,3.562266414690897,95,ngmres_sis,18.0,0.54
1.0,100,True,3.5622664148661665,93,ngmres_sis,18.0,0.54
0.4,30,True,3.5622664130265944,140,oaccel_etd,18.0,0.54
0.6,30,True,3.5622664161987645,136,oaccel_etd,18.0,0.54
0.8,30,True,3.5622664163510454,124,oaccel_etd,18.0,0.54
1.0,30,True,3.5622664168044533,120,oaccel_etd,18.0,0.54
0.4,50,True,3.5622664153023296,116,oaccel_etd,18.0,0.54
0.6,50,True,3.562266414938623,106,oaccel_etd,18.0,0.54
0.8,50,True,3.562266415299386,104,oaccel_etd,18.0,0.54
1.0,50,True,3.5622664152731502,102,oaccel_etd,18.0,0.54
0.4,80,True,3.562266414895284,110,oaccel_etd,18.0,0.54
0.6,80,True,3.562266414965457,106,oaccel_etd,18.0,0.54
0.8,80,True,3.5622664153152783,104,oaccel_etd,18.0,0.54
1.0,80,True,3.5622664152731502,102,oaccel_etd,18.0,0.54
0.4,100,True,3.562266414895284,110,oaccel_etd,18.0,0.54
0.6,100,True,3.562266414965457,106,oaccel_etd,18.0,0.54
0.8,100,True,3.5622664153152783,104,oaccel_etd,18.0,0.54
1.0,100,True,3.5622664152731502,102,oaccel_etd,18.0,0.54
0.4,30,True,3.5622664180978507,1486,oaccel_sd,18.0,0.54
0.6,30,True,3.562266415123186,1106,oaccel_sd,18.0,0.54
0.8,30,True,3.562266414526616,400,oaccel_sd,18.0,0.54
1.0,30,True,3.5622664175116308,234,oaccel_sd,18.0,0.54
0.4,50,True,3.562266413824731,168,oaccel_sd,18.0,0.54
0.6,50,True,3.5622664139863485,168,oaccel_sd,18.0,0.54
0.8,50,True,3.562266414013344,166,oaccel_sd,18.0,0.54
1.0,50,True,3.562266414743405,164,oaccel_sd,18.0,0.54
0.4,80,True,3.562266414591747,146,oaccel_sd,18.0,0.54
0.6,80,True,3.562266414668429,146,oaccel_sd,18.0,0.54
0.8,80,True,3.5622664147925454,146,oaccel_sd,18.0,0.54
1.0,80,True,3.5622664149491543,146,oaccel_sd,18.0,0.54
0.4,100,True,3.562266414591747,146,oaccel_sd,18.0,0.54
0.6,100,True,3.562266414668429,146,oaccel_sd,18.0,0.54
0.8,100,True,3.5622664147925454,146,oaccel_sd,18.0,0.54
1.0,100,True,3.5622664149491543,146,oaccel_sd,18.0,0.54
0.4,30,True,3.5622664157339887,132,oaccel_sis,18.0,0.54
0.6,30,True,3.562266414215273,128,oaccel_sis,18.0,0.54
0.8,30,True,3.562266415377173,120,oaccel_sis,18.0,0.54
1.0,30,True,3.562266414775988,124,oaccel_sis,18.0,0.54
0.4,50,True,3.562266414406433,108,oaccel_sis,18.0,0.54
0.6,50,True,3.562266415176928,106,oaccel_sis,18.0,0.54
0.8,50,True,3.562266415308586,102,oaccel_sis,18.0,0.54
1.0,50,True,3.562266415345989,102,oaccel_sis,18.0,0.54
0.4,80,True,3.5622664150493177,108,oaccel_sis,18.0,0.54
0.6,80,True,3.5622664150892938,106,oaccel_sis,18.0,0.54
0.8,80,True,3.562266415308586,102,oaccel_sis,18.0,0.54
1.0,80,True,3.562266415345989,102,oaccel_sis,18.0,0.54
0.4,100,True,3.5622664150493177,108,oaccel_sis,18.0,0.54
0.6,100,True,3.5622664150892938,106,oaccel_sis,18.0,0.54
0.8,100,True,3.562266415308586,102,oaccel_sis,18.0,0.54
1.0,100,True,3.562266415345989,102,oaccel_sis,18.0,0.54
0.2,0,True,3.562266414804327,447,sd,18.0,0.54
0.3,0,True,3.562266414809097,297,sd,18.0,0.54
0.4,0,True,3.562266414813239,222,sd,18.0,0.54
0.5,0,False,4.242170107248634,3000,sd,18.0,0.54
0.4,0,True,3.562266414806848,406,sis,18.0,0.54
0.6,0,True,3.562266414811236,332,sis,18.0,0.54
0.8,0,True,3.562266414829403,295,sis,18.0,0.54
1.0,0,True,3.562266414906868,273,sis,18.0,0.54
0.4,30,True,3.5622664138610887,64,anderson_etd,18.0,0.55
0.6,30,True,3.5622664150626555,57,anderson_etd,18.0,0.55
0.8,30,True,3.562266415449617,57,anderson_etd,18.0,0.55
1.0,30,True,3.562266414204439,57,anderson_etd,18.0,0.55
0.4,50,True,3.5622664139782856,62,anderson_etd,18.0,0.55
0.6,50,True,3.562266414179728,58,anderson_etd,18.0,0.55
0.8,50,True,3.5622664155175485,56,anderson_etd,18.0,0.55
1.0,50,True,3.562266415066768,56,anderson_etd,18.0,0.55
0.4,80,True,3.5622664134079853,63,anderson_etd,18.0,0.55
0.6,80,True,3.562266413130276,58,anderson_etd,18.0,0.55
0.8,80,True,3.562266414059449,58,anderson_etd,18.0,0.55
1.0,80,True,3.562266418302058,56,anderson_etd,18.0,0.55
0.4,100,True,3.5622664134079853,63,anderson_etd,18.0,0.55
0.6,100,True,3.562266413130276,58,anderson_etd,18.0,0.55
0.8,100,True,3.562266414059449,58,anderson_etd,18.0,0.55
1.0,100,True,3.562266418302058,56,anderson_etd,18.0,0.55
0.4,30,True,3.5622664140650158,77,anderson_sd,18.0,0.55
0.6,30,True,3.562266413853786,78,anderson_sd,18.0,0.55
0.8,30,True,3.5622664157061683,78,anderson_sd,18.0,0.55
1.0,30,True,3.562266414511541,80,anderson_sd,18.0,0.55
0.4,50,True,3.562266414810664,75,anderson_sd,18.0,0.55
0.6,50,True,3.56226641431558,75,anderson_sd,18.0,0.55
0.8,50,True,3.5622664142072864,75,anderson_sd,18.0,0.55
1.0,50,True,3.562266414251812,76,anderson_sd,18.0,0.55
0.4,80,True,3.562266416408697,77,anderson_sd,18.0,0.55
0.6,80,True,3.562266416973955,76,anderson_sd,18.0,0.55
0.8,80,True,3.562266415797602,74,anderson_sd,18.0,0.55
1.0,80,True,3.562266415173778,75,anderson_sd,18.0,0.55
0.4,100,True,3.562266416408697,77,anderson_sd,18.0,0.55
0.6,100,True,3.562266416973955,76,anderson_sd,18.0,0.55
0.8,100,True,3.562266415797602,74,anderson_sd,18.0,0.55
1.0,100,True,3.562266415173778,75,anderson_sd,18.0,0.55
0.4,30,True,3.562266414265129,69,anderson_sis,18.0,0.55
0.6,30,True,3.5622664151161967,66,anderson_sis,18.0,0.55
0.8,30,True,3.56226641504281,62,anderson_sis,18.0,0.55
1.0,30,True,3.5622664149770022,61,anderson_sis,18.0,0.55
0.4,50,True,3.5622664149121235,67,anderson_sis,18.0,0.55
0.6,50,True,3.5622664149406384,63,anderson_sis,18.0,0.55
0.8,50,True,3.5622664135789703,61,anderson_sis,18.0,0.55
1.0,50,True,3.5622664115026232,60,anderson_sis,18.0,0.55
0.4,80,True,3.5622664141362312,69,anderson_sis,18.0,0.55
0.6,80,True,3.5622664129807644,64,anderson_sis,18.0,0.55
0.8,80,True,3.5622664131146093,62,anderson_sis,18.0,0.55
1.0,80,True,3.5622664156741117,61,anderson_sis,18.0,0.55
0.4,100,True,3.5622664141362312,69,anderson_sis,18.0,0.55
0.6,100,True,3.5622664129807644,64,anderson_sis,18.0,0.55
0.8,100,True,3.5622664131146093,62,anderson_sis,18.0,0.55
1.0,100,True,3.5622664156741117,61,anderson_sis,18.0,0.55
0.4,0,True,3.5622664148206376,275,etd,18.0,0.55
0.6,0,True,3.56226641430292,204,etd,18.0,0.55
0.8,0,True,3.5622664118242,206,etd,18.0,0.55
1.0,0,True,3.5622664176948198,224,etd,18.0,0.55
0.4,30,True,3.562266414182642,107,ngmres_etd,18.0,0.55
0.6,30,True,3.5622664143010168,101,ngmres_etd,18.0,0.55
0.8,30,True,3.5622664155103374,101,ngmres_etd,18.0,0.55
1.0,30,True,3.562266415023708,101,ngmres_etd,18.0,0.55
0.4,50,True,3.56226641449506,103,ngmres_etd,18.0,0.55
0.6,50,True,3.562266414463473,97,ngmres_etd,18.0,0.55
0.8,50,True,3.5622664147255474,95,ngmres_etd,18.0,0.55
1.0,50,True,3.5622664150228154,95,ngmres_etd,18.0,0.55
0.4,80,True,3.5622664145051037,103,ngmres_etd,18.0,0.55
0.6,80,True,3.562266414463473,97,ngmres_etd,18.0,0.55
0.8,80,True,3.5622664147255474,95,ngmres_etd,18.0,0.55
1.0,80,True,3.5622664150228154,95,ngmres_etd,18.0,0.55
0.4,100,True,3.5622664145051037,103,ngmres_etd,18.0,0.55
0.6,100,True,3.562266414463473,97,ngmres_etd,18.0,0.55
0.8,100,True,3.5622664147255474,95,ngmres_etd,18.0,0.55
1.0,100,True,3.5622664150228154,95,ngmres_etd,18.0,0.55
0.4,30,True,3.5622664137770634,147,ngmres_sd,18.0,0.55
0.6,30,True,3.562266414627385,147,ngmres_sd,18.0,0.55
0.8,30,True,3.562266415388128,149,ngmres_sd,18.0,0.55
1.0,30,True,3.5622664154567003,147,ngmres_sd,18.0,0.55
0.4,50,True,3.562266415347099,141,ngmres_sd,18.0,0.55
0.6,50,True,3.562266415639943,141,ngmres_sd,18.0,0.55
0.8,50,True,3.5622664158681614,143,ngmres_sd,18.0,0.55
1.0,50,True,3.5622664154021235,141,ngmres_sd,18.0,0.55
0.4,80,True,3.562266414943685,137,ngmres_sd,18.0,0.55
0.6,80,True,3.562266414979232,137,ngmres_sd,18.0,0.55
0.8,80,True,3.562266414973905,137,ngmres_sd,18.0,0.55
1.0,80,True,3.562266414920633,137,ngmres_sd,18.0,0.55
0.4,100,True,3.562266414943685,137,ngmres_sd,18.0,0.55
0.6,100,True,3.562266414979232,137,ngmres_sd,18.0,0.55
0.8,100,True,3.562266414973905,137,ngmres_sd,18.0,0.55
1.0,100,True,3.562266414920633,137,ngmres_sd,18.0,0.55
0.4,30,True,3.562266413816565,105,ngmres_sis,18.0,0.55
0.6,30,True,3.5622664136425906,103,ngmres_sis,18.0,0.55
0.8,30,True,3.5622664137213,101,ngmres_sis,18.0,0.55
1.0,30,True,3.5622664140753457,99,ngmres_sis,18.0,0.55
0.4,50,True,3.562266414253508,101,ngmres_sis,18.0,0.55
0.6,50,True,3.5622664146293586,97,ngmres_sis,18.0,0.55
0.8,50,True,3.562266414624065,95,ngmres_sis,18.0,0.55
1.0,50,True,3.5622664147871657,93,ngmres_sis,18.0,0.55
0.4,80,True,3.562266414332319,101,ngmres_sis,18.0,0.55
0.6,80,True,3.5622664146293586,97,ngmres_sis,18.0,0.55
0.8,80,True,3.562266414624065,95,ngmres_sis,18.0,0.55
1.0,80,True,3.5622664147871657,93,ngmres_sis,18.0,0.55
0.4,100,True,3.562266414332319,101,ngmres_sis,18.0,0.55
0.6,100,True,3.5622664146293586,97,ngmres_sis,18.0,0.55
0.8,100,True,3.562266414624065,95,ngmres_sis,18.0,0.55
1.0,100,True,3.5622664147871657,93,ngmres_sis,18.0,0.55
0.4,30,True,3.562266415477968,136,oaccel_etd,18.0,0.55
0.6,30,True,3.562266416362057,138,oaccel_etd,18.0,0.55
0.8,30,True,3.562266415253592,158,oaccel_etd,18.0,0.55
1.0,30,True,3.5622664166509197,142,oaccel_etd,18.0,0.55
0.4,50,True,3.562266416963473,114,oaccel_etd,18.0,0.55
0.6,50,True,3.562266412283562,108,oaccel_etd,18.0,0.55
0.8,50,True,3.562266415256797,104,oaccel_etd,18.0,0.55
1.0,50,True,3.562266414909791,102,oaccel_etd,18.0,0.55
0.4,80,True,3.56226641535255,112,oaccel_etd,18.0,0.55
0.6,80,True,3.562266415266138,108,oaccel_etd,18.0,0.55
0.8,80,True,3.562266415288213,104,oaccel_etd,18.0,0.55
1.0,80,True,3.562266414909791,102,oaccel_etd,18.0,0.55
0.4,100,True,3.56226641535255,112,oaccel_etd,18.0,0.55
0.6,100,True,3.562266415266138,108,oaccel_etd,18.0,0.55
0.8,100,True,3.562266415288213,104,oaccel_etd,18.0,0.55
1.0,100,True,3.562266414909791,102,oaccel_etd,18.0,0.55
0.4,30,True,3.5622664145710576,1434,oaccel_sd,18.0,0.55
0.6,30,True,3.5622664157016777,296,oaccel_sd,18.0,0.55
0.8,30,True,3.562266415685849,1058,oaccel_sd,18.0,0.55
1.0,30,True,3.562266414159612,1170,oaccel_sd,18.0,0.55
0.4,50,True,3.562266414958,174,oaccel_sd,18.0,0.55
0.6,50,True,3.562266415650466,174,oaccel_sd,18.0,0.55
0.8,50,True,3.562266414754724,172,oaccel_sd,18.0,0.55
1.0,50,True,3.5622664146630934,170,oaccel_sd,18.0,0.55
0.4,80,True,3.5622664148872607,148,oaccel_sd,18.0,0.55
0.6,80,True,3.5622664149960297,148,oaccel_sd,18.0,0.55
0.8,80,True,3.5622664150531804,148,oaccel_sd,18.0,0.55
1.0,80,True,3.5622664150522088,148,oaccel_sd,18.0,0.55
0.4,100,True,3.5622664148872607,148,oaccel_sd,18.0,0.55
0.6,100,True,3.5622664149960297,148,oaccel_sd,18.0,0.55
0.8,100,True,3.5622664150531804,148,oaccel_sd,18.0,0.55
1.0,100,True,3.5622664150522088,148,oaccel_sd,18.0,0.55
0.4,30,True,3.5622664149702,128,oaccel_sis,18.0,0.55
0.6,30,True,3.5622664126048367,132,oaccel_sis,18.0,0.55
0.8,30,True,3.5622664155478168,124,oaccel_sis,18.0,0.55
1.0,30,True,3.56226641387358,126,oaccel_sis,18.0,0.55
0.4,50,True,3.5622664135720647,116,oaccel_sis,18.0,0.55
0.6,50,True,3.562266414933416,106,oaccel_sis,18.0,0.55
0.8,50,True,3.562266415152063,104,oaccel_sis,18.0,0.55
1.0,50,True,3.5622664152345687,102,oaccel_sis,18.0,0.55
0.4,80,True,3.562266414962073,110,oaccel_sis,18.0,0.55
0.6,80,True,3.562266414893693,106,oaccel_sis,18.0,0.55
0.8,80,True,3.562266414790748,104,oaccel_sis,18.0,0.55
1.0,80,True,3.5622664152345687,102,oaccel_sis,18.0,0.55
0.4,100,True,3.562266414962073,110,oaccel_sis,18.0,0.55
0.6,100,True,3.562266414893693,106,oaccel_sis,18.0,0.55
0.8,100,True,3.562266414790748,104,oaccel_sis,18.0,0.55
1.0,100,True,3.5622664152345687,102,oaccel_sis,18.0,0.55
0.2,0,True,3.562266414810308,451,sd,18.0,0.55
0.3,0,True,3.562266414809943,299,sd,18.0,0.55
0.4,0,True,3.562266414809173,223,sd,18.0,0.55
0.5,0,False,4.214513342679642,3000,sd,18.0,0.55
0.4,0,True,3.5622664148148644,410,sis,18.0,0.55
0.6,0,True,3.5622664148158245,335,sis,18.0,0.55
0.8,0,True,3.562266414817236,298,sis,18.0,0.55
1.0,0,True,3.562266414864252,276,sis,18.0,0.55
0.4,30,True,3.5622664147629832,59,anderson_etd,18.0,0.5
0.6,30,True,3.5622664150877235,55,anderson_etd,18.0,0.5
0.8,30,True,3.562266415082748,53,anderson_etd,18.0,0.5
1.0,30,True,3.562266415013044,52,anderson_etd,18.0,0.5
0.4,50,True,3.562266415515957,60,anderson_etd,18.0,0.5
0.6,50,True,3.562266417811715,55,anderson_etd,18.0,0.5
0.8,50,True,3.5622664147786534,55,anderson_etd,18.0,0.5
1.0,50,True,3.562266416010579,55,anderson_etd,18.0,0.5
0.4,80,True,3.562266419124442,60,anderson_etd,18.0,0.5
0.6,80,True,3.5622664165682343,58,anderson_etd,18.0,0.5
0.8,80,True,3.5622664128222903,56,anderson_etd,18.0,0.5
1.0,80,True,3.5622664157104653,54,anderson_etd,18.0,0.5
0.4,100,True,3.562266419124442,60,anderson_etd,18.0,0.5
0.6,100,True,3.5622664165682343,58,anderson_etd,18.0,0.5
0.8,100,True,3.5622664128222903,56,anderson_etd,18.0,0.5
1.0,100,True,3.5622664157104653,54,anderson_etd,18.0,0.5
0.4,30,True,3.5622664141336875,73,anderson_sd,18.0,0.5
0.6,30,True,3.562266413874478,72,anderson_sd,18.0,0.5
0.8,30,True,3.5622664150923398,73,anderson_sd,18.0,0.5
1.0,30,True,3.562266415256974,73,anderson_sd,18.0,0.5
0.4,50,True,3.562266414699783,71,anderson_sd,18.0,0.5
0.6,50,True,3.562266415628548,70,anderson_sd,18.0,0.5
0.8,50,True,3.562266414090597,69,anderson_sd,18.0,0.5
1.0,50,True,3.5622664150262624,70,anderson_sd,18.0,0.5
0.4,80,True,3.562266415859086,76,anderson_sd,18.0,0.5
0.6,80,True,3.562266412224707,71,anderson_sd,18.0,0.5
0.8,80,True,3.5622664146553937,70,anderson_sd,18.0,0.5
1.0,80,True,3.5622664135495024,70,anderson_sd,18.0,0.5
0.4,100,True,3.562266415859086,76,anderson_sd,18.0,0.5
0.6,100,True,3.562266412224707,71,anderson_sd,18.0,0.5
0.8,100,True,3.5622664146553937,70,anderson_sd,18.0,0.5
1.0,100,True,3.5622664135495024,70,anderson_sd,18.0,0.5
0.4,30,True,3.562266415064234,65,anderson_sis,18.0,0.5
0.6,30,True,3.5622664145643874,60,anderson_sis,18.0,0.5
0.8,30,True,3.562266414688854,59,anderson_sis,18.0,0.5
1.0,30,True,3.562266415691333,60,anderson_sis,18.0,0.5
0.4,50,True,3.562266415451361,65,anderson_sis,18.0,0.5
0.6,50,True,3.5622664146286604,62,anderson_sis,18.0,0.5
0.8,50,True,3.562266414720474,60,anderson_sis,18.0,0.5
1.0,50,True,3.562266414082516,57,anderson_sis,18.0,0.5
0.4,80,True,3.5622664141052915,74,anderson_sis,18.0,0.5
0.6,80,True,3.5622664138872944,62,anderson_sis,18.0,0.5
0.8,80,True,3.5622664106120308,60,anderson_sis,18.0,0.5
1.0,80,True,3.56226641257758,60,anderson_sis,18.0,0.5
0.4,100,True,3.5622664141052915,74,anderson_sis,18.0,0.5
0.6,100,True,3.5622664138872944,62,anderson_sis,18.0,0.5
0.8,100,True,3.5622664106120308,60,anderson_sis,18.0,0.5
1.0,100,True,3.56226641257758,60,anderson_sis,18.0,0.5
0.4,0,True,3.562266414803932,270,etd,18.0,0.5
0.6,0,True,3.562266414303944,197,etd,18.0,0.5
0.8,0,True,3.562266418022736,181,etd,18.0,0.5
1.0,0,True,3.562266417050246,195,etd,18.0,0.5
0.4,30,True,3.5622664142747285,101,ngmres_etd,18.0,0.5
0.6,30,True,3.5622664150196366,101,ngmres_etd,18.0,0.5
0.8,30,True,3.5622664149476355,103,ngmres_etd,18.0,0.5
1.0,30,True,3.5622664146063023,105,ngmres_etd,18.0,0.5
0.4,50,True,3.562266415078903,97,ngmres_etd,18.0,0.5
0.6,50,True,3.562266414625048,97,ngmres_etd,18.0,0.5
0.8,50,True,3.5622664148541654,99,ngmres_etd,18.0,0.5
1.0,50,True,3.5622664148832603,101,ngmres_etd,18.0,0.5
0.4,80,True,3.562266415078903,97,ngmres_etd,18.0,0.5
0.6,80,True,3.562266414625048,97,ngmres_etd,18.0,0.5
0.8,80,True,3.5622664148541654,99,ngmres_etd,18.0,0.5
1.0,80,True,3.5622664148382395,101,ngmres_etd,18.0,0.5
0.4,100,True,3.562266415078903,97,ngmres_etd,18.0,0.5
0.6,100,True,3.562266414625048,97,ngmres_etd,18.0,0.5
0.8,100,True,3.5622664148541654,99,ngmres_etd,18.0,0.5
1.0,100,True,3.5622664148382395,101,ngmres_etd,18.0,0.5
0.4,30,True,3.5622664148769907,137,ngmres_sd,18.0,0.5
0.6,30,True,3.56226641487804,137,ngmres_sd,18.0,0.5
0.8,30,True,3.56226641485728,137,ngmres_sd,18.0,0.5
1.0,30,True,3.5622664148150878,137,ngmres_sd,18.0,0.5
0.4,50,True,3.5622664141377367,131,ngmres_sd,18.0,0.5
0.6,50,True,3.5622664141340765,131,ngmres_sd,18.0,0.5
0.8,50,True,3.562266414111732,131,ngmres_sd,18.0,0.5
1.0,50,True,3.562266414077678,131,ngmres_sd,18.0,0.5
0.4,80,True,3.562266415139721,129,ngmres_sd,18.0,0.5
0.6,80,True,3.562266415138983,129,ngmres_sd,18.0,0.5
0.8,80,True,3.5622664151382013,129,ngmres_sd,18.0,0.5
1.0,80,True,3.5622664151373016,129,ngmres_sd,18.0,0.5
0.4,100,True,3.562266415139721,129,ngmres_sd,18.0,0.5
0.6,100,True,3.562266415138983,129,ngmres_sd,18.0,0.5
0.8,100,True,3.5622664151382013,129,ngmres_sd,18.0,0.5
1.0,100,True,3.5622664151373016,129,ngmres_sd,18.0,0.5
0.4,30,True,3.5622664146625853,101,ngmres_sis,18.0,0.5
0.6,30,True,3.56226641524829,99,ngmres_sis,18.0,0.5
0.8,30,True,3.562266414565258,99,ngmres_sis,18.0,0.5
1.0,30,True,3.562266415196114,97,ngmres_sis,18.0,0.5
0.4,50,True,3.5622664149678007,95,ngmres_sis,18.0,0.5
0.6,50,True,3.562266414675382,95,ngmres_sis,18.0,0.5
0.8,50,True,3.5622664147388727,93,ngmres_sis,18.0,0.5
1.0,50,True,3.5622664148387893,93,ngmres_sis,18.0,0.5
0.4,80,True,3.5622664149678007,95,ngmres_sis,18.0,0.5
0.6,80,True,3.562266414675382,95,ngmres_sis,18.0,0.5
0.8,80,True,3.5622664147388727,93,ngmres_sis,18.0,0.5
1.0,80,True,3.5622664148387893,93,ngmres_sis,18.0,0.5
0.4,100,True,3.5622664149678007,95,ngmres_sis,18.0,0.5
0.6,100,True,3.562266414675382,95,ngmres_sis,18.0,0.5
0.8,100,True,3.5622664147388727,93,ngmres_sis,18.0,0.5
1.0,100,True,3.5622664148387893,93,ngmres_sis,18.0,0.5
0.4,30,True,3.562266414113308,128,oaccel_etd,18.0,0.5
0.6,30,True,3.5622664148791703,146,oaccel_etd,18.0,0.5
0.8,30,True,3.5622664158853325,122,oaccel_etd,18.0,0.5
1.0,30,True,3.562266415644342,126,oaccel_etd,18.0,0.5
0.4,50,True,3.562266416439712,106,oaccel_etd,18.0,0.5
0.6,50,True,3.5622664149984864,100,oaccel_etd,18.0,0.5
0.8,50,True,3.5622664150228456,102,oaccel_etd,18.0,0.5
1.0,50,True,3.562266415029213,96,oaccel_etd,18.0,0.5
0.4,80,True,3.5622664150586942,106,oaccel_etd,18.0,0.5
0.6,80,True,3.5622664149984864,100,oaccel_etd,18.0,0.5
0.8,80,True,3.5622664150228456,102,oaccel_etd,18.0,0.5
1.0,80,True,3.562266415029213,96,oaccel_etd,18.0,0.5
0.4,100,True,3.5622664150586942,106,oaccel_etd,18.0,0.5
0.6,100,True,3.5622664149984864,100,oaccel_etd,18.0,0.5
0.8,100,True,3.5622664150228456,102,oaccel_etd,18.0,0.5
1.0,100,True,3.562266415029213,96,oaccel_etd,18.0,0.5
0.4,30,True,3.5622664149808347,298,oaccel_sd,18.0,0.5
0.6,30,True,3.562266415150781,302,oaccel_sd,18.0,0.5
0.8,30,True,3.562266416333589,254,oaccel_sd,18.0,0.5
1.0,30,True,3.5622664146599936,222,oaccel_sd,18.0,0.5
0.4,50,True,3.562266415382468,162,oaccel_sd,18.0,0.5
0.6,50,True,3.5622664158630943,162,oaccel_sd,18.0,0.5
0.8,50,True,3.562266414733326,160,oaccel_sd,18.0,0.5
1.0,50,True,3.5622664145464844,162,oaccel_sd,18.0,0.5
0.4,80,True,3.5622664150110097,144,oaccel_sd,18.0,0.5
0.6,80,True,3.562266415005536,144,oaccel_sd,18.0,0.5
0.8,80,True,3.562266415000796,144,oaccel_sd,18.0,0.5
1.0,80,True,3.562266414996654,144,oaccel_sd,18.0,0.5
0.4,100,True,3.5622664150110097,144,oaccel_sd,18.0,0.5
0.6,100,True,3.562266415005536,144,oaccel_sd,18.0,0.5
0.8,100,True,3.562266415000796,144,oaccel_sd,18.0,0.5
1.0,100,True,3.562266414996654,144,oaccel_sd,18.0,0.5
0.4,30,True,3.562266414500078,126,oaccel_sis,18.0,0.5
0.6,30,True,3.5622664151135286,126,oaccel_sis,18.0,0.5
0.8,30,True,3.5622664148125347,126,oaccel_sis,18.0,0.5
1.0,30,True,3.562266415210459,124,oaccel_sis,18.0,0.5
0.4,50,True,3.562266414866514,104,oaccel_sis,18.0,0.5
0.6,50,True,3.56226641501198,102,oaccel_sis,18.0,0.5
0.8,50,True,3.5622664150505763,102,oaccel_sis,18.0,0.5
1.0,50,True,3.562266415054744,98,oaccel_sis,18.0,0.5
0.4,80,True,3.562266415062134,104,oaccel_sis,18.0,0.5
0.6,80,True,3.56226641501198,102,oaccel_sis,18.0,0.5
0.8,80,True,3.5622664150505763,102,oaccel_sis,18.0,0.5
1.0,80,True,3.562266415054744,98,oaccel_sis,18.0,0.5
0.4,100,True,3.562266415062134,104,oaccel_sis,18.0,0.5
0.6,100,True,3.56226641501198,102,oaccel_sis,18.0,0.5
0.8,100,True,3.5622664150505763,102,oaccel_sis,18.0,0.5
1.0,100,True,3.562266415054744,98,oaccel_sis,18.0,0.5
0.2,0,True,3.562266414797703,444,sd,18.0,0.5
0.3,0,True,3.562266414802929,295,sd,18.0,0.5
0.4,0,True,3.5622664148026857,220,sd,18.0,0.5
0.5,0,False,4.277175929708841,3000,sd,18.0,0.5
0.4,0,True,3.5622664147951117,402,sis,18.0,0.5
0.6,0,True,3.562266414799064,328,sis,18.0,0.5
0.8,0,True,3.562266414798982,290,sis,18.0,0.5
1.0,0,True,3.5622664148208703,268,sis,18.0,0.5
0.4,30,True,3.5622664149802725,63,anderson_etd,18.5,0.45
0.6,30,True,3.5622664147708667,57,anderson_etd,18.5,0.45
0.8,30,True,3.5622664153513712,54,anderson_etd,18.5,0.45
1.0,30,True,3.562266415214773,53,anderson_etd,18.5,0.45
0.4,50,True,3.5622664150712264,60,anderson_etd,18.5,0.45
0.6,50,True,3.562266416387716,57,anderson_etd,18.5,0.45
0.8,50,True,3.5622664136920346,55,anderson_etd,18.5,0.45
1.0,50,True,3.562266415528363,54,anderson_etd,18.5,0.45
0.4,80,True,3.562266412847255,62,anderson_etd,18.5,0.45
0.6,80,True,3.562266415326756,60,anderson_etd,18.5,0.45
0.8,80,True,3.5622664154021564,55,anderson_etd,18.5,0.45
1.0,80,True,3.562266416317508,54,anderson_etd,18.5,0.45
0.4,100,True,3.562266412847255,62,anderson_etd,18.5,0.45
0.6,100,True,3.562266415326756,60,anderson_etd,18.5,0.45
0.8,100,True,3.5622664154021564,55,anderson_etd,18.5,0.45
1.0,100,True,3.562266416317508,54,anderson_etd,18.5,0.45
0.4,30,True,3.562266415857599,75,anderson_sd,18.5,0.45
0.6,30,True,3.56226641471393,76,anderson_sd,18.5,0.45
0.8,30,True,3.5622664150549985,77,anderson_sd,18.5,0.45
1.0,30,True,3.562266414449261,77,anderson_sd,18.5,0.45
0.4,50,True,3.562266415087822,73,anderson_sd,18.5,0.45
0.6,50,True,3.5622664145068645,73,anderson_sd,18.5,0.45
0.8,50,True,3.5622664160187183,73,anderson_sd,18.5,0.45
1.0,50,True,3.5622664148254533,74,anderson_sd,18.5,0.45
0.4,80,True,3.562266415040737,73,anderson_sd,18.5,0.45
0.6,80,True,3.5622664140681337,73,anderson_sd,18.5,0.45
0.8,80,True,3.562266413825788,73,anderson_sd,18.5,0.45
1.0,80,True,3.562266414453924,74,anderson_sd,18.5,0.45
0.4,100,True,3.562266415040737,73,anderson_sd,18.5,0.45
0.6,100,True,3.5622664140681337,73,anderson_sd,18.5,0.45
0.8,100,True,3.562266413825788,73,anderson_sd,18.5,0.45
1.0,100,True,3.562266414453924,74,anderson_sd,18.5,0.45
0.4,30,True,3.5622664157854347,68,anderson_sis,18.5,0.45
0.6,30,True,3.562266414357893,65,anderson_sis,18.5,0.45
0.8,30,True,3.5622664150691,63,anderson_sis,18.5,0.45
1.0,30,True,3.562266415104366,61,anderson_sis,18.5,0.45
0.4,50,True,3.562266413573856,65,anderson_sis,18.5,0.45
0.6,50,True,3.562266414427336,62,anderson_sis,18.5,0.45
0.8,50,True,3.562266415486544,60,anderson_sis,18.5,0.45
1.0,50,True,3.562266415019248,60,anderson_sis,18.5,0.45
0.4,80,True,3.562266411984755,67,anderson_sis,18.5,0.45
0.6,80,True,3.562266413745802,64,anderson_sis,18.5,0.45
0.8,80,True,3.562266413170179,63,anderson_sis,18.5,0.45
1.0,80,True,3.562266416171198,61,anderson_sis,18.5,0.45
0.4,100,True,3.562266411984755,67,anderson_sis,18.5,0.45
0.6,100,True,3.562266413745802,64,anderson_sis,18.5,0.45
0.8,100,True,3.562266413170179,63,anderson_sis,18.5,0.45
1.0,100,True,3.562266416171198,61,anderson_sis,18.5,0.45
0.4,0,True,3.5622664148284366,279,etd,18.5,0.45
0.6,0,True,3.5622664143469205,206,etd,18.5,0.45
0.8,0,True,3.562266416910961,207,etd,18.5,0.45
1.0,0,True,3.562266411929216,224,etd,18.5,0.45
0.4,30,True,3.562266414503126,109,ngmres_etd,18.5,0.45
0.6,30,True,3.5622664157277493,101,ngmres_etd,18.5,0.45
0.8,30,True,3.5622664138079942,99,ngmres_etd,18.5,0.45
1.0,30,True,3.56226641400551,95,ngmres_etd,18.5,0.45
0.4,50,True,3.56226641433253,101,ngmres_etd,18.5,0.45
0.6,50,True,3.56226641482616,97,ngmres_etd,18.5,0.45
0.8,50,True,3.562266414593646,93,ngmres_etd,18.5,0.45
1.0,50,True,3.562266414680982,91,ngmres_etd,18.5,0.45
0.4,80,True,3.5622664143326768,101,ngmres_etd,18.5,0.45
0.6,80,True,3.56226641482616,97,ngmres_etd,18.5,0.45
0.8,80,True,3.562266414593646,93,ngmres_etd,18.5,0.45
1.0,80,True,3.562266414680982,91,ngmres_etd,18.5,0.45
0.4,100,True,3.5622664143326768,101,ngmres_etd,18.5,0.45
0.6,100,True,3.56226641482616,97,ngmres_etd,18.5,0.45
0.8,100,True,3.562266414593646,93,ngmres_etd,18.5,0.45
1.0,100,True,3.562266414680982,91,ngmres_etd,18.5,0.45
0.4,30,True,3.562266416325035,151,ngmres_sd,18.5,0.45
0.6,30,True,3.562266415956225,151,ngmres_sd,18.5,0.45
0.8,30,True,3.56226641482914,149,ngmres_sd,18.5,0.45
1.0,30,True,3.5622664160108704,149,ngmres_sd,18.5,0.45
0.4,50,True,3.5622664147875414,143,ngmres_sd,18.5,0.45
0.6,50,True,3.562266415263012,143,ngmres_sd,18.5,0.45
0.8,50,True,3.562266414639472,141,ngmres_sd,18.5,0.45
1.0,50,True,3.562266415402464,141,ngmres_sd,18.5,0.45
0.4,80,True,3.562266415187324,139,ngmres_sd,18.5,0.45
0.6,80,True,3.5622664151627967,139,ngmres_sd,18.5,0.45
0.8,80,True,3.562266415390474,139,ngmres_sd,18.5,0.45
1.0,80,True,3.562266415348568,139,ngmres_sd,18.5,0.45
0.4,100,True,3.562266415187324,139,ngmres_sd,18.5,0.45
0.6,100,True,3.5622664151627967,139,ngmres_sd,18.5,0.45
0.8,100,True,3.562266415390474,139,ngmres_sd,18.5,0.45
1.0,100,True,3.562266415348568,139,ngmres_sd,18.5,0.45
0.4,30,True,3.562266414438556,107,ngmres_sis,18.5,0.45
0.6,30,True,3.562266414893215,101,ngmres_sis,18.5,0.45
0.8,30,True,3.562266415909459,101,ngmres_sis,18.5,0.45
1.0,30,True,3.562266415225668,97,ngmres_sis,18.5,0.45
0.4,50,True,3.5622664144295677,99,ngmres_sis,18.5,0.45
0.6,50,True,3.562266414709,97,ngmres_sis,18.5,0.45
0.8,50,True,3.562266414891024,93,ngmres_sis,18.5,0.45
1.0,50,True,3.5622664149239647,93,ngmres_sis,18.5,0.45
0.4,80,True,3.5622664144295677,99,ngmres_sis,18.5,0.45
0.6,80,True,3.562266414709,97,ngmres_sis,18.5,0.45
0.8,80,True,3.562266414891024,93,ngmres_sis,18.5,0.45
1.0,80,True,3.5622664149239647,93,ngmres_sis,18.5,0.45
0.4,100,True,3.5622664144295677,99,ngmres_sis,18.5,0.45
0.6,100,True,3.562266414709,97,ngmres_sis,18.5,0.45
0.8,100,True,3.562266414891024,93,ngmres_sis,18.5,0.45
1.0,100,True,3.5622664149239647,93,ngmres_sis,18.5,0.45
0.4,30,True,3.562266417037786,138,oaccel_etd,18.5,0.45
0.6,30,True,3.562266414544289,124,oaccel_etd,18.5,0.45
0.8,30,True,3.562266415680776,124,oaccel_etd,18.5,0.45
1.0,30,True,3.5622664156033528,122,oaccel_etd,18.5,0.45
0.4,50,True,3.562266415144843,106,oaccel_etd,18.5,0.45
0.6,50,True,3.562266415217169,102,oaccel_etd,18.5,0.45
0.8,50,True,3.5622664152061265,100,oaccel_etd,18.5,0.45
1.0,50,True,3.5622664140586693,98,oaccel_etd,18.5,0.45
0.4,80,True,3.562266415631989,106,oaccel_etd,18.5,0.45
0.6,80,True,3.562266415217169,102,oaccel_etd,18.5,0.45
0.8,80,True,3.5622664152061265,100,oaccel_etd,18.5,0.45
1.0,80,True,3.5622664140586693,98,oaccel_etd,18.5,0.45
0.4,100,True,3.562266415631989,106,oaccel_etd,18.5,0.45
0.6,100,True,3.562266415217169,102,oaccel_etd,18.5,0.45
0.8,100,True,3.5622664152061265,100,oaccel_etd,18.5,0.45
1.0,100,True,3.5622664140586693,98,oaccel_etd,18.5,0.45
0.4,30,True,3.56226641707073,340,oaccel_sd,18.5,0.45
0.6,30,True,3.562266414817624,240,oaccel_sd,18.5,0.45
0.8,30,True,3.5622664152302006,208,oaccel_sd,18.5,0.45
1.0,30,True,3.562266416024628,506,oaccel_sd,18.5,0.45
0.4,50,True,3.562266414867831,168,oaccel_sd,18.5,0.45
0.6,50,True,3.56226641451717,170,oaccel_sd,18.5,0.45
0.8,50,True,3.562266415496146,174,oaccel_sd,18.5,0.45
1.0,50,True,3.5622664157857864,174,oaccel_sd,18.5,0.45
0.4,80,True,3.562266415138847,150,oaccel_sd,18.5,0.45
0.6,80,True,3.562266415184017,150,oaccel_sd,18.5,0.45
0.8,80,True,3.56226641522726,150,oaccel_sd,18.5,0.45
1.0,80,True,3.562266415258004,150,oaccel_sd,18.5,0.45
0.4,100,True,3.562266415138847,150,oaccel_sd,18.5,0.45
0.6,100,True,3.562266415184017,150,oaccel_sd,18.5,0.45
0.8,100,True,3.56226641522726,150,oaccel_sd,18.5,0.45
1.0,100,True,3.562266415258004,150,oaccel_sd,18.5,0.45
0.4,30,True,3.562266413314614,136,oaccel_sis,18.5,0.45
0.6,30,True,3.562266415661357,126,oaccel_sis,18.5,0.45
0.8,30,True,3.562266416019177,124,oaccel_sis,18.5,0.45
1.0,30,True,3.562266414021698,124,oaccel_sis,18.5,0.45
0.4,50,True,3.562266415150024,106,oaccel_sis,18.5,0.45
0.6,50,True,3.5622664149608125,104,oaccel_sis,18.5,0.45
0.8,50,True,3.56226641514161,102,oaccel_sis,18.5,0.45
1.0,50,True,3.5622664150716874,102,oaccel_sis,18.5,0.45
0.4,80,True,3.5622664155478763,106,oaccel_sis,18.5,0.45
0.6,80,True,3.562266415054908,104,oaccel_sis,18.5,0.45
0.8,80,True,3.56226641514161,102,oaccel_sis,18.5,0.45
1.0,80,True,3.5622664150716874,102,oaccel_sis,18.5,0.45
0.4,100,True,3.5622664155478763,106,oaccel_sis,18.5,0.45
0.6,100,True,3.562266415054908,104,oaccel_sis,18.5,0.45
0.8,100,True,3.56226641514161,102,oaccel_sis,18.5,0.45
1.0,100,True,3.5622664150716874,102,oaccel_sis,18.5,0.45
0.2,0,True,3.562266414817609,459,sd,18.5,0.45
0.3,0,True,3.56226641482234,305,sd,18.5,0.45
0.4,0,True,3.5622664148265786,228,sd,18.5,0.45
0.5,0,False,4.414863570152611,3000,sd,18.5,0.45
0.4,0,True,3.5622664148209493,416,sis,18.5,0.45
0.6,0,True,3.562266414827487,339,sis,18.5,0.45
0.8,0,True,3.562266414849672,301,sis,18.5,0.45
1.0,0,True,3.5622664148360146,278,sis,18.5,0.45
0.4,30,True,3.562266414554649,61,anderson_etd,18.5,0.46
0.6,30,True,3.5622664146939345,57,anderson_etd,18.5,0.46
0.8,30,True,3.5622664150640797,54,anderson_etd,18.5,0.46
1.0,30,True,3.5622664147243848,52,anderson_etd,18.5,0.46
0.4,50,True,3.5622664142441405,59,anderson_etd,18.5,0.46
0.6,50,True,3.5622664148058822,56,anderson_etd,18.5,0.46
0.8,50,True,3.562266419140136,53,anderson_etd,18.5,0.46
1.0,50,True,3.5622664183683472,51,anderson_etd,18.5,0.46
0.4,80,True,3.562266415831651,61,anderson_etd,18.5,0.46
0.6,80,True,3.5622664152301,56,anderson_etd,18.5,0.46
0.8,80,True,3.5622664196140734,53,anderson_etd,18.5,0.46
1.0,80,True,3.5622664183683472,51,anderson_etd,18.5,0.46
0.4,100,True,3.562266415831651,61,anderson_etd,18.5,0.46
0.6,100,True,3.5622664152301,56,anderson_etd,18.5,0.46
0.8,100,True,3.5622664196140734,53,anderson_etd,18.5,0.46
1.0,100,True,3.5622664183683472,51,anderson_etd,18.5,0.46
0.4,30,True,3.562266414588517,75,anderson_sd,18.5,0.46
0.6,30,True,3.56226641527475,77,anderson_sd,18.5,0.46
0.8,30,True,3.5622664151134664,77,anderson_sd,18.5,0.46
1.0,30,True,3.5622664141446023,77,anderson_sd,18.5,0.46
0.4,50,True,3.562266415077844,72,anderson_sd,18.5,0.46
0.6,50,True,3.5622664146768885,73,anderson_sd,18.5,0.46
0.8,50,True,3.5622664157161577,73,anderson_sd,18.5,0.46
1.0,50,True,3.5622664146426057,74,anderson_sd,18.5,0.46
0.4,80,True,3.5622664147526217,73,anderson_sd,18.5,0.46
0.6,80,True,3.562266414741666,73,anderson_sd,18.5,0.46
0.8,80,True,3.5622664137014644,73,anderson_sd,18.5,0.46
1.0,80,True,3.562266414708686,73,anderson_sd,18.5,0.46
0.4,100,True,3.5622664147526217,73,anderson_sd,18.5,0.46
0.6,100,True,3.562266414741666,73,anderson_sd,18.5,0.46
0.8,100,True,3.5622664137014644,73,anderson_sd,18.5,0.46
1.0,100,True,3.562266414708686,73,anderson_sd,18.5,0.46
0.4,30,True,3.56226641460795,67,anderson_sis,18.5,0.46
0.6,30,True,3.56226641574475,63,anderson_sis,18.5,0.46
0.8,30,True,3.5622664149164924,61,anderson_sis,18.5,0.46
1.0,30,True,3.5622664156917594,60,anderson_sis,18.5,0.46
0.4,50,True,3.562266414324726,64,anderson_sis,18.5,0.46
0.6,50,True,3.562266414603692,62,anderson_sis,18.5,0.46
0.8,50,True,3.5622664141202307,60,anderson_sis,18.5,0.46
1.0,50,True,3.562266415902627,58,anderson_sis,18.5,0.46
0.4,80,True,3.562266412587575,65,anderson_sis,18.5,0.46
0.6,80,True,3.5622664147127674,63,anderson_sis,18.5,0.46
0.8,80,True,3.562266414549782,62,anderson_sis,18.5,0.46
1.0,80,True,3.5622664179154877,60,anderson_sis,18.5,0.46
0.4,100,True,3.562266412587575,65,anderson_sis,18.5,0.46
0.6,100,True,3.5622664147127674,63,anderson_sis,18.5,0.46
0.8,100,True,3.562266414549782,62,anderson_sis,18.5,0.46
1.0,100,True,3.5622664179154877,60,anderson_sis,18.5,0.46
0.4,0,True,3.56226641482752,277,etd,18.5,0.46
0.6,0,True,3.5622664155695647,204,etd,18.5,0.46
0.8,0,True,3.562266417900915,206,etd,18.5,0.46
1.0,0,True,3.5622664125167463,224,etd,18.5,0.46
0.4,30,True,3.5622664160445776,107,ngmres_etd,18.5,0.46
0.6,30,True,3.562266416287001,101,ngmres_etd,18.5,0.46
0.8,30,True,3.562266414338528,97,ngmres_etd,18.5,0.46
1.0,30,True,3.5622664138787137,95,ngmres_etd,18.5,0.46
0.4,50,True,3.5622664145499554,99,ngmres_etd,18.5,0.46
0.6,50,True,3.5622664146938856,95,ngmres_etd,18.5,0.46
0.8,50,True,3.5622664147346965,93,ngmres_etd,18.5,0.46
1.0,50,True,3.5622664147166825,91,ngmres_etd,18.5,0.46
0.4,80,True,3.5622664145499554,99,ngmres_etd,18.5,0.46
0.6,80,True,3.5622664146938856,95,ngmres_etd,18.5,0.46
0.8,80,True,3.5622664147346965,93,ngmres_etd,18.5,0.46
1.0,80,True,3.5622664147166825,91,ngmres_etd,18.5,0.46
0.4,100,True,3.5622664145499554,99,ngmres_etd,18.5,0.46
0.6,100,True,3.5622664146938856,95,ngmres_etd,18.5,0.46
0.8,100,True,3.5622664147346965,93,ngmres_etd,18.5,0.46
1.0,100,True,3.5622664147166825,91,ngmres_etd,18.5,0.46
0.4,30,True,3.5622664146387404,147,ngmres_sd,18.5,0.46
0.6,30,True,3.5622664150336725,147,ngmres_sd,18.5,0.46
0.8,30,True,3.5622664150819574,147,ngmres_sd,18.5,0.46
1.0,30,True,3.562266414317614,147,ngmres_sd,18.5,0.46
0.4,50,True,3.562266413950728,141,ngmres_sd,18.5,0.46
0.6,50,True,3.562266414027711,141,ngmres_sd,18.5,0.46
0.8,50,True,3.56226641364073,141,ngmres_sd,18.5,0.46
1.0,50,True,3.5622664144259018,141,ngmres_sd,18.5,0.46
0.4,80,True,3.5622664149379526,137,ngmres_sd,18.5,0.46
0.6,80,True,3.562266414979467,137,ngmres_sd,18.5,0.46
0.8,80,True,3.562266414965614,137,ngmres_sd,18.5,0.46
1.0,80,True,3.562266415101883,137,ngmres_sd,18.5,0.46
0.4,100,True,3.5622664149379526,137,ngmres_sd,18.5,0.46
0.6,100,True,3.562266414979467,137,ngmres_sd,18.5,0.46
0.8,100,True,3.562266414965614,137,ngmres_sd,18.5,0.46
1.0,100,True,3.562266415101883,137,ngmres_sd,18.5,0.46
0.4,30,True,3.56226641425143,103,ngmres_sis,18.5,0.46
0.6,30,True,3.562266416187085,99,ngmres_sis,18.5,0.46
0.8,30,True,3.562266414795574,99,ngmres_sis,18.5,0.46
1.0,30,True,3.5622664145246743,99,ngmres_sis,18.5,0.46
0.4,50,True,3.5622664145646903,97,ngmres_sis,18.5,0.46
0.6,50,True,3.5622664145731022,93,ngmres_sis,18.5,0.46
0.8,50,True,3.5622664148947667,93,ngmres_sis,18.5,0.46
1.0,50,True,3.5622664146941005,91,ngmres_sis,18.5,0.46
0.4,80,True,3.5622664145646903,97,ngmres_sis,18.5,0.46
0.6,80,True,3.5622664145731022,93,ngmres_sis,18.5,0.46
0.8,80,True,3.5622664148947667,93,ngmres_sis,18.5,0.46
1.0,80,True,3.5622664146941005,91,ngmres_sis,18.5,0.46
0.4,100,True,3.5622664145646903,97,ngmres_sis,18.5,0.46
0.6,100,True,3.5622664145731022,93,ngmres_sis,18.5,0.46
0.8,100,True,3.5622664148947667,93,ngmres_sis,18.5,0.46
1.0,100,True,3.5622664146941005,91,ngmres_sis,18.5,0.46
0.4,30,True,3.5622664149443235,142,oaccel_etd,18.5,0.46
0.6,30,True,3.5622664143693026,124,oaccel_etd,18.5,0.46
0.8,30,True,3.5622664139440987,126,oaccel_etd,18.5,0.46
1.0,30,True,3.562266415041628,118,oaccel_etd,18.5,0.46
0.4,50,True,3.5622664142711304,108,oaccel_etd,18.5,0.46
0.6,50,True,3.56226641501601,102,oaccel_etd,18.5,0.46
0.8,50,True,3.5622664149926635,98,oaccel_etd,18.5,0.46
1.0,50,True,3.562266415710475,96,oaccel_etd,18.5,0.46
0.4,80,True,3.562266414892311,108,oaccel_etd,18.5,0.46
0.6,80,True,3.56226641501601,102,oaccel_etd,18.5,0.46
0.8,80,True,3.5622664149926635,98,oaccel_etd,18.5,0.46
1.0,80,True,3.562266415710475,96,oaccel_etd,18.5,0.46
0.4,100,True,3.562266414892311,108,oaccel_etd,18.5,0.46
0.6,100,True,3.56226641501601,102,oaccel_etd,18.5,0.46
0.8,100,True,3.5622664149926635,98,oaccel_etd,18.5,0.46
1.0,100,True,3.562266415710475,96,oaccel_etd,18.5,0.46
0.4,30,True,3.5622664140965634,238,oaccel_sd,18.5,0.46
0.6,30,True,3.5622664175164607,326,oaccel_sd,18.5,0.46
0.8,30,True,3.562266414368021,278,oaccel_sd,18.5,0.46
1.0,30,True,3.562266414733718,396,oaccel_sd,18.5,0.46
0.4,50,True,3.562266414375728,172,oaccel_sd,18.5,0.46
0.6,50,True,3.5622664154508783,168,oaccel_sd,18.5,0.46
0.8,50,True,3.562266416737275,168,oaccel_sd,18.5,0.46
1.0,50,True,3.562266416009104,170,oaccel_sd,18.5,0.46
0.4,80,True,3.56226641520698,150,oaccel_sd,18.5,0.46
0.6,80,True,3.5622664152398533,150,oaccel_sd,18.5,0.46
0.8,80,True,3.562266415284032,150,oaccel_sd,18.5,0.46
1.0,80,True,3.562266415339871,150,oaccel_sd,18.5,0.46
0.4,100,True,3.56226641520698,150,oaccel_sd,18.5,0.46
0.6,100,True,3.5622664152398533,150,oaccel_sd,18.5,0.46
0.8,100,True,3.562266415284032,150,oaccel_sd,18.5,0.46
1.0,100,True,3.562266415339871,150,oaccel_sd,18.5,0.46
0.4,30,True,3.562266414750118,150,oaccel_sis,18.5,0.46
0.6,30,True,3.562266414960673,148,oaccel_sis,18.5,0.46
0.8,30,True,3.5622664155930703,126,oaccel_sis,18.5,0.46
1.0,30,True,3.5622664134602733,124,oaccel_sis,18.5,0.46
0.4,50,True,3.562266414837077,106,oaccel_sis,18.5,0.46
0.6,50,True,3.5622664153350563,102,oaccel_sis,18.5,0.46
0.8,50,True,3.562266415350779,100,oaccel_sis,18.5,0.46
1.0,50,True,3.5622664151307912,100,oaccel_sis,18.5,0.46
0.4,80,True,3.5622664152216243,106,oaccel_sis,18.5,0.46
0.6,80,True,3.5622664153350563,102,oaccel_sis,18.5,0.46
0.8,80,True,3.562266415350779,100,oaccel_sis,18.5,0.46
1.0,80,True,3.5622664151307912,100,oaccel_sis,18.5,0.46
0.4,100,True,3.5622664152216243,106,oaccel_sis,18.5,0.46
0.6,100,True,3.5622664153350563,102,oaccel_sis,18.5,0.46
0.8,100,True,3.562266415350779,100,oaccel_sis,18.5,0.46
1.0,100,True,3.5622664151307912,100,oaccel_sis,18.5,0.46
0.2,0,True,3.562266414817349,455,sd,18.5,0.46
0.3,0,True,3.5622664148196987,302,sd,18.5,0.46
0.4,0,True,3.562266414826622,226,sd,18.5,0.46
0.5,0,False,4.385595290400424,3000,sd,18.5,0.46
0.4,0,True,3.562266414823866,413,sis,18.5,0.46
0.6,0,True,3.5622664148277705,336,sis,18.5,0.46
0.8,0,True,3.5622664148326866,298,sis,18.5,0.46
1.0,0,True,3.5622664148019885,276,sis,18.5,0.46
0.4,30,True,3.5622664146559995,62,anderson_etd,18.5,0.47
0.6,30,True,3.562266416076172,56,anderson_etd,18.5,0.47
0.8,30,True,3.562266414908998,53,anderson_etd,18.5,0.47
1.0,30,True,3.56226641533078,51,anderson_etd,18.5,0.47
0.4,50,True,3.562266415023844,58,anderson_etd,18.5,0.47
0.6,50,True,3.5622664150969223,54,anderson_etd,18.5,0.47
0.8,50,True,3.562266417070586,52,anderson_etd,18.5,0.47
1.0,50,True,3.5622664167119087,51,anderson_etd,18.5,0.47
0.4,80,True,3.562266414991477,60,anderson_etd,18.5,0.47
0.6,80,True,3.5622664155190487,54,anderson_etd,18.5,0.47
0.8,80,True,3.562266417059732,52,anderson_etd,18.5,0.47
1.0,80,True,3.5622664167119087,51,anderson_etd,18.5,0.47
0.4,100,True,3.562266414991477,60,anderson_etd,18.5,0.47
0.6,100,True,3.5622664155190487,54,anderson_etd,18.5,0.47
0.8,100,True,3.562266417059732,52,anderson_etd,18.5,0.47
1.0,100,True,3.5622664167119087,51,anderson_etd,18.5,0.47
0.4,30,True,3.562266414608887,74,anderson_sd,18.5,0.47
0.6,30,True,3.56226641521064,76,anderson_sd,18.5,0.47
0.8,30,True,3.5622664154595167,76,anderson_sd,18.5,0.47
1.0,30,True,3.562266414643928,77,anderson_sd,18.5,0.47
0.4,50,True,3.5622664144098293,71,anderson_sd,18.5,0.47
0.6,50,True,3.562266413798125,72,anderson_sd,18.5,0.47
0.8,50,True,3.562266414607355,72,anderson_sd,18.5,0.47
1.0,50,True,3.5622664152209342,72,anderson_sd,18.5,0.47
0.4,80,True,3.5622664139039344,72,anderson_sd,18.5,0.47
0.6,80,True,3.562266414154696,72,anderson_sd,18.5,0.47
0.8,80,True,3.562266414230895,72,anderson_sd,18.5,0.47
1.0,80,True,3.5622664150926022,72,anderson_sd,18.5,0.47
0.4,100,True,3.5622664139039344,72,anderson_sd,18.5,0.47
0.6,100,True,3.562266414154696,72,anderson_sd,18.5,0.47
0.8,100,True,3.562266414230895,72,anderson_sd,18.5,0.47
1.0,100,True,3.5622664150926022,72,anderson_sd,18.5,0.47
0.4,30,True,3.5622664148965235,66,anderson_sis,18.5,0.47
0.6,30,True,3.5622664153032337,62,anderson_sis,18.5,0.47
0.8,30,True,3.5622664152852863,60,anderson_sis,18.5,0.47
1.0,30,True,3.5622664152365813,59,anderson_sis,18.5,0.47
0.4,50,True,3.562266414966829,63,anderson_sis,18.5,0.47
0.6,50,True,3.5622664146258574,60,anderson_sis,18.5,0.47
0.8,50,True,3.5622664146351948,58,anderson_sis,18.5,0.47
1.0,50,True,3.562266414565954,58,anderson_sis,18.5,0.47
0.4,80,True,3.562266414160506,64,anderson_sis,18.5,0.47
0.6,80,True,3.562266415356156,63,anderson_sis,18.5,0.47
0.8,80,True,3.562266416700405,60,anderson_sis,18.5,0.47
1.0,80,True,3.5622664160905657,61,anderson_sis,18.5,0.47
0.4,100,True,3.562266414160506,64,anderson_sis,18.5,0.47
0.6,100,True,3.562266415356156,63,anderson_sis,18.5,0.47
0.8,100,True,3.562266416700405,60,anderson_sis,18.5,0.47
1.0,100,True,3.5622664160905657,61,anderson_sis,18.5,0.47
0.4,0,True,3.5622664148186063,274,etd,18.5,0.47
0.6,0,True,3.562266416201392,202,etd,18.5,0.47
0.8,0,True,3.562266411910495,199,etd,18.5,0.47
1.0,0,True,3.562266418251042,217,etd,18.5,0.47
0.4,30,True,3.562266414089474,105,ngmres_etd,18.5,0.47
0.6,30,True,3.5622664155427817,97,ngmres_etd,18.5,0.47
0.8,30,True,3.562266414518544,95,ngmres_etd,18.5,0.47
1.0,30,True,3.5622664136311144,93,ngmres_etd,18.5,0.47
0.4,50,True,3.562266414789881,99,ngmres_etd,18.5,0.47
0.6,50,True,3.562266415256177,93,ngmres_etd,18.5,0.47
0.8,50,True,3.5622664150023384,91,ngmres_etd,18.5,0.47
1.0,50,True,3.5622664146786462,89,ngmres_etd,18.5,0.47
0.4,80,True,3.562266414789881,99,ngmres_etd,18.5,0.47
0.6,80,True,3.562266415256177,93,ngmres_etd,18.5,0.47
0.8,80,True,3.5622664150023384,91,ngmres_etd,18.5,0.47
1.0,80,True,3.5622664146786462,89,ngmres_etd,18.5,0.47
0.4,100,True,3.562266414789881,99,ngmres_etd,18.5,0.47
0.6,100,True,3.562266415256177,93,ngmres_etd,18.5,0.47
0.8,100,True,3.5622664150023384,91,ngmres_etd,18.5,0.47
1.0,100,True,3.5622664146786462,89,ngmres_etd,18.5,0.47
0.4,30,True,3.562266414552064,145,ngmres_sd,18.5,0.47
0.6,30,True,3.562266414302602,145,ngmres_sd,18.5,0.47
0.8,30,True,3.562266415127744,147,ngmres_sd,18.5,0.47
1.0,30,True,3.56226641552896,145,ngmres_sd,18.5,0.47
0.4,50,True,3.562266412950307,137,ngmres_sd,18.5,0.47
0.6,50,True,3.562266412540196,137,ngmres_sd,18.5,0.47
0.8,50,True,3.562266412141041,137,ngmres_sd,18.5,0.47
1.0,50,True,3.562266412081139,137,ngmres_sd,18.5,0.47
0.4,80,True,3.562266415051874,135,ngmres_sd,18.5,0.47
0.6,80,True,3.5622664150843377,135,ngmres_sd,18.5,0.47
0.8,80,True,3.562266415127847,135,ngmres_sd,18.5,0.47
1.0,80,True,3.5622664151792023,135,ngmres_sd,18.5,0.47
0.4,100,True,3.562266415051874,135,ngmres_sd,18.5,0.47
0.6,100,True,3.5622664150843377,135,ngmres_sd,18.5,0.47
0.8,100,True,3.562266415127847,135,ngmres_sd,18.5,0.47
1.0,100,True,3.5622664151792023,135,ngmres_sd,18.5,0.47
0.4,30,True,3.5622664155278194,103,ngmres_sis,18.5,0.47
0.6,30,True,3.5622664152456025,99,ngmres_sis,18.5,0.47
0.8,30,True,3.562266414268056,97,ngmres_sis,18.5,0.47
1.0,30,True,3.5622664147476293,93,ngmres_sis,18.5,0.47
0.4,50,True,3.562266414561475,97,ngmres_sis,18.5,0.47
0.6,50,True,3.562266414894068,93,ngmres_sis,18.5,0.47
0.8,50,True,3.562266415023202,91,ngmres_sis,18.5,0.47
1.0,50,True,3.5622664151818526,91,ngmres_sis,18.5,0.47
0.4,80,True,3.562266414561475,97,ngmres_sis,18.5,0.47
0.6,80,True,3.562266414894068,93,ngmres_sis,18.5,0.47
0.8,80,True,3.562266415023202,91,ngmres_sis,18.5,0.47
1.0,80,True,3.5622664151818526,91,ngmres_sis,18.5,0.47
0.4,100,True,3.562266414561475,97,ngmres_sis,18.5,0.47
0.6,100,True,3.562266414894068,93,ngmres_sis,18.5,0.47
0.8,100,True,3.562266415023202,91,ngmres_sis,18.5,0.47
1.0,100,True,3.5622664151818526,91,ngmres_sis,18.5,0.47
0.4,30,True,3.562266416346949,128,oaccel_etd,18.5,0.47
0.6,30,True,3.562266416256133,126,oaccel_etd,18.5,0.47
0.8,30,True,3.562266415770746,126,oaccel_etd,18.5,0.47
1.0,30,True,3.562266416190601,122,oaccel_etd,18.5,0.47
0.4,50,True,3.562266414036518,108,oaccel_etd,18.5,0.47
0.6,50,True,3.5622664149153067,100,oaccel_etd,18.5,0.47
0.8,50,True,3.562266414890386,98,oaccel_etd,18.5,0.47
1.0,50,True,3.5622664151552392,96,oaccel_etd,18.5,0.47
0.4,80,True,3.562266414744369,108,oaccel_etd,18.5,0.47
0.6,80,True,3.5622664149153067,100,oaccel_etd,18.5,0.47
0.8,80,True,3.562266414890386,98,oaccel_etd,18.5,0.47
1.0,80,True,3.5622664151552392,96,oaccel_etd,18.5,0.47
0.4,100,True,3.562266414744369,108,oaccel_etd,18.5,0.47
0.6,100,True,3.5622664149153067,100,oaccel_etd,18.5,0.47
0.8,100,True,3.562266414890386,98,oaccel_etd,18.5,0.47
1.0,100,True,3.5622664151552392,96,oaccel_etd,18.5,0.47
0.4,30,True,3.5622664149938217,276,oaccel_sd,18.5,0.47
0.6,30,True,3.5622664145292573,236,oaccel_sd,18.5,0.47
0.8,30,True,3.562266415059104,198,oaccel_sd,18.5,0.47
1.0,30,True,3.562266415401303,206,oaccel_sd,18.5,0.47
0.4,50,True,3.562266415481427,168,oaccel_sd,18.5,0.47
0.6,50,True,3.562266415953941,166,oaccel_sd,18.5,0.47
0.8,50,True,3.562266415919842,166,oaccel_sd,18.5,0.47
1.0,50,True,3.5622664160413287,168,oaccel_sd,18.5,0.47
0.4,80,True,3.5622664150881374,150,oaccel_sd,18.5,0.47
0.6,80,True,3.5622664151147543,150,oaccel_sd,18.5,0.47
0.8,80,True,3.562266415142916,150,oaccel_sd,18.5,0.47
1.0,80,True,3.56226641513041,148,oaccel_sd,18.5,0.47
0.4,100,True,3.5622664150881374,150,oaccel_sd,18.5,0.47
0.6,100,True,3.5622664151147543,150,oaccel_sd,18.5,0.47
0.8,100,True,3.562266415142916,150,oaccel_sd,18.5,0.47
1.0,100,True,3.56226641513041,148,oaccel_sd,18.5,0.47
0.4,30,True,3.562266416580558,128,oaccel_sis,18.5,0.47
0.6,30,True,3.5622664160241344,128,oaccel_sis,18.5,0.47
0.8,30,True,3.562266415877059,126,oaccel_sis,18.5,0.47
1.0,30,True,3.56226641518651,120,oaccel_sis,18.5,0.47
0.4,50,True,3.562266415286352,104,oaccel_sis,18.5,0.47
0.6,50,True,3.562266415091349,102,oaccel_sis,18.5,0.47
0.8,50,True,3.562266415093095,100,oaccel_sis,18.5,0.47
1.0,50,True,3.562266415336982,98,oaccel_sis,18.5,0.47
0.4,80,True,3.56226641543122,104,oaccel_sis,18.5,0.47
0.6,80,True,3.562266415091349,102,oaccel_sis,18.5,0.47
0.8,80,True,3.562266415093095,100,oaccel_sis,18.5,0.47
1.0,80,True,3.562266415336982,98,oaccel_sis,18.5,0.47
0.4,100,True,3.56226641543122,104,oaccel_sis,18.5,0.47
0.6,100,True,3.562266415091349,102,oaccel_sis,18.5,0.47
0.8,100,True,3.562266415093095,100,oaccel_sis,18.5,0.47
1.0,100,True,3.562266415336982,98,oaccel_sis,18.5,0.47
0.2,0,True,3.5622664148183434,451,sd,18.5,0.47
0.3,0,True,3.5622664148182714,299,sd,18.5,0.47
0.4,0,True,3.562266414827916,224,sd,18.5,0.47
0.5,0,False,4.272268594683701,3000,sd,18.5,0.47
0.4,0,True,3.562266414817551,408,sis,18.5,0.47
0.6,0,True,3.5622664148267944,333,sis,18.5,0.47
0.8,0,True,3.562266414813746,295,sis,18.5,0.47
1.0,0,True,3.562266414767702,273,sis,18.5,0.47
0.4,30,True,3.5622664149525267,59,anderson_etd,18.5,0.48
0.6,30,True,3.562266415058861,54,anderson_etd,18.5,0.48
0.8,30,True,3.5622664147882785,52,anderson_etd,18.5,0.48
1.0,30,True,3.562266414981524,51,anderson_etd,18.5,0.48
0.4,50,True,3.5622664141293265,58,anderson_etd,18.5,0.48
0.6,50,True,3.5622664160284323,53,anderson_etd,18.5,0.48
0.8,50,True,3.5622664154659667,52,anderson_etd,18.5,0.48
1.0,50,True,3.562266415022595,51,anderson_etd,18.5,0.48
0.4,80,True,3.562266413917076,59,anderson_etd,18.5,0.48
0.6,80,True,3.5622664145314014,57,anderson_etd,18.5,0.48
0.8,80,True,3.562266415416712,52,anderson_etd,18.5,0.48
1.0,80,True,3.562266415022595,51,anderson_etd,18.5,0.48
0.4,100,True,3.562266413917076,59,anderson_etd,18.5,0.48
0.6,100,True,3.5622664145314014,57,anderson_etd,18.5,0.48
0.8,100,True,3.562266415416712,52,anderson_etd,18.5,0.48
1.0,100,True,3.562266415022595,51,anderson_etd,18.5,0.48
0.4,30,True,3.5622664135708195,72,anderson_sd,18.5,0.48
0.6,30,True,3.56226641451033,74,anderson_sd,18.5,0.48
0.8,30,True,3.5622664156150687,75,anderson_sd,18.5,0.48
1.0,30,True,3.562266416342104,75,anderson_sd,18.5,0.48
0.4,50,True,3.562266414901833,70,anderson_sd,18.5,0.48
0.6,50,True,3.562266413880378,71,anderson_sd,18.5,0.48
0.8,50,True,3.562266414057841,71,anderson_sd,18.5,0.48
1.0,50,True,3.562266414058379,70,anderson_sd,18.5,0.48
0.4,80,True,3.5622664137988265,70,anderson_sd,18.5,0.48
0.6,80,True,3.5622664135317743,71,anderson_sd,18.5,0.48
0.8,80,True,3.562266413658828,70,anderson_sd,18.5,0.48
1.0,80,True,3.5622664148487138,70,anderson_sd,18.5,0.48
0.4,100,True,3.5622664137988265,70,anderson_sd,18.5,0.48
0.6,100,True,3.5622664135317743,71,anderson_sd,18.5,0.48
0.8,100,True,3.562266413658828,70,anderson_sd,18.5,0.48
1.0,100,True,3.5622664148487138,70,anderson_sd,18.5,0.48
0.4,30,True,3.5622664149202308,66,anderson_sis,18.5,0.48
0.6,30,True,3.5622664152249053,61,anderson_sis,18.5,0.48
0.8,30,True,3.5622664143283176,59,anderson_sis,18.5,0.48
1.0,30,True,3.5622664155506945,58,anderson_sis,18.5,0.48
0.4,50,True,3.562266412669084,61,anderson_sis,18.5,0.48
0.6,50,True,3.5622664136760447,59,anderson_sis,18.5,0.48
0.8,50,True,3.5622664140283256,57,anderson_sis,18.5,0.48
1.0,50,True,3.562266414451991,56,anderson_sis,18.5,0.48
0.4,80,True,3.5622664140504634,64,anderson_sis,18.5,0.48
0.6,80,True,3.562266416527996,61,anderson_sis,18.5,0.48
0.8,80,True,3.5622664145100016,60,anderson_sis,18.5,0.48
1.0,80,True,3.562266415079666,56,anderson_sis,18.5,0.48
0.4,100,True,3.5622664140504634,64,anderson_sis,18.5,0.48
0.6,100,True,3.562266416527996,61,anderson_sis,18.5,0.48
0.8,100,True,3.5622664145100016,60,anderson_sis,18.5,0.48
1.0,100,True,3.562266415079666,56,anderson_sis,18.5,0.48
0.4,0,True,3.5622664148077936,270,etd,18.5,0.48
0.6,0,True,3.562266415661595,199,etd,18.5,0.48
0.8,0,True,3.562266411940961,198,etd,18.5,0.48
1.0,0,True,3.562266413171889,211,etd,18.5,0.48
0.4,30,True,3.5622664151594226,103,ngmres_etd,18.5,0.48
0.6,30,True,3.562266416653239,97,ngmres_etd,18.5,0.48
0.8,30,True,3.5622664132194704,93,ngmres_etd,18.5,0.48
1.0,30,True,3.562266413940052,93,ngmres_etd,18.5,0.48
0.4,50,True,3.56226641408791,97,ngmres_etd,18.5,0.48
0.6,50,True,3.562266414975644,91,ngmres_etd,18.5,0.48
0.8,50,True,3.56226641548297,91,ngmres_etd,18.5,0.48
1.0,50,True,3.5622664148846184,89,ngmres_etd,18.5,0.48
0.4,80,True,3.56226641408791,97,ngmres_etd,18.5,0.48
0.6,80,True,3.562266414975644,91,ngmres_etd,18.5,0.48
0.8,80,True,3.56226641548297,91,ngmres_etd,18.5,0.48
1.0,80,True,3.5622664148846184,89,ngmres_etd,18.5,0.48
0.4,100,True,3.56226641408791,97,ngmres_etd,18.5,0.48
0.6,100,True,3.562266414975644,91,ngmres_etd,18.5,0.48
0.8,100,True,3.56226641548297,91,ngmres_etd,18.5,0.48
1.0,100,True,3.5622664148846184,89,ngmres_etd,18.5,0.48
0.4,30,True,3.5622664148608134,143,ngmres_sd,18.5,0.48
0.6,30,True,3.5622664151419965,143,ngmres_sd,18.5,0.48
0.8,30,True,3.562266415311885,143,ngmres_sd,18.5,0.48
1.0,30,True,3.5622664152120924,143,ngmres_sd,18.5,0.48
0.4,50,True,3.5622664132091497,133,ngmres_sd,18.5,0.48
0.6,50,True,3.5622664131748767,133,ngmres_sd,18.5,0.48
0.8,50,True,3.562266413167336,133,ngmres_sd,18.5,0.48
1.0,50,True,3.5622664131975927,133,ngmres_sd,18.5,0.48
0.4,80,True,3.562266415063849,133,ngmres_sd,18.5,0.48
0.6,80,True,3.5622664150737453,133,ngmres_sd,18.5,0.48
0.8,80,True,3.562266415088033,133,ngmres_sd,18.5,0.48
1.0,80,True,3.562266415107363,133,ngmres_sd,18.5,0.48
0.4,100,True,3.562266415063849,133,ngmres_sd,18.5,0.48
0.6,100,True,3.5622664150737453,133,ngmres_sd,18.5,0.48
0.8,100,True,3.562266415088033,133,ngmres_sd,18.5,0.48
1.0,100,True,3.562266415107363,133,ngmres_sd,18.5,0.48
0.4,30,True,3.562266415216361,101,ngmres_sis,18.5,0.48
0.6,30,True,3.562266417086308,95,ngmres_sis,18.5,0.48
0.8,30,True,3.562266416255767,95,ngmres_sis,18.5,0.48
1.0,30,True,3.5622664166583284,93,ngmres_sis,18.5,0.48
0.4,50,True,3.5622664144758023,95,ngmres_sis,18.5,0.48
0.6,50,True,3.5622664145914937,91,ngmres_sis,18.5,0.48
0.8,50,True,3.5622664151475245,89,ngmres_sis,18.5,0.48
1.0,50,True,3.5622664152879056,89,ngmres_sis,18.5,0.48
0.4,80,True,3.5622664144758023,95,ngmres_sis,18.5,0.48
0.6,80,True,3.5622664145914937,91,ngmres_sis,18.5,0.48
0.8,80,True,3.5622664151475245,89,ngmres_sis,18.5,0.48
1.0,80,True,3.5622664152879056,89,ngmres_sis,18.5,0.48
0.4,100,True,3.5622664144758023,95,ngmres_sis,18.5,0.48
0.6,100,True,3.5622664145914937,91,ngmres_sis,18.5,0.48
0.8,100,True,3.5622664151475245,89,ngmres_sis,18.5,0.48
1.0,100,True,3.5622664152879056,89,ngmres_sis,18.5,0.48
0.4,30,True,3.562266412378458,128,oaccel_etd,18.5,0.48
0.6,30,True,3.5622664143071363,122,oaccel_etd,18.5,0.48
0.8,30,True,3.5622664148658,128,oaccel_etd,18.5,0.48
1.0,30,True,3.5622664160237623,124,oaccel_etd,18.5,0.48
0.4,50,True,3.5622664151428864,104,oaccel_etd,18.5,0.48
0.6,50,True,3.562266414689393,100,oaccel_etd,18.5,0.48
0.8,50,True,3.562266414809076,98,oaccel_etd,18.5,0.48
1.0,50,True,3.5622664150234344,94,oaccel_etd,18.5,0.48
0.4,80,True,3.562266414855671,104,oaccel_etd,18.5,0.48
0.6,80,True,3.562266414689393,100,oaccel_etd,18.5,0.48
0.8,80,True,3.562266414809076,98,oaccel_etd,18.5,0.48
1.0,80,True,3.5622664150234344,94,oaccel_etd,18.5,0.48
0.4,100,True,3.562266414855671,104,oaccel_etd,18.5,0.48
0.6,100,True,3.562266414689393,100,oaccel_etd,18.5,0.48
0.8,100,True,3.562266414809076,98,oaccel_etd,18.5,0.48
1.0,100,True,3.5622664150234344,94,oaccel_etd,18.5,0.48
0.4,30,True,3.562266415978041,208,oaccel_sd,18.5,0.48
0.6,30,True,3.562266414117513,242,oaccel_sd,18.5,0.48
0.8,30,True,3.562266413604119,216,oaccel_sd,18.5,0.48
1.0,30,True,3.5622664175758567,242,oaccel_sd,18.5,0.48
0.4,50,True,3.5622664130215584,162,oaccel_sd,18.5,0.48
0.6,50,True,3.5622664142585423,164,oaccel_sd,18.5,0.48
0.8,50,True,3.5622664146488905,164,oaccel_sd,18.5,0.48
1.0,50,True,3.5622664145044416,162,oaccel_sd,18.5,0.48
0.4,80,True,3.562266415200958,142,oaccel_sd,18.5,0.48
0.6,80,True,3.5622664151878918,142,oaccel_sd,18.5,0.48
0.8,80,True,3.5622664151826173,142,oaccel_sd,18.5,0.48
1.0,80,True,3.5622664151836743,142,oaccel_sd,18.5,0.48
0.4,100,True,3.562266415200958,142,oaccel_sd,18.5,0.48
0.6,100,True,3.5622664151878918,142,oaccel_sd,18.5,0.48
0.8,100,True,3.5622664151826173,142,oaccel_sd,18.5,0.48
1.0,100,True,3.5622664151836743,142,oaccel_sd,18.5,0.48
0.4,30,True,3.5622664130367125,128,oaccel_sis,18.5,0.48
0.6,30,True,3.562266415787734,122,oaccel_sis,18.5,0.48
0.8,30,True,3.562266414325549,124,oaccel_sis,18.5,0.48
1.0,30,True,3.5622664157470947,120,oaccel_sis,18.5,0.48
0.4,50,True,3.562266415031156,104,oaccel_sis,18.5,0.48
0.6,50,True,3.562266415200529,100,oaccel_sis,18.5,0.48
0.8,50,True,3.562266415046553,98,oaccel_sis,18.5,0.48
1.0,50,True,3.562266414850951,94,oaccel_sis,18.5,0.48
0.4,80,True,3.5622664149161345,104,oaccel_sis,18.5,0.48
0.6,80,True,3.562266415200529,100,oaccel_sis,18.5,0.48
0.8,80,True,3.562266415046553,98,oaccel_sis,18.5,0.48
1.0,80,True,3.562266414850951,94,oaccel_sis,18.5,0.48
0.4,100,True,3.5622664149161345,104,oaccel_sis,18.5,0.48
0.6,100,True,3.562266415200529,100,oaccel_sis,18.5,0.48
0.8,100,True,3.562266415046553,98,oaccel_sis,18.5,0.48
1.0,100,True,3.562266414850951,94,oaccel_sis,18.5,0.48
0.2,0,True,3.562266414811546,445,sd,18.5,0.48
0.3,0,True,3.562266414818799,296,sd,18.5,0.48
0.4,0,True,3.5622664148214582,221,sd,18.5,0.48
0.5,0,False,4.255216398916941,3000,sd,18.5,0.48
0.4,0,True,3.5622664148125684,403,sis,18.5,0.48
0.6,0,True,3.5622664148187404,329,sis,18.5,0.48
0.8,0,True,3.5622664147966825,291,sis,18.5,0.48
1.0,0,True,3.562266414780508,269,sis,18.5,0.48
0.4,30,True,3.5622664144649177,58,anderson_etd,18.5,0.49
0.6,30,True,3.562266415230127,53,anderson_etd,18.5,0.49
0.8,30,True,3.5622664149423526,52,anderson_etd,18.5,0.49
1.0,30,True,3.5622664148360386,51,anderson_etd,18.5,0.49
0.4,50,True,3.562266412271134,58,anderson_etd,18.5,0.49
0.6,50,True,3.5622664095860213,53,anderson_etd,18.5,0.49
0.8,50,True,3.562266416713432,52,anderson_etd,18.5,0.49
1.0,50,True,3.5622664224522422,52,anderson_etd,18.5,0.49
0.4,80,True,3.562266409944483,59,anderson_etd,18.5,0.49
0.6,80,True,3.56226640941362,53,anderson_etd,18.5,0.49
0.8,80,True,3.562266416607698,52,anderson_etd,18.5,0.49
1.0,80,True,3.562266422309462,52,anderson_etd,18.5,0.49
0.4,100,True,3.562266409944483,59,anderson_etd,18.5,0.49
0.6,100,True,3.56226640941362,53,anderson_etd,18.5,0.49
0.8,100,True,3.562266416607698,52,anderson_etd,18.5,0.49
1.0,100,True,3.562266422309462,52,anderson_etd,18.5,0.49
0.4,30,True,3.56226641355574,71,anderson_sd,18.5,0.49
0.6,30,True,3.562266415651133,73,anderson_sd,18.5,0.49
0.8,30,True,3.5622664143946965,74,anderson_sd,18.5,0.49
1.0,30,True,3.562266414728543,74,anderson_sd,18.5,0.49
0.4,50,True,3.562266414913303,69,anderson_sd,18.5,0.49
0.6,50,True,3.562266414956339,70,anderson_sd,18.5,0.49
0.8,50,True,3.562266415695027,71,anderson_sd,18.5,0.49
1.0,50,True,3.5622664158329336,70,anderson_sd,18.5,0.49
0.4,80,True,3.5622664153856176,72,anderson_sd,18.5,0.49
0.6,80,True,3.56226641510869,71,anderson_sd,18.5,0.49
0.8,80,True,3.562266414636321,70,anderson_sd,18.5,0.49
1.0,80,True,3.5622664148602103,69,anderson_sd,18.5,0.49
0.4,100,True,3.5622664153856176,72,anderson_sd,18.5,0.49
0.6,100,True,3.56226641510869,71,anderson_sd,18.5,0.49
0.8,100,True,3.562266414636321,70,anderson_sd,18.5,0.49
1.0,100,True,3.5622664148602103,69,anderson_sd,18.5,0.49
0.4,30,True,3.5622664138408693,63,anderson_sis,18.5,0.49
0.6,30,True,3.562266414788157,60,anderson_sis,18.5,0.49
0.8,30,True,3.56226641461521,57,anderson_sis,18.5,0.49
1.0,30,True,3.562266414345439,56,anderson_sis,18.5,0.49
0.4,50,True,3.5622664102556776,61,anderson_sis,18.5,0.49
0.6,50,True,3.5622664114364038,58,anderson_sis,18.5,0.49
0.8,50,True,3.5622664132831146,56,anderson_sis,18.5,0.49
1.0,50,True,3.562266415192675,55,anderson_sis,18.5,0.49
0.4,80,True,3.5622664091070204,66,anderson_sis,18.5,0.49
0.6,80,True,3.56226640813072,62,anderson_sis,18.5,0.49
0.8,80,True,3.5622664117991683,56,anderson_sis,18.5,0.49
1.0,80,True,3.562266413897202,55,anderson_sis,18.5,0.49
0.4,100,True,3.5622664091070204,66,anderson_sis,18.5,0.49
0.6,100,True,3.56226640813072,62,anderson_sis,18.5,0.49
0.8,100,True,3.5622664117991683,56,anderson_sis,18.5,0.49
1.0,100,True,3.562266413897202,55,anderson_sis,18.5,0.49
0.4,0,True,3.562266414808469,267,etd,18.5,0.49
0.6,0,True,3.562266414162293,195,etd,18.5,0.49
0.8,0,True,3.5622664128222965,185,etd,18.5,0.49
1.0,0,True,3.5622664138269604,198,etd,18.5,0.49
0.4,30,True,3.5622664148434184,99,ngmres_etd,18.5,0.49
0.6,30,True,3.5622664162159783,95,ngmres_etd,18.5,0.49
0.8,30,True,3.5622664167505373,93,ngmres_etd,18.5,0.49
1.0,30,True,3.562266414358942,91,ngmres_etd,18.5,0.49
0.4,50,True,3.5622664149133705,95,ngmres_etd,18.5,0.49
0.6,50,True,3.562266415330398,93,ngmres_etd,18.5,0.49
0.8,50,True,3.5622664150761523,91,ngmres_etd,18.5,0.49
1.0,50,True,3.562266414898257,89,ngmres_etd,18.5,0.49
0.4,80,True,3.5622664149133705,95,ngmres_etd,18.5,0.49
0.6,80,True,3.562266415330398,93,ngmres_etd,18.5,0.49
0.8,80,True,3.5622664150761523,91,ngmres_etd,18.5,0.49
1.0,80,True,3.562266414898257,89,ngmres_etd,18.5,0.49
0.4,100,True,3.5622664149133705,95,ngmres_etd,18.5,0.49
0.6,100,True,3.562266415330398,93,ngmres_etd,18.5,0.49
0.8,100,True,3.5622664150761523,91,ngmres_etd,18.5,0.49
1.0,100,True,3.562266414898257,89,ngmres_etd,18.5,0.49
0.4,30,True,3.562266414169054,141,ngmres_sd,18.5,0.49
0.6,30,True,3.562266414298257,141,ngmres_sd,18.5,0.49
0.8,30,True,3.562266414574329,141,ngmres_sd,18.5,0.49
1.0,30,True,3.562266414640746,141,ngmres_sd,18.5,0.49
0.4,50,True,3.5622664143302885,131,ngmres_sd,18.5,0.49
0.6,50,True,3.5622664146817358,131,ngmres_sd,18.5,0.49
0.8,50,True,3.5622664141693114,133,ngmres_sd,18.5,0.49
1.0,50,True,3.5622664152067074,131,ngmres_sd,18.5,0.49
0.4,80,True,3.5622664149380308,131,ngmres_sd,18.5,0.49
0.6,80,True,3.562266414951286,131,ngmres_sd,18.5,0.49
0.8,80,True,3.562266414955933,131,ngmres_sd,18.5,0.49
1.0,80,True,3.5622664149525542,131,ngmres_sd,18.5,0.49
0.4,100,True,3.5622664149380308,131,ngmres_sd,18.5,0.49
0.6,100,True,3.562266414951286,131,ngmres_sd,18.5,0.49
0.8,100,True,3.562266414955933,131,ngmres_sd,18.5,0.49
1.0,100,True,3.5622664149525542,131,ngmres_sd,18.5,0.49
0.4,30,True,3.562266414990451,97,ngmres_sis,18.5,0.49
0.6,30,True,3.562266416299626,93,ngmres_sis,18.5,0.49
0.8,30,True,3.5622664155333554,93,ngmres_sis,18.5,0.49
1.0,30,True,3.562266415084993,93,ngmres_sis,18.5,0.49
0.4,50,True,3.562266415285234,93,ngmres_sis,18.5,0.49
0.6,50,True,3.562266415600289,91,ngmres_sis,18.5,0.49
0.8,50,True,3.562266415197484,89,ngmres_sis,18.5,0.49
1.0,50,True,3.5622664152571506,89,ngmres_sis,18.5,0.49
0.4,80,True,3.562266415285234,93,ngmres_sis,18.5,0.49
0.6,80,True,3.562266415600289,91,ngmres_sis,18.5,0.49
0.8,80,True,3.562266415197484,89,ngmres_sis,18.5,0.49
1.0,80,True,3.5622664152571506,89,ngmres_sis,18.5,0.49
0.4,100,True,3.562266415285234,93,ngmres_sis,18.5,0.49
0.6,100,True,3.562266415600289,91,ngmres_sis,18.5,0.49
0.8,100,True,3.562266415197484,89,ngmres_sis,18.5,0.49
1.0,100,True,3.5622664152571506,89,ngmres_sis,18.5,0.49
0.4,30,True,3.5622664145907583,124,oaccel_etd,18.5,0.49
0.6,30,True,3.5622664152894696,122,oaccel_etd,18.5,0.49
0.8,30,True,3.562266415946395,122,oaccel_etd,18.5,0.49
1.0,30,True,3.56226641558046,122,oaccel_etd,18.5,0.49
0.4,50,True,3.5622664145417184,102,oaccel_etd,18.5,0.49
0.6,50,True,3.5622664149735943,98,oaccel_etd,18.5,0.49
0.8,50,True,3.5622664150117838,96,oaccel_etd,18.5,0.49
1.0,50,True,3.5622664149827,98,oaccel_etd,18.5,0.49
0.4,80,True,3.5622664145417184,102,oaccel_etd,18.5,0.49
0.6,80,True,3.5622664149735943,98,oaccel_etd,18.5,0.49
0.8,80,True,3.5622664150117838,96,oaccel_etd,18.5,0.49
1.0,80,True,3.5622664149827,98,oaccel_etd,18.5,0.49
0.4,100,True,3.5622664145417184,102,oaccel_etd,18.5,0.49
0.6,100,True,3.5622664149735943,98,oaccel_etd,18.5,0.49
0.8,100,True,3.5622664150117838,96,oaccel_etd,18.5,0.49
1.0,100,True,3.5622664149827,98,oaccel_etd,18.5,0.49
0.4,30,True,3.5622664148939838,190,oaccel_sd,18.5,0.49
0.6,30,True,3.562266414204056,228,oaccel_sd,18.5,0.49
0.8,30,True,3.5622664132404536,198,oaccel_sd,18.5,0.49
1.0,30,True,3.562266413453191,240,oaccel_sd,18.5,0.49
0.4,50,True,3.5622664126107084,154,oaccel_sd,18.5,0.49
0.6,50,True,3.5622664145758804,158,oaccel_sd,18.5,0.49
0.8,50,True,3.562266414351272,158,oaccel_sd,18.5,0.49
1.0,50,True,3.562266414451135,160,oaccel_sd,18.5,0.49
0.4,80,True,3.562266415153008,144,oaccel_sd,18.5,0.49
0.6,80,True,3.5622664151547427,144,oaccel_sd,18.5,0.49
0.8,80,True,3.5622664151564427,144,oaccel_sd,18.5,0.49
1.0,80,True,3.5622664151584926,144,oaccel_sd,18.5,0.49
0.4,100,True,3.562266415153008,144,oaccel_sd,18.5,0.49
0.6,100,True,3.5622664151547427,144,oaccel_sd,18.5,0.49
0.8,100,True,3.5622664151564427,144,oaccel_sd,18.5,0.49
1.0,100,True,3.5622664151584926,144,oaccel_sd,18.5,0.49
0.4,30,True,3.562266416761929,126,oaccel_sis,18.5,0.49
0.6,30,True,3.562266413687792,128,oaccel_sis,18.5,0.49
0.8,30,True,3.562266415859791,120,oaccel_sis,18.5,0.49
1.0,30,True,3.562266417894274,122,oaccel_sis,18.5,0.49
0.4,50,True,3.562266414650362,100,oaccel_sis,18.5,0.49
0.6,50,True,3.5622664148758707,96,oaccel_sis,18.5,0.49
0.8,50,True,3.562266414776082,96,oaccel_sis,18.5,0.49
1.0,50,True,3.562266414830467,96,oaccel_sis,18.5,0.49
0.4,80,True,3.562266414650362,100,oaccel_sis,18.5,0.49
0.6,80,True,3.5622664148758707,96,oaccel_sis,18.5,0.49
0.8,80,True,3.562266414776082,96,oaccel_sis,18.5,0.49
1.0,80,True,3.562266414830467,96,oaccel_sis,18.5,0.49
0.4,100,True,3.562266414650362,100,oaccel_sis,18.5,0.49
0.6,100,True,3.5622664148758707,96,oaccel_sis,18.5,0.49
0.8,100,True,3.562266414776082,96,oaccel_sis,18.5,0.49
1.0,100,True,3.562266414830467,96,oaccel_sis,18.5,0.49
0.2,0,True,3.562266414806934,440,sd,18.5,0.49
0.3,0,True,3.562266414809309,292,sd,18.5,0.49
0.4,0,True,3.562266414811474,218,sd,18.5,0.49
0.5,0,False,4.360298879233188,3000,sd,18.5,0.49
0.4,0,True,3.562266414804248,398,sis,18.5,0.49
0.6,0,True,3.562266414801984,324,sis,18.5,0.49
0.8,0,True,3.562266414799762,287,sis,18.5,0.49
1.0,0,True,3.56226641482378,265,sis,18.5,0.49
0.4,30,True,3.5622664157646504,58,anderson_etd,18.5,0.51
0.6,30,True,3.562266415667217,54,anderson_etd,18.5,0.51
0.8,30,True,3.562266414880936,52,anderson_etd,18.5,0.51
1.0,30,True,3.5622664149458005,51,anderson_etd,18.5,0.51
0.4,50,True,3.562266413884988,58,anderson_etd,18.5,0.51
0.6,50,True,3.562266416142304,55,anderson_etd,18.5,0.51
0.8,50,True,3.5622664151521404,54,anderson_etd,18.5,0.51
1.0,50,True,3.5622664146970004,54,anderson_etd,18.5,0.51
0.4,80,True,3.5622664124502146,62,anderson_etd,18.5,0.51
0.6,80,True,3.5622664169193614,55,anderson_etd,18.5,0.51
0.8,80,True,3.5622664158532684,55,anderson_etd,18.5,0.51
1.0,80,True,3.5622664152699075,54,anderson_etd,18.5,0.51
0.4,100,True,3.5622664124502146,62,anderson_etd,18.5,0.51
0.6,100,True,3.5622664169193614,55,anderson_etd,18.5,0.51
0.8,100,True,3.5622664158532684,55,anderson_etd,18.5,0.51
1.0,100,True,3.5622664152699075,54,anderson_etd,18.5,0.51
0.4,30,True,3.562266414852206,70,anderson_sd,18.5,0.51
0.6,30,True,3.5622664153511554,74,anderson_sd,18.5,0.51
0.8,30,True,3.5622664154861763,73,anderson_sd,18.5,0.51
1.0,30,True,3.562266414501215,74,anderson_sd,18.5,0.51
0.4,50,True,3.562266415221554,68,anderson_sd,18.5,0.51
0.6,50,True,3.5622664148298515,70,anderson_sd,18.5,0.51
0.8,50,True,3.5622664143031937,70,anderson_sd,18.5,0.51
1.0,50,True,3.5622664150327514,70,anderson_sd,18.5,0.51
0.4,80,True,3.562266415212909,69,anderson_sd,18.5,0.51
0.6,80,True,3.562266414065064,71,anderson_sd,18.5,0.51
0.8,80,True,3.562266414933034,69,anderson_sd,18.5,0.51
1.0,80,True,3.562266415445004,69,anderson_sd,18.5,0.51
0.4,100,True,3.562266415212909,69,anderson_sd,18.5,0.51
0.6,100,True,3.562266414065064,71,anderson_sd,18.5,0.51
0.8,100,True,3.562266414933034,69,anderson_sd,18.5,0.51
1.0,100,True,3.562266415445004,69,anderson_sd,18.5,0.51
0.4,30,True,3.562266414585306,63,anderson_sis,18.5,0.51
0.6,30,True,3.562266414985188,60,anderson_sis,18.5,0.51
0.8,30,True,3.562266416159429,59,anderson_sis,18.5,0.51
1.0,30,True,3.5622664149272003,58,anderson_sis,18.5,0.51
0.4,50,True,3.5622664144060288,61,anderson_sis,18.5,0.51
0.6,50,True,3.562266416233953,58,anderson_sis,18.5,0.51
0.8,50,True,3.5622664114363687,58,anderson_sis,18.5,0.51
1.0,50,True,3.562266412122759,57,anderson_sis,18.5,0.51
0.4,80,True,3.562266414686251,64,anderson_sis,18.5,0.51
0.6,80,True,3.562266417308427,61,anderson_sis,18.5,0.51
0.8,80,True,3.562266416043414,59,anderson_sis,18.5,0.51
1.0,80,True,3.5622664136482056,58,anderson_sis,18.5,0.51
0.4,100,True,3.562266414686251,64,anderson_sis,18.5,0.51
0.6,100,True,3.562266417308427,61,anderson_sis,18.5,0.51
0.8,100,True,3.562266416043414,59,anderson_sis,18.5,0.51
1.0,100,True,3.5622664136482056,58,anderson_sis,18.5,0.51
0.4,0,True,3.5622664147881906,262,etd,18.5,0.51
0.6,0,True,3.5622664158958326,193,etd,18.5,0.51
0.8,0,True,3.562266412748253,191,etd,18.5,0.51
1.0,0,True,3.5622664183504824,209,etd,18.5,0.51
0.4,30,True,3.562266414780584,99,ngmres_etd,18.5,0.51
0.6,30,True,3.56226641438456,95,ngmres_etd,18.5,0.51
0.8,30,True,3.5622664145122678,95,ngmres_etd,18.5,0.51
1.0,30,True,3.562266415927561,95,ngmres_etd,18.5,0.51
0.4,50,True,3.562266414909788,95,ngmres_etd,18.5,0.51
0.6,50,True,3.5622664150460244,93,ngmres_etd,18.5,0.51
0.8,50,True,3.562266415210304,91,ngmres_etd,18.5,0.51
1.0,50,True,3.562266415184624,89,ngmres_etd,18.5,0.51
0.4,80,True,3.562266414909788,95,ngmres_etd,18.5,0.51
0.6,80,True,3.5622664150460244,93,ngmres_etd,18.5,0.51
0.8,80,True,3.562266415210304,91,ngmres_etd,18.5,0.51
1.0,80,True,3.562266415184624,89,ngmres_etd,18.5,0.51
0.4,100,True,3.562266414909788,95,ngmres_etd,18.5,0.51
0.6,100,True,3.5622664150460244,93,ngmres_etd,18.5,0.51
0.8,100,True,3.562266415210304,91,ngmres_etd,18.5,0.51
1.0,100,True,3.562266415184624,89,ngmres_etd,18.5,0.51
0.4,30,True,3.5622664146091765,135,ngmres_sd,18.5,0.51
0.6,30,True,3.562266414570028,135,ngmres_sd,18.5,0.51
0.8,30,True,3.5622664145445126,135,ngmres_sd,18.5,0.51
1.0,30,True,3.5622664144986445,135,ngmres_sd,18.5,0.51
0.4,50,True,3.5622664155178194,129,ngmres_sd,18.5,0.51
0.6,50,True,3.5622664155443733,129,ngmres_sd,18.5,0.51
0.8,50,True,3.562266415590196,129,ngmres_sd,18.5,0.51
1.0,50,True,3.56226641553953,129,ngmres_sd,18.5,0.51
0.4,80,True,3.5622664150305807,129,ngmres_sd,18.5,0.51
0.6,80,True,3.5622664150176764,129,ngmres_sd,18.5,0.51
0.8,80,True,3.562266415007321,129,ngmres_sd,18.5,0.51
1.0,80,True,3.5622664150233767,129,ngmres_sd,18.5,0.51
0.4,100,True,3.5622664150305807,129,ngmres_sd,18.5,0.51
0.6,100,True,3.5622664150176764,129,ngmres_sd,18.5,0.51
0.8,100,True,3.562266415007321,129,ngmres_sd,18.5,0.51
1.0,100,True,3.5622664150233767,129,ngmres_sd,18.5,0.51
0.4,30,True,3.5622664139589366,97,ngmres_sis,18.5,0.51
0.6,30,True,3.562266415337181,95,ngmres_sis,18.5,0.51
0.8,30,True,3.562266412787033,93,ngmres_sis,18.5,0.51
1.0,30,True,3.5622664134459034,93,ngmres_sis,18.5,0.51
0.4,50,True,3.562266414861225,93,ngmres_sis,18.5,0.51
0.6,50,True,3.5622664150062238,93,ngmres_sis,18.5,0.51
0.8,50,True,3.562266415133722,91,ngmres_sis,18.5,0.51
1.0,50,True,3.5622664151815933,91,ngmres_sis,18.5,0.51
0.4,80,True,3.562266414861225,93,ngmres_sis,18.5,0.51
0.6,80,True,3.5622664150062238,93,ngmres_sis,18.5,0.51
0.8,80,True,3.562266415133722,91,ngmres_sis,18.5,0.51
1.0,80,True,3.5622664151815933,91,ngmres_sis,18.5,0.51
0.4,100,True,3.562266414861225,93,ngmres_sis,18.5,0.51
0.6,100,True,3.5622664150062238,93,ngmres_sis,18.5,0.51
0.8,100,True,3.562266415133722,91,ngmres_sis,18.5,0.51
1.0,100,True,3.5622664151815933,91,ngmres_sis,18.5,0.51
0.4,30,True,3.562266414340852,152,oaccel_etd,18.5,0.51
0.6,30,True,3.5622664145449514,118,oaccel_etd,18.5,0.51
0.8,30,True,3.562266415177242,120,oaccel_etd,18.5,0.51
1.0,30,True,3.5622664160123243,124,oaccel_etd,18.5,0.51
0.4,50,True,3.562266414943603,106,oaccel_etd,18.5,0.51
0.6,50,True,3.5622664149884464,98,oaccel_etd,18.5,0.51
0.8,50,True,3.562266414979927,98,oaccel_etd,18.5,0.51
1.0,50,True,3.562266415106521,98,oaccel_etd,18.5,0.51
0.4,80,True,3.562266414996913,106,oaccel_etd,18.5,0.51
0.6,80,True,3.5622664149884464,98,oaccel_etd,18.5,0.51
0.8,80,True,3.562266414979927,98,oaccel_etd,18.5,0.51
1.0,80,True,3.562266415106521,98,oaccel_etd,18.5,0.51
0.4,100,True,3.562266414996913,106,oaccel_etd,18.5,0.51
0.6,100,True,3.5622664149884464,98,oaccel_etd,18.5,0.51
0.8,100,True,3.562266414979927,98,oaccel_etd,18.5,0.51
1.0,100,True,3.562266415106521,98,oaccel_etd,18.5,0.51
0.4,30,True,3.562266414277788,222,oaccel_sd,18.5,0.51
0.6,30,True,3.5622664154646664,186,oaccel_sd,18.5,0.51
0.8,30,True,3.5622664157255146,222,oaccel_sd,18.5,0.51
1.0,30,True,3.56226641387246,220,oaccel_sd,18.5,0.51
0.4,50,True,3.562266415008157,156,oaccel_sd,18.5,0.51
0.6,50,True,3.5622664158228634,156,oaccel_sd,18.5,0.51
0.8,50,True,3.56226641538845,156,oaccel_sd,18.5,0.51
1.0,50,True,3.5622664165064157,156,oaccel_sd,18.5,0.51
0.4,80,True,3.5622664150626946,140,oaccel_sd,18.5,0.51
0.6,80,True,3.562266415063132,140,oaccel_sd,18.5,0.51
0.8,80,True,3.562266415063103,140,oaccel_sd,18.5,0.51
1.0,80,True,3.5622664150626537,140,oaccel_sd,18.5,0.51
0.4,100,True,3.5622664150626946,140,oaccel_sd,18.5,0.51
0.6,100,True,3.562266415063132,140,oaccel_sd,18.5,0.51
0.8,100,True,3.562266415063103,140,oaccel_sd,18.5,0.51
1.0,100,True,3.5622664150626537,140,oaccel_sd,18.5,0.51
0.4,30,True,3.562266414045477,124,oaccel_sis,18.5,0.51
0.6,30,True,3.562266412214281,122,oaccel_sis,18.5,0.51
0.8,30,True,3.562266414396891,120,oaccel_sis,18.5,0.51
1.0,30,True,3.5622664136763404,120,oaccel_sis,18.5,0.51
0.4,50,True,3.562266415266782,104,oaccel_sis,18.5,0.51
0.6,50,True,3.5622664149734664,98,oaccel_sis,18.5,0.51
0.8,50,True,3.56226641488757,98,oaccel_sis,18.5,0.51
1.0,50,True,3.562266414909769,96,oaccel_sis,18.5,0.51
0.4,80,True,3.56226641505613,104,oaccel_sis,18.5,0.51
0.6,80,True,3.5622664149734664,98,oaccel_sis,18.5,0.51
0.8,80,True,3.56226641488757,98,oaccel_sis,18.5,0.51
1.0,80,True,3.562266414909769,96,oaccel_sis,18.5,0.51
0.4,100,True,3.56226641505613,104,oaccel_sis,18.5,0.51
0.6,100,True,3.5622664149734664,98,oaccel_sis,18.5,0.51
0.8,100,True,3.56226641488757,98,oaccel_sis,18.5,0.51
1.0,100,True,3.562266414909769,96,oaccel_sis,18.5,0.51
0.2,0,True,3.5622664147866407,431,sd,18.5,0.51
0.3,0,True,3.562266414789006,286,sd,18.5,0.51
0.4,0,True,3.5622664147972607,214,sd,18.5,0.51
0.5,0,False,4.397384549545617,3000,sd,18.5,0.51
0.4,0,True,3.5622664147885663,391,sis,18.5,0.51
0.6,0,True,3.562266414798958,319,sis,18.5,0.51
0.8,0,True,3.5622664148042897,283,sis,18.5,0.51
1.0,0,True,3.5622664147474152,261,sis,18.5,0.51
0.4,30,True,3.562266414598967,58,anderson_etd,18.5,0.52
0.6,30,True,3.562266414700052,55,anderson_etd,18.5,0.52
0.8,30,True,3.562266413955383,53,anderson_etd,18.5,0.52
1.0,30,True,3.5622664154315213,53,anderson_etd,18.5,0.52
0.4,50,True,3.562266413209418,58,anderson_etd,18.5,0.52
0.6,50,True,3.562266415776556,55,anderson_etd,18.5,0.52
0.8,50,True,3.562266414093518,54,anderson_etd,18.5,0.52
1.0,50,True,3.562266415550563,55,anderson_etd,18.5,0.52
0.4,80,True,3.562266411536412,61,anderson_etd,18.5,0.52
0.6,80,True,3.5622664155701846,55,anderson_etd,18.5,0.52
0.8,80,True,3.562266412382563,56,anderson_etd,18.5,0.52
1.0,80,True,3.5622664128939148,55,anderson_etd,18.5,0.52
0.4,100,True,3.562266411536412,61,anderson_etd,18.5,0.52
0.6,100,True,3.5622664155701846,55,anderson_etd,18.5,0.52
0.8,100,True,3.562266412382563,56,anderson_etd,18.5,0.52
1.0,100,True,3.5622664128939148,55,anderson_etd,18.5,0.52
0.4,30,True,3.562266414563193,72,anderson_sd,18.5,0.52
0.6,30,True,3.56226641592795,73,anderson_sd,18.5,0.52
0.8,30,True,3.5622664152806927,75,anderson_sd,18.5,0.52
1.0,30,True,3.5622664156573736,74,anderson_sd,18.5,0.52
0.4,50,True,3.5622664148423,69,anderson_sd,18.5,0.52
0.6,50,True,3.562266414955535,71,anderson_sd,18.5,0.52
0.8,50,True,3.562266415285442,71,anderson_sd,18.5,0.52
1.0,50,True,3.5622664147852205,71,anderson_sd,18.5,0.52
0.4,80,True,3.562266415071377,71,anderson_sd,18.5,0.52
0.6,80,True,3.562266416275592,71,anderson_sd,18.5,0.52
0.8,80,True,3.562266414967401,71,anderson_sd,18.5,0.52
1.0,80,True,3.562266414935797,71,anderson_sd,18.5,0.52
0.4,100,True,3.562266415071377,71,anderson_sd,18.5,0.52
0.6,100,True,3.562266416275592,71,anderson_sd,18.5,0.52
0.8,100,True,3.562266414967401,71,anderson_sd,18.5,0.52
1.0,100,True,3.562266414935797,71,anderson_sd,18.5,0.52
0.4,30,True,3.5622664148215124,63,anderson_sis,18.5,0.52
0.6,30,True,3.562266416325309,62,anderson_sis,18.5,0.52
0.8,30,True,3.5622664156349257,62,anderson_sis,18.5,0.52
1.0,30,True,3.562266415265346,58,anderson_sis,18.5,0.52
0.4,50,True,3.562266413344412,61,anderson_sis,18.5,0.52
0.6,50,True,3.5622664123462933,59,anderson_sis,18.5,0.52
0.8,50,True,3.562266411764287,58,anderson_sis,18.5,0.52
1.0,50,True,3.5622664138420337,57,anderson_sis,18.5,0.52
0.4,80,True,3.562266411776056,64,anderson_sis,18.5,0.52
0.6,80,True,3.5622664139675404,61,anderson_sis,18.5,0.52
0.8,80,True,3.562266411610733,60,anderson_sis,18.5,0.52
1.0,80,True,3.5622664121498278,59,anderson_sis,18.5,0.52
0.4,100,True,3.562266411776056,64,anderson_sis,18.5,0.52
0.6,100,True,3.5622664139675404,61,anderson_sis,18.5,0.52
0.8,100,True,3.562266411610733,60,anderson_sis,18.5,0.52
1.0,100,True,3.5622664121498278,59,anderson_sis,18.5,0.52
0.4,0,True,3.562266414795032,263,etd,18.5,0.52
0.6,0,True,3.5622664154373105,195,etd,18.5,0.52
0.8,0,True,3.562266418242356,198,etd,18.5,0.52
1.0,0,True,3.5622664128337407,217,etd,18.5,0.52
0.4,30,True,3.562266415819045,101,ngmres_etd,18.5,0.52
0.6,30,True,3.5622664150132524,97,ngmres_etd,18.5,0.52
0.8,30,True,3.562266415492533,97,ngmres_etd,18.5,0.52
1.0,30,True,3.562266414667457,97,ngmres_etd,18.5,0.52
0.4,50,True,3.5622664148571364,97,ngmres_etd,18.5,0.52
0.6,50,True,3.5622664150460155,93,ngmres_etd,18.5,0.52
0.8,50,True,3.56226641492065,93,ngmres_etd,18.5,0.52
1.0,50,True,3.5622664150561354,91,ngmres_etd,18.5,0.52
0.4,80,True,3.5622664148571364,97,ngmres_etd,18.5,0.52
0.6,80,True,3.5622664150460155,93,ngmres_etd,18.5,0.52
0.8,80,True,3.56226641492065,93,ngmres_etd,18.5,0.52
1.0,80,True,3.5622664150561354,91,ngmres_etd,18.5,0.52
0.4,100,True,3.5622664148571364,97,ngmres_etd,18.5,0.52
0.6,100,True,3.5622664150460155,93,ngmres_etd,18.5,0.52
0.8,100,True,3.56226641492065,93,ngmres_etd,18.5,0.52
1.0,100,True,3.5622664150561354,91,ngmres_etd,18.5,0.52
0.4,30,True,3.562266415197535,141,ngmres_sd,18.5,0.52
0.6,30,True,3.562266415170594,141,ngmres_sd,18.5,0.52
0.8,30,True,3.562266415233391,139,ngmres_sd,18.5,0.52
1.0,30,True,3.562266415211341,139,ngmres_sd,18.5,0.52
0.4,50,True,3.5622664149804706,133,ngmres_sd,18.5,0.52
0.6,50,True,3.5622664149686125,133,ngmres_sd,18.5,0.52
0.8,50,True,3.5622664149540846,133,ngmres_sd,18.5,0.52
1.0,50,True,3.5622664149379064,133,ngmres_sd,18.5,0.52
0.4,80,True,3.5622664147761105,131,ngmres_sd,18.5,0.52
0.6,80,True,3.562266414774892,131,ngmres_sd,18.5,0.52
0.8,80,True,3.5622664147737657,131,ngmres_sd,18.5,0.52
1.0,80,True,3.5622664147727265,131,ngmres_sd,18.5,0.52
0.4,100,True,3.5622664147761105,131,ngmres_sd,18.5,0.52
0.6,100,True,3.562266414774892,131,ngmres_sd,18.5,0.52
0.8,100,True,3.5622664147737657,131,ngmres_sd,18.5,0.52
1.0,100,True,3.5622664147727265,131,ngmres_sd,18.5,0.52
0.4,30,True,3.5622664159467146,101,ngmres_sis,18.5,0.52
0.6,30,True,3.562266415752537,97,ngmres_sis,18.5,0.52
0.8,30,True,3.5622664151904235,95,ngmres_sis,18.5,0.52
1.0,30,True,3.5622664151716563,95,ngmres_sis,18.5,0.52
0.4,50,True,3.5622664147805576,95,ngmres_sis,18.5,0.52
0.6,50,True,3.5622664148352525,93,ngmres_sis,18.5,0.52
0.8,50,True,3.562266414977848,91,ngmres_sis,18.5,0.52
1.0,50,True,3.562266415134358,89,ngmres_sis,18.5,0.52
0.4,80,True,3.5622664147805576,95,ngmres_sis,18.5,0.52
0.6,80,True,3.5622664148352525,93,ngmres_sis,18.5,0.52
0.8,80,True,3.562266414977848,91,ngmres_sis,18.5,0.52
1.0,80,True,3.562266415134358,89,ngmres_sis,18.5,0.52
0.4,100,True,3.5622664147805576,95,ngmres_sis,18.5,0.52
0.6,100,True,3.5622664148352525,93,ngmres_sis,18.5,0.52
0.8,100,True,3.562266414977848,91,ngmres_sis,18.5,0.52
1.0,100,True,3.562266415134358,89,ngmres_sis,18.5,0.52
0.4,30,True,3.562266414271483,142,oaccel_etd,18.5,0.52
0.6,30,True,3.562266415549224,118,oaccel_etd,18.5,0.52
0.8,30,True,3.5622664159027515,122,oaccel_etd,18.5,0.52
1.0,30,True,3.562266415933019,120,oaccel_etd,18.5,0.52
0.4,50,True,3.562266414035129,106,oaccel_etd,18.5,0.52
0.6,50,True,3.5622664145542524,100,oaccel_etd,18.5,0.52
0.8,50,True,3.562266414878445,98,oaccel_etd,18.5,0.52
1.0,50,True,3.56226641500269,98,oaccel_etd,18.5,0.52
0.4,80,True,3.5622664148183505,106,oaccel_etd,18.5,0.52
0.6,80,True,3.5622664145542524,100,oaccel_etd,18.5,0.52
0.8,80,True,3.562266414878445,98,oaccel_etd,18.5,0.52
1.0,80,True,3.56226641500269,98,oaccel_etd,18.5,0.52
0.4,100,True,3.5622664148183505,106,oaccel_etd,18.5,0.52
0.6,100,True,3.5622664145542524,100,oaccel_etd,18.5,0.52
0.8,100,True,3.562266414878445,98,oaccel_etd,18.5,0.52
1.0,100,True,3.56226641500269,98,oaccel_etd,18.5,0.52
0.4,30,True,3.5622664170990275,190,oaccel_sd,18.5,0.52
0.6,30,True,3.5622664158768407,210,oaccel_sd,18.5,0.52
0.8,30,True,3.5622664140653137,188,oaccel_sd,18.5,0.52
1.0,30,True,3.5622664161551327,188,oaccel_sd,18.5,0.52
0.4,50,True,3.562266416854257,158,oaccel_sd,18.5,0.52
0.6,50,True,3.5622664180634054,158,oaccel_sd,18.5,0.52
0.8,50,True,3.562266416895473,160,oaccel_sd,18.5,0.52
1.0,50,True,3.562266414597548,158,oaccel_sd,18.5,0.52
0.4,80,True,3.56226641466798,142,oaccel_sd,18.5,0.52
0.6,80,True,3.5622664146714182,142,oaccel_sd,18.5,0.52
0.8,80,True,3.5622664146784766,142,oaccel_sd,18.5,0.52
1.0,80,True,3.562266414674352,142,oaccel_sd,18.5,0.52
0.4,100,True,3.56226641466798,142,oaccel_sd,18.5,0.52
0.6,100,True,3.5622664146714182,142,oaccel_sd,18.5,0.52
0.8,100,True,3.5622664146784766,142,oaccel_sd,18.5,0.52
1.0,100,True,3.562266414674352,142,oaccel_sd,18.5,0.52
0.4,30,True,3.562266414803724,124,oaccel_sis,18.5,0.52
0.6,30,True,3.5622664159695194,118,oaccel_sis,18.5,0.52
0.8,30,True,3.5622664146620115,112,oaccel_sis,18.5,0.52
1.0,30,True,3.5622664138631865,114,oaccel_sis,18.5,0.52
0.4,50,True,3.5622664143207654,106,oaccel_sis,18.5,0.52
0.6,50,True,3.5622664146954195,102,oaccel_sis,18.5,0.52
0.8,50,True,3.562266414649301,96,oaccel_sis,18.5,0.52
1.0,50,True,3.5622664149684367,96,oaccel_sis,18.5,0.52
0.4,80,True,3.562266414945141,106,oaccel_sis,18.5,0.52
0.6,80,True,3.5622664146954195,102,oaccel_sis,18.5,0.52
0.8,80,True,3.562266414649301,96,oaccel_sis,18.5,0.52
1.0,80,True,3.5622664149684367,96,oaccel_sis,18.5,0.52
0.4,100,True,3.562266414945141,106,oaccel_sis,18.5,0.52
0.6,100,True,3.5622664146954195,102,oaccel_sis,18.5,0.52
0.8,100,True,3.562266414649301,96,oaccel_sis,18.5,0.52
1.0,100,True,3.5622664149684367,96,oaccel_sis,18.5,0.52
0.2,0,True,3.5622664147911207,432,sd,18.5,0.52
0.3,0,True,3.562266414796068,287,sd,18.5,0.52
0.4,0,True,3.56226641479626,214,sd,18.5,0.52
0.5,0,False,4.246676476470561,3000,sd,18.5,0.52
0.4,0,True,3.56226641479887,393,sis,18.5,0.52
0.6,0,True,3.562266414807482,320,sis,18.5,0.52
0.8,0,True,3.5622664148178678,284,sis,18.5,0.52
1.0,0,True,3.562266414772184,263,sis,18.5,0.52
0.4,30,True,3.5622664150087404,60,anderson_etd,18.5,0.53
0.6,30,True,3.5622664152768264,56,anderson_etd,18.5,0.53
0.8,30,True,3.562266415034961,55,anderson_etd,18.5,0.53
1.0,30,True,3.5622664149237693,53,anderson_etd,18.5,0.53
0.4,50,True,3.562266415145132,60,anderson_etd,18.5,0.53
0.6,50,True,3.562266413200049,56,anderson_etd,18.5,0.53
0.8,50,True,3.562266419403823,55,anderson_etd,18.5,0.53
1.0,50,True,3.5622664160533306,54,anderson_etd,18.5,0.53
0.4,80,True,3.562266412974089,62,anderson_etd,18.5,0.53
0.6,80,True,3.562266414505016,56,anderson_etd,18.5,0.53
0.8,80,True,3.5622664192842235,55,anderson_etd,18.5,0.53
1.0,80,True,3.5622664152933634,54,anderson_etd,18.5,0.53
0.4,100,True,3.562266412974089,62,anderson_etd,18.5,0.53
0.6,100,True,3.562266414505016,56,anderson_etd,18.5,0.53
0.8,100,True,3.5622664192842235,55,anderson_etd,18.5,0.53
1.0,100,True,3.5622664152933634,54,anderson_etd,18.5,0.53
0.4,30,True,3.562266415117993,73,anderson_sd,18.5,0.53
0.6,30,True,3.5622664155282173,76,anderson_sd,18.5,0.53
0.8,30,True,3.5622664142694767,77,anderson_sd,18.5,0.53
1.0,30,True,3.562266414825184,78,anderson_sd,18.5,0.53
0.4,50,True,3.562266414353549,71,anderson_sd,18.5,0.53
0.6,50,True,3.562266414801265,71,anderson_sd,18.5,0.53
0.8,50,True,3.5622664145132656,72,anderson_sd,18.5,0.53
1.0,50,True,3.562266412954964,72,anderson_sd,18.5,0.53
0.4,80,True,3.56226641263805,72,anderson_sd,18.5,0.53
0.6,80,True,3.5622664171619736,73,anderson_sd,18.5,0.53
0.8,80,True,3.5622664167164384,72,anderson_sd,18.5,0.53
1.0,80,True,3.562266414577925,72,anderson_sd,18.5,0.53
0.4,100,True,3.56226641263805,72,anderson_sd,18.5,0.53
0.6,100,True,3.5622664171619736,73,anderson_sd,18.5,0.53
0.8,100,True,3.5622664167164384,72,anderson_sd,18.5,0.53
1.0,100,True,3.562266414577925,72,anderson_sd,18.5,0.53
0.4,30,True,3.562266415317554,66,anderson_sis,18.5,0.53
0.6,30,True,3.562266414311461,63,anderson_sis,18.5,0.53
0.8,30,True,3.56226641530305,62,anderson_sis,18.5,0.53
1.0,30,True,3.562266415005917,61,anderson_sis,18.5,0.53
0.4,50,True,3.562266414508088,63,anderson_sis,18.5,0.53
0.6,50,True,3.562266413607894,60,anderson_sis,18.5,0.53
0.8,50,True,3.562266413127204,59,anderson_sis,18.5,0.53
1.0,50,True,3.562266414532628,59,anderson_sis,18.5,0.53
0.4,80,True,3.5622664132565527,66,anderson_sis,18.5,0.53
0.6,80,True,3.5622664138366,64,anderson_sis,18.5,0.53
0.8,80,True,3.5622664145397884,61,anderson_sis,18.5,0.53
1.0,80,True,3.562266415822374,60,anderson_sis,18.5,0.53
0.4,100,True,3.5622664132565527,66,anderson_sis,18.5,0.53
0.6,100,True,3.5622664138366,64,anderson_sis,18.5,0.53
0.8,100,True,3.5622664145397884,61,anderson_sis,18.5,0.53
1.0,100,True,3.562266415822374,60,anderson_sis,18.5,0.53
0.4,0,True,3.562266414818235,266,etd,18.5,0.53
0.6,0,True,3.5622664129713177,200,etd,18.5,0.53
0.8,0,True,3.562266411867052,205,etd,18.5,0.53
1.0,0,True,3.5622664180463124,223,etd,18.5,0.53
0.4,30,True,3.562266415418713,103,ngmres_etd,18.5,0.53
0.6,30,True,3.5622664153292414,99,ngmres_etd,18.5,0.53
0.8,30,True,3.562266414186073,97,ngmres_etd,18.5,0.53
1.0,30,True,3.562266413389909,95,ngmres_etd,18.5,0.53
0.4,50,True,3.5622664149199954,99,ngmres_etd,18.5,0.53
0.6,50,True,3.562266414875717,95,ngmres_etd,18.5,0.53
0.8,50,True,3.562266415049113,93,ngmres_etd,18.5,0.53
1.0,50,True,3.5622664152319112,91,ngmres_etd,18.5,0.53
0.4,80,True,3.5622664149199954,99,ngmres_etd,18.5,0.53
0.6,80,True,3.562266414875717,95,ngmres_etd,18.5,0.53
0.8,80,True,3.562266415049113,93,ngmres_etd,18.5,0.53
1.0,80,True,3.5622664152319112,91,ngmres_etd,18.5,0.53
0.4,100,True,3.5622664149199954,99,ngmres_etd,18.5,0.53
0.6,100,True,3.562266414875717,95,ngmres_etd,18.5,0.53
0.8,100,True,3.562266415049113,93,ngmres_etd,18.5,0.53
1.0,100,True,3.5622664152319112,91,ngmres_etd,18.5,0.53
0.4,30,True,3.562266415130769,145,ngmres_sd,18.5,0.53
0.6,30,True,3.562266414397488,143,ngmres_sd,18.5,0.53
0.8,30,True,3.56226641423894,143,ngmres_sd,18.5,0.53
1.0,30,True,3.5622664141751974,143,ngmres_sd,18.5,0.53
0.4,50,True,3.562266414470868,137,ngmres_sd,18.5,0.53
0.6,50,True,3.562266414361692,137,ngmres_sd,18.5,0.53
0.8,50,True,3.562266414224517,137,ngmres_sd,18.5,0.53
1.0,50,True,3.5622664140975075,137,ngmres_sd,18.5,0.53
0.4,80,True,3.562266414984143,133,ngmres_sd,18.5,0.53
0.6,80,True,3.562266414994033,133,ngmres_sd,18.5,0.53
0.8,80,True,3.562266415007042,133,ngmres_sd,18.5,0.53
1.0,80,True,3.562266415022197,133,ngmres_sd,18.5,0.53
0.4,100,True,3.562266414984143,133,ngmres_sd,18.5,0.53
0.6,100,True,3.562266414994033,133,ngmres_sd,18.5,0.53
0.8,100,True,3.562266415007042,133,ngmres_sd,18.5,0.53
1.0,100,True,3.562266415022197,133,ngmres_sd,18.5,0.53
0.4,30,True,3.5622664159362865,103,ngmres_sis,18.5,0.53
0.6,30,True,3.562266415250384,99,ngmres_sis,18.5,0.53
0.8,30,True,3.562266413928123,97,ngmres_sis,18.5,0.53
1.0,30,True,3.562266414869189,97,ngmres_sis,18.5,0.53
0.4,50,True,3.562266414830402,99,ngmres_sis,18.5,0.53
0.6,50,True,3.5622664148343794,95,ngmres_sis,18.5,0.53
0.8,50,True,3.562266414984582,93,ngmres_sis,18.5,0.53
1.0,50,True,3.562266414858974,93,ngmres_sis,18.5,0.53
0.4,80,True,3.562266414830402,99,ngmres_sis,18.5,0.53
0.6,80,True,3.5622664148343794,95,ngmres_sis,18.5,0.53
0.8,80,True,3.562266414984582,93,ngmres_sis,18.5,0.53
1.0,80,True,3.562266414858974,93,ngmres_sis,18.5,0.53
0.4,100,True,3.562266414830402,99,ngmres_sis,18.5,0.53
0.6,100,True,3.5622664148343794,95,ngmres_sis,18.5,0.53
0.8,100,True,3.562266414984582,93,ngmres_sis,18.5,0.53
1.0,100,True,3.562266414858974,93,ngmres_sis,18.5,0.53
0.4,30,True,3.5622664159192867,128,oaccel_etd,18.5,0.53
0.6,30,True,3.5622664143368894,124,oaccel_etd,18.5,0.53
0.8,30,True,3.5622664152481978,124,oaccel_etd,18.5,0.53
1.0,30,True,3.5622664156136388,124,oaccel_etd,18.5,0.53
0.4,50,True,3.562266412648774,110,oaccel_etd,18.5,0.53
0.6,50,True,3.5622664142920417,100,oaccel_etd,18.5,0.53
0.8,50,True,3.5622664149993977,100,oaccel_etd,18.5,0.53
1.0,50,True,3.56226641489193,98,oaccel_etd,18.5,0.53
0.4,80,True,3.5622664150888053,108,oaccel_etd,18.5,0.53
0.6,80,True,3.5622664142920417,100,oaccel_etd,18.5,0.53
0.8,80,True,3.5622664149993977,100,oaccel_etd,18.5,0.53
1.0,80,True,3.56226641489193,98,oaccel_etd,18.5,0.53
0.4,100,True,3.5622664150888053,108,oaccel_etd,18.5,0.53
0.6,100,True,3.5622664142920417,100,oaccel_etd,18.5,0.53
0.8,100,True,3.5622664149993977,100,oaccel_etd,18.5,0.53
1.0,100,True,3.56226641489193,98,oaccel_etd,18.5,0.53
0.4,30,True,3.5622664164060147,286,oaccel_sd,18.5,0.53
0.6,30,True,3.5622664142894056,312,oaccel_sd,18.5,0.53
0.8,30,True,3.56226641650031,440,oaccel_sd,18.5,0.53
1.0,30,True,3.5622664168318474,466,oaccel_sd,18.5,0.53
0.4,50,True,3.5622664155040864,158,oaccel_sd,18.5,0.53
0.6,50,True,3.562266416377695,160,oaccel_sd,18.5,0.53
0.8,50,True,3.562266415999824,160,oaccel_sd,18.5,0.53
1.0,50,True,3.5622664161036406,158,oaccel_sd,18.5,0.53
0.4,80,True,3.5622664153111847,144,oaccel_sd,18.5,0.53
0.6,80,True,3.562266415302764,144,oaccel_sd,18.5,0.53
0.8,80,True,3.5622664152946504,144,oaccel_sd,18.5,0.53
1.0,80,True,3.562266415285829,144,oaccel_sd,18.5,0.53
0.4,100,True,3.5622664153111847,144,oaccel_sd,18.5,0.53
0.6,100,True,3.562266415302764,144,oaccel_sd,18.5,0.53
0.8,100,True,3.5622664152946504,144,oaccel_sd,18.5,0.53
1.0,100,True,3.562266415285829,144,oaccel_sd,18.5,0.53
0.4,30,True,3.562266414913415,136,oaccel_sis,18.5,0.53
0.6,30,True,3.5622664147638146,126,oaccel_sis,18.5,0.53
0.8,30,True,3.562266415143384,122,oaccel_sis,18.5,0.53
1.0,30,True,3.5622664163172297,120,oaccel_sis,18.5,0.53
0.4,50,True,3.5622664151248697,106,oaccel_sis,18.5,0.53
0.6,50,True,3.56226641453127,102,oaccel_sis,18.5,0.53
0.8,50,True,3.562266414300254,100,oaccel_sis,18.5,0.53
1.0,50,True,3.562266414720135,100,oaccel_sis,18.5,0.53
0.4,80,True,3.562266415052753,106,oaccel_sis,18.5,0.53
0.6,80,True,3.56226641453127,102,oaccel_sis,18.5,0.53
0.8,80,True,3.562266414300254,100,oaccel_sis,18.5,0.53
1.0,80,True,3.562266414720135,100,oaccel_sis,18.5,0.53
0.4,100,True,3.562266415052753,106,oaccel_sis,18.5,0.53
0.6,100,True,3.56226641453127,102,oaccel_sis,18.5,0.53
0.8,100,True,3.562266414300254,100,oaccel_sis,18.5,0.53
1.0,100,True,3.562266414720135,100,oaccel_sis,18.5,0.53
0.2,0,True,3.56226641480547,437,sd,18.5,0.53
0.3,0,True,3.5622664148074685,290,sd,18.5,0.53
0.4,0,True,3.562266414814175,217,sd,18.5,0.53
0.5,0,False,4.488065567869013,3000,sd,18.5,0.53
0.4,0,True,3.562266414809443,397,sis,18.5,0.53
0.6,0,True,3.562266414821135,324,sis,18.5,0.53
0.8,0,True,3.562266414861852,288,sis,18.5,0.53
1.0,0,True,3.5622664148639838,266,sis,18.5,0.53
0.4,30,True,3.5622664153489367,63,anderson_etd,18.5,0.54
0.6,30,True,3.5622664150428003,59,anderson_etd,18.5,0.54
0.8,30,True,3.562266415097424,57,anderson_etd,18.5,0.54
1.0,30,True,3.5622664147823144,57,anderson_etd,18.5,0.54
0.4,50,True,3.56226641374826,61,anderson_etd,18.5,0.54
0.6,50,True,3.5622664144457223,58,anderson_etd,18.5,0.54
0.8,50,True,3.5622664137541946,56,anderson_etd,18.5,0.54
1.0,50,True,3.562266414336582,55,anderson_etd,18.5,0.54
0.4,80,True,3.5622664126459576,64,anderson_etd,18.5,0.54
0.6,80,True,3.562266412520984,59,anderson_etd,18.5,0.54
0.8,80,True,3.562266414509823,58,anderson_etd,18.5,0.54
1.0,80,True,3.5622664147383567,57,anderson_etd,18.5,0.54
0.4,100,True,3.5622664126459576,64,anderson_etd,18.5,0.54
0.6,100,True,3.562266412520984,59,anderson_etd,18.5,0.54
0.8,100,True,3.562266414509823,58,anderson_etd,18.5,0.54
1.0,100,True,3.5622664147383567,57,anderson_etd,18.5,0.54
0.4,30,True,3.562266414543142,78,anderson_sd,18.5,0.54
0.6,30,True,3.562266414552343,79,anderson_sd,18.5,0.54
0.8,30,True,3.562266414573097,80,anderson_sd,18.5,0.54
1.0,30,True,3.562266414238508,82,anderson_sd,18.5,0.54
0.4,50,True,3.5622664142438474,75,anderson_sd,18.5,0.54
0.6,50,True,3.56226641389828,75,anderson_sd,18.5,0.54
0.8,50,True,3.5622664139346867,76,anderson_sd,18.5,0.54
1.0,50,True,3.5622664141647347,78,anderson_sd,18.5,0.54
0.4,80,True,3.5622664155676587,76,anderson_sd,18.5,0.54
0.6,80,True,3.562266416771064,75,anderson_sd,18.5,0.54
0.8,80,True,3.562266416763377,77,anderson_sd,18.5,0.54
1.0,80,True,3.562266415073239,78,anderson_sd,18.5,0.54
0.4,100,True,3.5622664155676587,76,anderson_sd,18.5,0.54
0.6,100,True,3.562266416771064,75,anderson_sd,18.5,0.54
0.8,100,True,3.562266416763377,77,anderson_sd,18.5,0.54
1.0,100,True,3.562266415073239,78,anderson_sd,18.5,0.54
0.4,30,True,3.562266414487543,67,anderson_sis,18.5,0.54
0.6,30,True,3.562266413778519,65,anderson_sis,18.5,0.54
0.8,30,True,3.5622664153786463,63,anderson_sis,18.5,0.54
1.0,30,True,3.562266416634544,62,anderson_sis,18.5,0.54
0.4,50,True,3.5622664132474178,65,anderson_sis,18.5,0.54
0.6,50,True,3.562266414642676,62,anderson_sis,18.5,0.54
0.8,50,True,3.5622664153698977,60,anderson_sis,18.5,0.54
1.0,50,True,3.5622664152059533,59,anderson_sis,18.5,0.54
0.4,80,True,3.5622664135300326,67,anderson_sis,18.5,0.54
0.6,80,True,3.5622664158833777,64,anderson_sis,18.5,0.54
0.8,80,True,3.562266415304574,62,anderson_sis,18.5,0.54
1.0,80,True,3.562266415317032,60,anderson_sis,18.5,0.54
0.4,100,True,3.5622664135300326,67,anderson_sis,18.5,0.54
0.6,100,True,3.5622664158833777,64,anderson_sis,18.5,0.54
0.8,100,True,3.562266415304574,62,anderson_sis,18.5,0.54
1.0,100,True,3.562266415317032,60,anderson_sis,18.5,0.54
0.4,0,True,3.562266414835631,270,etd,18.5,0.54
0.6,0,True,3.5622664131150605,202,etd,18.5,0.54
0.8,0,True,3.562266412182895,206,etd,18.5,0.54
1.0,0,True,3.5622664136393443,231,etd,18.5,0.54
0.4,30,True,3.5622664152347445,105,ngmres_etd,18.5,0.54
0.6,30,True,3.562266414261071,101,ngmres_etd,18.5,0.54
0.8,30,True,3.5622664148256407,101,ngmres_etd,18.5,0.54
1.0,30,True,3.5622664140045748,101,ngmres_etd,18.5,0.54
0.4,50,True,3.562266414672936,101,ngmres_etd,18.5,0.54
0.6,50,True,3.562266414827884,99,ngmres_etd,18.5,0.54
0.8,50,True,3.56226641498429,97,ngmres_etd,18.5,0.54
1.0,50,True,3.562266415075434,97,ngmres_etd,18.5,0.54
0.4,80,True,3.5622664145323606,101,ngmres_etd,18.5,0.54
0.6,80,True,3.562266414827884,99,ngmres_etd,18.5,0.54
0.8,80,True,3.56226641498429,97,ngmres_etd,18.5,0.54
1.0,80,True,3.562266415075434,97,ngmres_etd,18.5,0.54
0.4,100,True,3.5622664145323606,101,ngmres_etd,18.5,0.54
0.6,100,True,3.562266414827884,99,ngmres_etd,18.5,0.54
0.8,100,True,3.56226641498429,97,ngmres_etd,18.5,0.54
1.0,100,True,3.562266415075434,97,ngmres_etd,18.5,0.54
0.4,30,True,3.5622664148324734,149,ngmres_sd,18.5,0.54
0.6,30,True,3.5622664149484766,149,ngmres_sd,18.5,0.54
0.8,30,True,3.562266415303182,149,ngmres_sd,18.5,0.54
1.0,30,True,3.562266415570484,149,ngmres_sd,18.5,0.54
0.4,50,True,3.5622664151021075,143,ngmres_sd,18.5,0.54
0.6,50,True,3.5622664149936307,143,ngmres_sd,18.5,0.54
0.8,50,True,3.562266414863875,143,ngmres_sd,18.5,0.54
1.0,50,True,3.562266415670514,145,ngmres_sd,18.5,0.54
0.4,80,True,3.562266414794391,141,ngmres_sd,18.5,0.54
0.6,80,True,3.5622664147991268,141,ngmres_sd,18.5,0.54
0.8,80,True,3.5622664148062206,141,ngmres_sd,18.5,0.54
1.0,80,True,3.562266414816407,141,ngmres_sd,18.5,0.54
0.4,100,True,3.562266414794391,141,ngmres_sd,18.5,0.54
0.6,100,True,3.5622664147991268,141,ngmres_sd,18.5,0.54
0.8,100,True,3.5622664148062206,141,ngmres_sd,18.5,0.54
1.0,100,True,3.562266414816407,141,ngmres_sd,18.5,0.54
0.4,30,True,3.562266414431352,105,ngmres_sis,18.5,0.54
0.6,30,True,3.5622664156503934,101,ngmres_sis,18.5,0.54
0.8,30,True,3.562266415124878,99,ngmres_sis,18.5,0.54
1.0,30,True,3.562266414737083,99,ngmres_sis,18.5,0.54
0.4,50,True,3.5622664144245446,101,ngmres_sis,18.5,0.54
0.6,50,True,3.56226641469968,97,ngmres_sis,18.5,0.54
0.8,50,True,3.5622664148208054,95,ngmres_sis,18.5,0.54
1.0,50,True,3.562266414829784,95,ngmres_sis,18.5,0.54
0.4,80,True,3.562266414515694,101,ngmres_sis,18.5,0.54
0.6,80,True,3.56226641469968,97,ngmres_sis,18.5,0.54
0.8,80,True,3.5622664148208054,95,ngmres_sis,18.5,0.54
1.0,80,True,3.562266414829784,95,ngmres_sis,18.5,0.54
0.4,100,True,3.562266414515694,101,ngmres_sis,18.5,0.54
0.6,100,True,3.56226641469968,97,ngmres_sis,18.5,0.54
0.8,100,True,3.5622664148208054,95,ngmres_sis,18.5,0.54
1.0,100,True,3.562266414829784,95,ngmres_sis,18.5,0.54
0.4,30,True,3.5622664181269954,146,oaccel_etd,18.5,0.54
0.6,30,True,3.5622664150554018,128,oaccel_etd,18.5,0.54
0.8,30,True,3.562266414414574,126,oaccel_etd,18.5,0.54
1.0,30,True,3.562266414253628,162,oaccel_etd,18.5,0.54
0.4,50,True,3.562266416916809,114,oaccel_etd,18.5,0.54
0.6,50,True,3.56226641405138,106,oaccel_etd,18.5,0.54
0.8,50,True,3.562266415185327,106,oaccel_etd,18.5,0.54
1.0,50,True,3.5622664153601145,102,oaccel_etd,18.5,0.54
0.4,80,True,3.5622664151822097,112,oaccel_etd,18.5,0.54
0.6,80,True,3.5622664144125595,106,oaccel_etd,18.5,0.54
0.8,80,True,3.562266414749806,106,oaccel_etd,18.5,0.54
1.0,80,True,3.5622664153601145,102,oaccel_etd,18.5,0.54
0.4,100,True,3.5622664151822097,112,oaccel_etd,18.5,0.54
0.6,100,True,3.5622664144125595,106,oaccel_etd,18.5,0.54
0.8,100,True,3.562266414749806,106,oaccel_etd,18.5,0.54
1.0,100,True,3.5622664153601145,102,oaccel_etd,18.5,0.54
0.4,30,True,3.562266414680992,326,oaccel_sd,18.5,0.54
0.6,30,True,3.562266415754019,572,oaccel_sd,18.5,0.54
0.8,30,True,3.562266413746345,488,oaccel_sd,18.5,0.54
1.0,30,True,3.5622664150048324,670,oaccel_sd,18.5,0.54
0.4,50,True,3.5622664154969605,170,oaccel_sd,18.5,0.54
0.6,50,True,3.5622664145170093,170,oaccel_sd,18.5,0.54
0.8,50,True,3.562266414346189,170,oaccel_sd,18.5,0.54
1.0,50,True,3.5622664147444487,172,oaccel_sd,18.5,0.54
0.4,80,True,3.5622664154135397,152,oaccel_sd,18.5,0.54
0.6,80,True,3.5622664154222905,152,oaccel_sd,18.5,0.54
0.8,80,True,3.562266415431448,152,oaccel_sd,18.5,0.54
1.0,80,True,3.5622664154405834,152,oaccel_sd,18.5,0.54
0.4,100,True,3.5622664154135397,152,oaccel_sd,18.5,0.54
0.6,100,True,3.5622664154222905,152,oaccel_sd,18.5,0.54
0.8,100,True,3.562266415431448,152,oaccel_sd,18.5,0.54
1.0,100,True,3.5622664154405834,152,oaccel_sd,18.5,0.54
0.4,30,True,3.56226641571246,128,oaccel_sis,18.5,0.54
0.6,30,True,3.562266416744875,136,oaccel_sis,18.5,0.54
0.8,30,True,3.5622664149565244,124,oaccel_sis,18.5,0.54
1.0,30,True,3.562266417390481,122,oaccel_sis,18.5,0.54
0.4,50,True,3.5622664168109406,114,oaccel_sis,18.5,0.54
0.6,50,True,3.5622664156543866,106,oaccel_sis,18.5,0.54
0.8,50,True,3.5622664159489617,104,oaccel_sis,18.5,0.54
1.0,50,True,3.5622664140745126,100,oaccel_sis,18.5,0.54
0.4,80,True,3.562266415190793,112,oaccel_sis,18.5,0.54
0.6,80,True,3.5622664153014947,106,oaccel_sis,18.5,0.54
0.8,80,True,3.562266415382555,104,oaccel_sis,18.5,0.54
1.0,80,True,3.5622664140745126,100,oaccel_sis,18.5,0.54
0.4,100,True,3.562266415190793,112,oaccel_sis,18.5,0.54
0.6,100,True,3.5622664153014947,106,oaccel_sis,18.5,0.54
0.8,100,True,3.562266415382555,104,oaccel_sis,18.5,0.54
1.0,100,True,3.5622664140745126,100,oaccel_sis,18.5,0.54
0.2,0,True,3.562266414818666,444,sd,18.5,0.54
0.3,0,True,3.562266414822836,295,sd,18.5,0.54
0.4,0,True,3.562266414821411,220,sd,18.5,0.54
0.5,0,False,4.25759568263177,3000,sd,18.5,0.54
0.4,0,True,3.562266414821033,403,sis,18.5,0.54
0.6,0,True,3.5622664148295087,330,sis,18.5,0.54
0.8,0,True,3.562266414862446,293,sis,18.5,0.54
1.0,0,True,3.562266414952296,271,sis,18.5,0.54
0.4,30,True,3.562266414348871,65,anderson_etd,18.5,0.55
0.6,30,True,3.562266415507861,59,anderson_etd,18.5,0.55
0.8,30,True,3.562266415367509,56,anderson_etd,18.5,0.55
1.0,30,True,3.562266414507688,57,anderson_etd,18.5,0.55
0.4,50,True,3.5622664135896684,63,anderson_etd,18.5,0.55
0.6,50,True,3.562266414791715,58,anderson_etd,18.5,0.55
0.8,50,True,3.5622664164932623,56,anderson_etd,18.5,0.55
1.0,50,True,3.5622664152587564,56,anderson_etd,18.5,0.55
0.4,80,True,3.5622664120961254,64,anderson_etd,18.5,0.55
0.6,80,True,3.56226641449929,60,anderson_etd,18.5,0.55
0.8,80,True,3.5622664165462687,57,anderson_etd,18.5,0.55
1.0,80,True,3.562266416183303,56,anderson_etd,18.5,0.55
0.4,100,True,3.5622664120961254,64,anderson_etd,18.5,0.55
0.6,100,True,3.56226641449929,60,anderson_etd,18.5,0.55
0.8,100,True,3.5622664165462687,57,anderson_etd,18.5,0.55
1.0,100,True,3.562266416183303,56,anderson_etd,18.5,0.55
0.4,30,True,3.562266415080699,78,anderson_sd,18.5,0.55
0.6,30,True,3.562266414199418,81,anderson_sd,18.5,0.55
0.8,30,True,3.5622664154528376,80,anderson_sd,18.5,0.55
1.0,30,True,3.56226641436532,83,anderson_sd,18.5,0.55
0.4,50,True,3.5622664143432257,76,anderson_sd,18.5,0.55
0.6,50,True,3.5622664145670253,77,anderson_sd,18.5,0.55
0.8,50,True,3.562266413880181,78,anderson_sd,18.5,0.55
1.0,50,True,3.562266414454188,79,anderson_sd,18.5,0.55
0.4,80,True,3.562266417926205,77,anderson_sd,18.5,0.55
0.6,80,True,3.5622664150941565,76,anderson_sd,18.5,0.55
0.8,80,True,3.562266414839346,77,anderson_sd,18.5,0.55
1.0,80,True,3.5622664155312584,78,anderson_sd,18.5,0.55
0.4,100,True,3.562266417926205,77,anderson_sd,18.5,0.55
0.6,100,True,3.5622664150941565,76,anderson_sd,18.5,0.55
0.8,100,True,3.562266414839346,77,anderson_sd,18.5,0.55
1.0,100,True,3.5622664155312584,78,anderson_sd,18.5,0.55
0.4,30,True,3.5622664142235063,70,anderson_sis,18.5,0.55
0.6,30,True,3.5622664142301605,67,anderson_sis,18.5,0.55
0.8,30,True,3.5622664149999883,63,anderson_sis,18.5,0.55
1.0,30,True,3.562266415115406,62,anderson_sis,18.5,0.55
0.4,50,True,3.5622664143338048,66,anderson_sis,18.5,0.55
0.6,50,True,3.5622664138507822,63,anderson_sis,18.5,0.55
0.8,50,True,3.562266414444151,61,anderson_sis,18.5,0.55
1.0,50,True,3.562266413134452,60,anderson_sis,18.5,0.55
0.4,80,True,3.562266414719069,69,anderson_sis,18.5,0.55
0.6,80,True,3.562266414830741,64,anderson_sis,18.5,0.55
0.8,80,True,3.5622664149391303,62,anderson_sis,18.5,0.55
1.0,80,True,3.562266415826767,61,anderson_sis,18.5,0.55
0.4,100,True,3.562266414719069,69,anderson_sis,18.5,0.55
0.6,100,True,3.562266414830741,64,anderson_sis,18.5,0.55
0.8,100,True,3.5622664149391303,62,anderson_sis,18.5,0.55
1.0,100,True,3.562266415826767,61,anderson_sis,18.5,0.55
0.4,0,True,3.5622664148444825,274,etd,18.5,0.55
0.6,0,True,3.5622664142231706,204,etd,18.5,0.55
0.8,0,True,3.5622664133483424,207,etd,18.5,0.55
1.0,0,True,3.562266414640922,232,etd,18.5,0.55
0.4,30,True,3.562266414845596,109,ngmres_etd,18.5,0.55
0.6,30,True,3.562266414513449,103,ngmres_etd,18.5,0.55
0.8,30,True,3.562266416489562,101,ngmres_etd,18.5,0.55
1.0,30,True,3.5622664149745464,103,ngmres_etd,18.5,0.55
0.4,50,True,3.5622664146457783,105,ngmres_etd,18.5,0.55
0.6,50,True,3.562266414601911,99,ngmres_etd,18.5,0.55
0.8,50,True,3.562266415408735,97,ngmres_etd,18.5,0.55
1.0,50,True,3.562266415005853,97,ngmres_etd,18.5,0.55
0.4,80,True,3.562266414414279,103,ngmres_etd,18.5,0.55
0.6,80,True,3.562266414601911,99,ngmres_etd,18.5,0.55
0.8,80,True,3.562266415408735,97,ngmres_etd,18.5,0.55
1.0,80,True,3.562266415005853,97,ngmres_etd,18.5,0.55
0.4,100,True,3.562266414414279,103,ngmres_etd,18.5,0.55
0.6,100,True,3.562266414601911,99,ngmres_etd,18.5,0.55
0.8,100,True,3.562266415408735,97,ngmres_etd,18.5,0.55
1.0,100,True,3.562266415005853,97,ngmres_etd,18.5,0.55
0.4,30,True,3.5622664150237773,151,ngmres_sd,18.5,0.55
0.6,30,True,3.56226641503343,151,ngmres_sd,18.5,0.55
0.8,30,True,3.562266414822865,151,ngmres_sd,18.5,0.55
1.0,30,True,3.562266414682996,153,ngmres_sd,18.5,0.55
0.4,50,True,3.562266415498595,147,ngmres_sd,18.5,0.55
0.6,50,True,3.562266415333489,147,ngmres_sd,18.5,0.55
0.8,50,True,3.562266415206904,147,ngmres_sd,18.5,0.55
1.0,50,True,3.562266415260506,147,ngmres_sd,18.5,0.55
0.4,80,True,3.5622664149456584,143,ngmres_sd,18.5,0.55
0.6,80,True,3.562266414948583,143,ngmres_sd,18.5,0.55
0.8,80,True,3.56226641494676,143,ngmres_sd,18.5,0.55
1.0,80,True,3.5622664149314103,143,ngmres_sd,18.5,0.55
0.4,100,True,3.5622664149456584,143,ngmres_sd,18.5,0.55
0.6,100,True,3.562266414948583,143,ngmres_sd,18.5,0.55
0.8,100,True,3.56226641494676,143,ngmres_sd,18.5,0.55
1.0,100,True,3.5622664149314103,143,ngmres_sd,18.5,0.55
0.4,30,True,3.56226641510147,107,ngmres_sis,18.5,0.55
0.6,30,True,3.5622664146066505,103,ngmres_sis,18.5,0.55
0.8,30,True,3.5622664151770733,101,ngmres_sis,18.5,0.55
1.0,30,True,3.562266414642253,99,ngmres_sis,18.5,0.55
0.4,50,True,3.562266414562493,103,ngmres_sis,18.5,0.55
0.6,50,True,3.562266414725663,99,ngmres_sis,18.5,0.55
0.8,50,True,3.5622664148542977,97,ngmres_sis,18.5,0.55
1.0,50,True,3.5622664147910275,95,ngmres_sis,18.5,0.55
0.4,80,True,3.562266414580746,103,ngmres_sis,18.5,0.55
0.6,80,True,3.562266414725663,99,ngmres_sis,18.5,0.55
0.8,80,True,3.5622664148542977,97,ngmres_sis,18.5,0.55
1.0,80,True,3.5622664147910275,95,ngmres_sis,18.5,0.55
0.4,100,True,3.562266414580746,103,ngmres_sis,18.5,0.55
0.6,100,True,3.562266414725663,99,ngmres_sis,18.5,0.55
0.8,100,True,3.5622664148542977,97,ngmres_sis,18.5,0.55
1.0,100,True,3.5622664147910275,95,ngmres_sis,18.5,0.55
0.4,30,True,3.56226641388235,150,oaccel_etd,18.5,0.55
0.6,30,True,3.5622664147112326,166,oaccel_etd,18.5,0.55
0.8,30,True,3.562266415943906,140,oaccel_etd,18.5,0.55
1.0,30,True,3.562266414807977,174,oaccel_etd,18.5,0.55
0.4,50,True,3.5622664146075627,122,oaccel_etd,18.5,0.55
0.6,50,True,3.5622664142517264,110,oaccel_etd,18.5,0.55
0.8,50,True,3.5622664153298382,104,oaccel_etd,18.5,0.55
1.0,50,True,3.562266415446726,102,oaccel_etd,18.5,0.55
0.4,80,True,3.562266415380721,114,oaccel_etd,18.5,0.55
0.6,80,True,3.5622664154547907,108,oaccel_etd,18.5,0.55
0.8,80,True,3.562266415416918,104,oaccel_etd,18.5,0.55
1.0,80,True,3.562266415446726,102,oaccel_etd,18.5,0.55
0.4,100,True,3.562266415380721,114,oaccel_etd,18.5,0.55
0.6,100,True,3.5622664154547907,108,oaccel_etd,18.5,0.55
0.8,100,True,3.562266415416918,104,oaccel_etd,18.5,0.55
1.0,100,True,3.562266415446726,102,oaccel_etd,18.5,0.55
0.4,30,True,3.5622664156785966,626,oaccel_sd,18.5,0.55
0.6,30,True,3.56226641580107,314,oaccel_sd,18.5,0.55
0.8,30,True,3.5622664151638306,332,oaccel_sd,18.5,0.55
1.0,30,True,3.5622664134390005,524,oaccel_sd,18.5,0.55
0.4,50,True,3.56226641569414,172,oaccel_sd,18.5,0.55
0.6,50,True,3.562266416077004,176,oaccel_sd,18.5,0.55
0.8,50,True,3.562266413473563,174,oaccel_sd,18.5,0.55
1.0,50,True,3.5622664153061585,174,oaccel_sd,18.5,0.55
0.4,80,True,3.562266415489536,154,oaccel_sd,18.5,0.55
0.6,80,True,3.5622664154981694,154,oaccel_sd,18.5,0.55
0.8,80,True,3.5622664155033466,154,oaccel_sd,18.5,0.55
1.0,80,True,3.56226641550532,154,oaccel_sd,18.5,0.55
0.4,100,True,3.562266415489536,154,oaccel_sd,18.5,0.55
0.6,100,True,3.5622664154981694,154,oaccel_sd,18.5,0.55
0.8,100,True,3.5622664155033466,154,oaccel_sd,18.5,0.55
1.0,100,True,3.56226641550532,154,oaccel_sd,18.5,0.55
0.4,30,True,3.562266415251944,130,oaccel_sis,18.5,0.55
0.6,30,True,3.5622664141805966,172,oaccel_sis,18.5,0.55
0.8,30,True,3.5622664146415985,156,oaccel_sis,18.5,0.55
1.0,30,True,3.5622664129834165,126,oaccel_sis,18.5,0.55
0.4,50,True,3.5622664173021867,118,oaccel_sis,18.5,0.55
0.6,50,True,3.562266413293289,110,oaccel_sis,18.5,0.55
0.8,50,True,3.5622664143388363,106,oaccel_sis,18.5,0.55
1.0,50,True,3.562266415492113,102,oaccel_sis,18.5,0.55
0.4,80,True,3.5622664151790326,112,oaccel_sis,18.5,0.55
0.6,80,True,3.5622664152061736,110,oaccel_sis,18.5,0.55
0.8,80,True,3.562266415453914,104,oaccel_sis,18.5,0.55
1.0,80,True,3.562266415492113,102,oaccel_sis,18.5,0.55
0.4,100,True,3.5622664151790326,112,oaccel_sis,18.5,0.55
0.6,100,True,3.5622664152061736,110,oaccel_sis,18.5,0.55
0.8,100,True,3.562266415453914,104,oaccel_sis,18.5,0.55
1.0,100,True,3.562266415492113,102,oaccel_sis,18.5,0.55
0.2,0,True,3.562266414832325,450,sd,18.5,0.55
0.3,0,True,3.562266414836321,299,sd,18.5,0.55
0.4,0,True,3.5622664148353884,223,sd,18.5,0.55
0.5,0,False,4.236261442224127,3000,sd,18.5,0.55
0.4,0,True,3.562266414838068,409,sis,18.5,0.55
0.6,0,True,3.562266414837109,334,sis,18.5,0.55
0.8,0,True,3.562266414844648,297,sis,18.5,0.55
1.0,0,True,3.5622664149128163,275,sis,18.5,0.55
0.4,30,True,3.562266414533581,62,anderson_etd,18.5,0.5
0.6,30,True,3.562266415008134,54,anderson_etd,18.5,0.5
0.8,30,True,3.5622664154077013,52,anderson_etd,18.5,0.5
1.0,30,True,3.5622664151478656,50,anderson_etd,18.5,0.5
0.4,50,True,3.5622664203285703,57,anderson_etd,18.5,0.5
0.6,50,True,3.562266416517435,55,anderson_etd,18.5,0.5
0.8,50,True,3.562266413433496,55,anderson_etd,18.5,0.5
1.0,50,True,3.56226641414385,53,anderson_etd,18.5,0.5
0.4,80,True,3.562266413867733,68,anderson_etd,18.5,0.5
0.6,80,True,3.5622664152544044,57,anderson_etd,18.5,0.5
0.8,80,True,3.562266414899671,53,anderson_etd,18.5,0.5
1.0,80,True,3.562266414118816,53,anderson_etd,18.5,0.5
0.4,100,True,3.562266413867733,68,anderson_etd,18.5,0.5
0.6,100,True,3.5622664152544044,57,anderson_etd,18.5,0.5
0.8,100,True,3.562266414899671,53,anderson_etd,18.5,0.5
1.0,100,True,3.562266414118816,53,anderson_etd,18.5,0.5
0.4,30,True,3.562266416177951,70,anderson_sd,18.5,0.5
0.6,30,True,3.5622664151365093,69,anderson_sd,18.5,0.5
0.8,30,True,3.562266415254454,70,anderson_sd,18.5,0.5
1.0,30,True,3.562266415586617,71,anderson_sd,18.5,0.5
0.4,50,True,3.56226641459636,69,anderson_sd,18.5,0.5
0.6,50,True,3.562266415078634,67,anderson_sd,18.5,0.5
0.8,50,True,3.5622664149262318,69,anderson_sd,18.5,0.5
1.0,50,True,3.562266415422463,69,anderson_sd,18.5,0.5
0.4,80,True,3.56226641638242,81,anderson_sd,18.5,0.5
0.6,80,True,3.562266416397624,68,anderson_sd,18.5,0.5
0.8,80,True,3.562266414748784,68,anderson_sd,18.5,0.5
1.0,80,True,3.5622664151826333,68,anderson_sd,18.5,0.5
0.4,100,True,3.56226641638242,81,anderson_sd,18.5,0.5
0.6,100,True,3.562266416397624,68,anderson_sd,18.5,0.5
0.8,100,True,3.562266414748784,68,anderson_sd,18.5,0.5
1.0,100,True,3.5622664151826333,68,anderson_sd,18.5,0.5
0.4,30,True,3.5622664146305967,63,anderson_sis,18.5,0.5
0.6,30,True,3.5622664145135703,61,anderson_sis,18.5,0.5
0.8,30,True,3.562266414733981,57,anderson_sis,18.5,0.5
1.0,30,True,3.5622664146585,55,anderson_sis,18.5,0.5
0.4,50,True,3.5622664147553698,64,anderson_sis,18.5,0.5
0.6,50,True,3.5622664164574065,60,anderson_sis,18.5,0.5
0.8,50,True,3.5622664156054595,58,anderson_sis,18.5,0.5
1.0,50,True,3.562266419654449,57,anderson_sis,18.5,0.5
0.4,80,True,3.5622664166480824,64,anderson_sis,18.5,0.5
0.6,80,True,3.562266413322116,61,anderson_sis,18.5,0.5
0.8,80,True,3.562266415292612,61,anderson_sis,18.5,0.5
1.0,80,True,3.5622664145654745,59,anderson_sis,18.5,0.5
0.4,100,True,3.5622664166480824,64,anderson_sis,18.5,0.5
0.6,100,True,3.562266413322116,61,anderson_sis,18.5,0.5
0.8,100,True,3.562266415292612,61,anderson_sis,18.5,0.5
1.0,100,True,3.5622664145654745,59,anderson_sis,18.5,0.5
0.4,0,True,3.562266414802377,264,etd,18.5,0.5
0.6,0,True,3.5622664150733643,192,etd,18.5,0.5
0.8,0,True,3.562266413357519,175,etd,18.5,0.5
1.0,0,True,3.562266413987913,189,etd,18.5,0.5
0.4,30,True,3.5622664147837027,99,ngmres_etd,18.5,0.5
0.6,30,True,3.5622664151389607,99,ngmres_etd,18.5,0.5
0.8,30,True,3.5622664156303685,103,ngmres_etd,18.5,0.5
1.0,30,True,3.562266414503437,105,ngmres_etd,18.5,0.5
0.4,50,True,3.5622664151477093,97,ngmres_etd,18.5,0.5
0.6,50,True,3.562266414820225,95,ngmres_etd,18.5,0.5
0.8,50,True,3.562266414778384,97,ngmres_etd,18.5,0.5
1.0,50,True,3.562266414906581,101,ngmres_etd,18.5,0.5
0.4,80,True,3.5622664151477093,97,ngmres_etd,18.5,0.5
0.6,80,True,3.562266414820225,95,ngmres_etd,18.5,0.5
0.8,80,True,3.562266414778384,97,ngmres_etd,18.5,0.5
1.0,80,True,3.5622664148553653,101,ngmres_etd,18.5,0.5
0.4,100,True,3.5622664151477093,97,ngmres_etd,18.5,0.5
0.6,100,True,3.562266414820225,95,ngmres_etd,18.5,0.5
0.8,100,True,3.562266414778384,97,ngmres_etd,18.5,0.5
1.0,100,True,3.5622664148553653,101,ngmres_etd,18.5,0.5
0.4,30,True,3.56226641587381,133,ngmres_sd,18.5,0.5
0.6,30,True,3.562266415877924,133,ngmres_sd,18.5,0.5
0.8,30,True,3.5622664158823003,133,ngmres_sd,18.5,0.5
1.0,30,True,3.5622664158814343,133,ngmres_sd,18.5,0.5
0.4,50,True,3.562266414484423,127,ngmres_sd,18.5,0.5
0.6,50,True,3.5622664144638705,127,ngmres_sd,18.5,0.5
0.8,50,True,3.5622664144466727,127,ngmres_sd,18.5,0.5
1.0,50,True,3.562266414432383,127,ngmres_sd,18.5,0.5
0.4,80,True,3.5622664150883727,125,ngmres_sd,18.5,0.5
0.6,80,True,3.5622664150883816,125,ngmres_sd,18.5,0.5
0.8,80,True,3.5622664150887653,125,ngmres_sd,18.5,0.5
1.0,80,True,3.562266415088545,125,ngmres_sd,18.5,0.5
0.4,100,True,3.5622664150883727,125,ngmres_sd,18.5,0.5
0.6,100,True,3.5622664150883816,125,ngmres_sd,18.5,0.5
0.8,100,True,3.5622664150887653,125,ngmres_sd,18.5,0.5
1.0,100,True,3.562266415088545,125,ngmres_sd,18.5,0.5
0.4,30,True,3.5622664153599573,99,ngmres_sis,18.5,0.5
0.6,30,True,3.562266415869612,97,ngmres_sis,18.5,0.5
0.8,30,True,3.562266415410384,97,ngmres_sis,18.5,0.5
1.0,30,True,3.5622664167149622,95,ngmres_sis,18.5,0.5
0.4,50,True,3.562266415067916,95,ngmres_sis,18.5,0.5
0.6,50,True,3.562266414881337,93,ngmres_sis,18.5,0.5
0.8,50,True,3.562266414944021,93,ngmres_sis,18.5,0.5
1.0,50,True,3.5622664149678918,93,ngmres_sis,18.5,0.5
0.4,80,True,3.562266415067916,95,ngmres_sis,18.5,0.5
0.6,80,True,3.562266414881337,93,ngmres_sis,18.5,0.5
0.8,80,True,3.562266414944021,93,ngmres_sis,18.5,0.5
1.0,80,True,3.5622664149678918,93,ngmres_sis,18.5,0.5
0.4,100,True,3.562266415067916,95,ngmres_sis,18.5,0.5
0.6,100,True,3.562266414881337,93,ngmres_sis,18.5,0.5
0.8,100,True,3.562266414944021,93,ngmres_sis,18.5,0.5
1.0,100,True,3.5622664149678918,93,ngmres_sis,18.5,0.5
0.4,30,True,3.562266415404644,126,oaccel_etd,18.5,0.5
0.6,30,True,3.562266414693718,124,oaccel_etd,18.5,0.5
0.8,30,True,3.562266414779514,124,oaccel_etd,18.5,0.5
1.0,30,True,3.562266414068397,126,oaccel_etd,18.5,0.5
0.4,50,True,3.5622664150613605,102,oaccel_etd,18.5,0.5
0.6,50,True,3.562266414995639,100,oaccel_etd,18.5,0.5
0.8,50,True,3.562266415047338,100,oaccel_etd,18.5,0.5
1.0,50,True,3.562266415014359,100,oaccel_etd,18.5,0.5
0.4,80,True,3.5622664150613605,102,oaccel_etd,18.5,0.5
0.6,80,True,3.562266414995639,100,oaccel_etd,18.5,0.5
0.8,80,True,3.562266415047338,100,oaccel_etd,18.5,0.5
1.0,80,True,3.562266415014359,100,oaccel_etd,18.5,0.5
0.4,100,True,3.5622664150613605,102,oaccel_etd,18.5,0.5
0.6,100,True,3.562266414995639,100,oaccel_etd,18.5,0.5
0.8,100,True,3.562266415047338,100,oaccel_etd,18.5,0.5
1.0,100,True,3.562266415014359,100,oaccel_etd,18.5,0.5
0.4,30,True,3.562266414448131,770,oaccel_sd,18.5,0.5
0.6,30,True,3.562266415876702,780,oaccel_sd,18.5,0.5
0.8,30,True,3.5622664139263263,606,oaccel_sd,18.5,0.5
1.0,30,True,3.5622664153552317,484,oaccel_sd,18.5,0.5
0.4,50,True,3.562266415379847,160,oaccel_sd,18.5,0.5
0.6,50,True,3.562266414813253,158,oaccel_sd,18.5,0.5
0.8,50,True,3.5622664133953537,152,oaccel_sd,18.5,0.5
1.0,50,True,3.5622664141503337,160,oaccel_sd,18.5,0.5
0.4,80,True,3.5622664150711705,138,oaccel_sd,18.5,0.5
0.6,80,True,3.5622664150725445,138,oaccel_sd,18.5,0.5
0.8,80,True,3.562266415074002,138,oaccel_sd,18.5,0.5
1.0,80,True,3.56226641507517,138,oaccel_sd,18.5,0.5
0.4,100,True,3.5622664150711705,138,oaccel_sd,18.5,0.5
0.6,100,True,3.5622664150725445,138,oaccel_sd,18.5,0.5
0.8,100,True,3.562266415074002,138,oaccel_sd,18.5,0.5
1.0,100,True,3.56226641507517,138,oaccel_sd,18.5,0.5
0.4,30,True,3.562266415310612,122,oaccel_sis,18.5,0.5
0.6,30,True,3.562266414476065,122,oaccel_sis,18.5,0.5
0.8,30,True,3.562266415537941,122,oaccel_sis,18.5,0.5
1.0,30,True,3.56226641329744,122,oaccel_sis,18.5,0.5
0.4,50,True,3.562266415054583,102,oaccel_sis,18.5,0.5
0.6,50,True,3.562266415054787,100,oaccel_sis,18.5,0.5
0.8,50,True,3.562266415117116,98,oaccel_sis,18.5,0.5
1.0,50,True,3.562266415050037,98,oaccel_sis,18.5,0.5
0.4,80,True,3.562266415054583,102,oaccel_sis,18.5,0.5
0.6,80,True,3.562266415054787,100,oaccel_sis,18.5,0.5
0.8,80,True,3.562266415117116,98,oaccel_sis,18.5,0.5
1.0,80,True,3.562266415050037,98,oaccel_sis,18.5,0.5
0.4,100,True,3.562266415054583,102,oaccel_sis,18.5,0.5
0.6,100,True,3.562266415054787,100,oaccel_sis,18.5,0.5
0.8,100,True,3.562266415117116,98,oaccel_sis,18.5,0.5
1.0,100,True,3.562266415050037,98,oaccel_sis,18.5,0.5
0.2,0,True,3.5622664147932674,434,sd,18.5,0.5
0.3,0,True,3.562266414795695,288,sd,18.5,0.5
0.4,0,True,3.562266414797936,215,sd,18.5,0.5
0.5,0,False,4.301631650267483,3000,sd,18.5,0.5
0.4,0,True,3.562266414791667,393,sis,18.5,0.5
0.6,0,True,3.562266414793561,320,sis,18.5,0.5
0.8,0,True,3.56226641480514,284,sis,18.5,0.5
1.0,0,True,3.562266414801944,262,sis,18.5,0.5
0.4,30,True,3.5622664145304936,63,anderson_etd,19.0,0.45
0.6,30,True,3.5622664148811403,57,anderson_etd,19.0,0.45
0.8,30,True,3.562266415017376,55,anderson_etd,19.0,0.45
1.0,30,True,3.562266415236464,53,anderson_etd,19.0,0.45
0.4,50,True,3.5622664158521093,60,anderson_etd,19.0,0.45
0.6,50,True,3.5622664150608108,57,anderson_etd,19.0,0.45
0.8,50,True,3.562266412590885,55,anderson_etd,19.0,0.45
1.0,50,True,3.562266415497569,54,anderson_etd,19.0,0.45
0.4,80,True,3.5622664128442105,64,anderson_etd,19.0,0.45
0.6,80,True,3.56226641600903,58,anderson_etd,19.0,0.45
0.8,80,True,3.5622664152691472,56,anderson_etd,19.0,0.45
1.0,80,True,3.5622664159259925,54,anderson_etd,19.0,0.45
0.4,100,True,3.5622664128442105,64,anderson_etd,19.0,0.45
0.6,100,True,3.56226641600903,58,anderson_etd,19.0,0.45
0.8,100,True,3.5622664152691472,56,anderson_etd,19.0,0.45
1.0,100,True,3.5622664159259925,54,anderson_etd,19.0,0.45
0.4,30,True,3.562266414768347,76,anderson_sd,19.0,0.45
0.6,30,True,3.562266413988623,76,anderson_sd,19.0,0.45
0.8,30,True,3.5622664149981533,77,anderson_sd,19.0,0.45
1.0,30,True,3.562266414549564,78,anderson_sd,19.0,0.45
0.4,50,True,3.5622664150384638,73,anderson_sd,19.0,0.45
0.6,50,True,3.562266414516232,73,anderson_sd,19.0,0.45
0.8,50,True,3.562266415374132,73,anderson_sd,19.0,0.45
1.0,50,True,3.5622664145976524,73,anderson_sd,19.0,0.45
0.4,80,True,3.562266414463462,74,anderson_sd,19.0,0.45
0.6,80,True,3.562266413152119,73,anderson_sd,19.0,0.45
0.8,80,True,3.5622664137780635,73,anderson_sd,19.0,0.45
1.0,80,True,3.5622664146313445,73,anderson_sd,19.0,0.45
0.4,100,True,3.562266414463462,74,anderson_sd,19.0,0.45
0.6,100,True,3.562266413152119,73,anderson_sd,19.0,0.45
0.8,100,True,3.5622664137780635,73,anderson_sd,19.0,0.45
1.0,100,True,3.5622664146313445,73,anderson_sd,19.0,0.45
0.4,30,True,3.562266414004501,69,anderson_sis,19.0,0.45
0.6,30,True,3.562266414741828,65,anderson_sis,19.0,0.45
0.8,30,True,3.56226641434948,65,anderson_sis,19.0,0.45
1.0,30,True,3.562266415617483,61,anderson_sis,19.0,0.45
0.4,50,True,3.5622664153888994,66,anderson_sis,19.0,0.45
0.6,50,True,3.562266415632992,62,anderson_sis,19.0,0.45
0.8,50,True,3.5622664146980973,60,anderson_sis,19.0,0.45
1.0,50,True,3.5622664156866604,60,anderson_sis,19.0,0.45
0.4,80,True,3.562266410945813,68,anderson_sis,19.0,0.45
0.6,80,True,3.562266413631104,65,anderson_sis,19.0,0.45
0.8,80,True,3.5622664152023047,65,anderson_sis,19.0,0.45
1.0,80,True,3.562266415538774,63,anderson_sis,19.0,0.45
0.4,100,True,3.562266410945813,68,anderson_sis,19.0,0.45
0.6,100,True,3.562266413631104,65,anderson_sis,19.0,0.45
0.8,100,True,3.5622664152023047,65,anderson_sis,19.0,0.45
1.0,100,True,3.562266415538774,63,anderson_sis,19.0,0.45
0.4,0,True,3.5622664148380423,278,etd,19.0,0.45
0.6,0,True,3.5622664149194803,205,etd,19.0,0.45
0.8,0,True,3.562266416975646,207,etd,19.0,0.45
1.0,0,True,3.5622664139246742,225,etd,19.0,0.45
0.4,30,True,3.562266414649226,107,ngmres_etd,19.0,0.45
0.6,30,True,3.562266415090347,101,ngmres_etd,19.0,0.45
0.8,30,True,3.5622664147388248,99,ngmres_etd,19.0,0.45
1.0,30,True,3.562266415587644,97,ngmres_etd,19.0,0.45
0.4,50,True,3.562266414690874,101,ngmres_etd,19.0,0.45
0.6,50,True,3.562266414690117,97,ngmres_etd,19.0,0.45
0.8,50,True,3.562266414741842,93,ngmres_etd,19.0,0.45
1.0,50,True,3.562266415066857,91,ngmres_etd,19.0,0.45
0.4,80,True,3.562266414707888,101,ngmres_etd,19.0,0.45
0.6,80,True,3.562266414690117,97,ngmres_etd,19.0,0.45
0.8,80,True,3.562266414741842,93,ngmres_etd,19.0,0.45
1.0,80,True,3.562266415066857,91,ngmres_etd,19.0,0.45
0.4,100,True,3.562266414707888,101,ngmres_etd,19.0,0.45
0.6,100,True,3.562266414690117,97,ngmres_etd,19.0,0.45
0.8,100,True,3.562266414741842,93,ngmres_etd,19.0,0.45
1.0,100,True,3.562266415066857,91,ngmres_etd,19.0,0.45
0.4,30,True,3.5622664153478176,151,ngmres_sd,19.0,0.45
0.6,30,True,3.5622664151008934,151,ngmres_sd,19.0,0.45
0.8,30,True,3.562266415731279,149,ngmres_sd,19.0,0.45
1.0,30,True,3.5622664150130143,149,ngmres_sd,19.0,0.45
0.4,50,True,3.562266414203158,141,ngmres_sd,19.0,0.45
0.6,50,True,3.562266414531553,141,ngmres_sd,19.0,0.45
0.8,50,True,3.562266413689448,141,ngmres_sd,19.0,0.45
1.0,50,True,3.562266414252992,141,ngmres_sd,19.0,0.45
0.4,80,True,3.562266415064098,139,ngmres_sd,19.0,0.45
0.6,80,True,3.562266414947584,137,ngmres_sd,19.0,0.45
0.8,80,True,3.5622664149704715,137,ngmres_sd,19.0,0.45
1.0,80,True,3.562266414976495,137,ngmres_sd,19.0,0.45
0.4,100,True,3.562266415064098,139,ngmres_sd,19.0,0.45
0.6,100,True,3.562266414947584,137,ngmres_sd,19.0,0.45
0.8,100,True,3.5622664149704715,137,ngmres_sd,19.0,0.45
1.0,100,True,3.562266414976495,137,ngmres_sd,19.0,0.45
0.4,30,True,3.5622664152181,105,ngmres_sis,19.0,0.45
0.6,30,True,3.562266414498104,101,ngmres_sis,19.0,0.45
0.8,30,True,3.5622664148534966,99,ngmres_sis,19.0,0.45
1.0,30,True,3.5622664153998382,97,ngmres_sis,19.0,0.45
0.4,50,True,3.562266414911699,101,ngmres_sis,19.0,0.45
0.6,50,True,3.562266414665504,97,ngmres_sis,19.0,0.45
0.8,50,True,3.5622664146388807,95,ngmres_sis,19.0,0.45
1.0,50,True,3.562266414562994,93,ngmres_sis,19.0,0.45
0.4,80,True,3.5622664149143404,101,ngmres_sis,19.0,0.45
0.6,80,True,3.562266414665504,97,ngmres_sis,19.0,0.45
0.8,80,True,3.5622664146388807,95,ngmres_sis,19.0,0.45
1.0,80,True,3.562266414562994,93,ngmres_sis,19.0,0.45
0.4,100,True,3.5622664149143404,101,ngmres_sis,19.0,0.45
0.6,100,True,3.562266414665504,97,ngmres_sis,19.0,0.45
0.8,100,True,3.5622664146388807,95,ngmres_sis,19.0,0.45
1.0,100,True,3.562266414562994,93,ngmres_sis,19.0,0.45
0.4,30,True,3.5622664174393472,146,oaccel_etd,19.0,0.45
0.6,30,True,3.562266414269402,124,oaccel_etd,19.0,0.45
0.8,30,True,3.5622664147904013,124,oaccel_etd,19.0,0.45
1.0,30,True,3.562266415948144,122,oaccel_etd,19.0,0.45
0.4,50,True,3.562266415253358,106,oaccel_etd,19.0,0.45
0.6,50,True,3.5622664153953627,102,oaccel_etd,19.0,0.45
0.8,50,True,3.5622664148790424,100,oaccel_etd,19.0,0.45
1.0,50,True,3.56226641508448,100,oaccel_etd,19.0,0.45
0.4,80,True,3.562266415533744,106,oaccel_etd,19.0,0.45
0.6,80,True,3.5622664153953627,102,oaccel_etd,19.0,0.45
0.8,80,True,3.5622664148790424,100,oaccel_etd,19.0,0.45
1.0,80,True,3.56226641508448,100,oaccel_etd,19.0,0.45
0.4,100,True,3.562266415533744,106,oaccel_etd,19.0,0.45
0.6,100,True,3.5622664153953627,102,oaccel_etd,19.0,0.45
0.8,100,True,3.5622664148790424,100,oaccel_etd,19.0,0.45
1.0,100,True,3.56226641508448,100,oaccel_etd,19.0,0.45
0.4,30,True,3.5622664141327665,228,oaccel_sd,19.0,0.45
0.6,30,True,3.562266413498402,208,oaccel_sd,19.0,0.45
0.8,30,True,3.5622664166567883,204,oaccel_sd,19.0,0.45
1.0,30,True,3.5622664141490663,240,oaccel_sd,19.0,0.45
0.4,50,True,3.5622664147632808,174,oaccel_sd,19.0,0.45
0.6,50,True,3.562266414774534,176,oaccel_sd,19.0,0.45
0.8,50,True,3.5622664148245065,172,oaccel_sd,19.0,0.45
1.0,50,True,3.562266415537533,170,oaccel_sd,19.0,0.45
0.4,80,True,3.562266415417878,150,oaccel_sd,19.0,0.45
0.6,80,True,3.5622664155090087,150,oaccel_sd,19.0,0.45
0.8,80,True,3.562266415508629,150,oaccel_sd,19.0,0.45
1.0,80,True,3.562266415506868,150,oaccel_sd,19.0,0.45
0.4,100,True,3.562266415417878,150,oaccel_sd,19.0,0.45
0.6,100,True,3.5622664155090087,150,oaccel_sd,19.0,0.45
0.8,100,True,3.562266415508629,150,oaccel_sd,19.0,0.45
1.0,100,True,3.562266415506868,150,oaccel_sd,19.0,0.45
0.4,30,True,3.5622664158073185,130,oaccel_sis,19.0,0.45
0.6,30,True,3.5622664151394314,124,oaccel_sis,19.0,0.45
0.8,30,True,3.562266414940906,120,oaccel_sis,19.0,0.45
1.0,30,True,3.5622664139065465,122,oaccel_sis,19.0,0.45
0.4,50,True,3.562266415168951,106,oaccel_sis,19.0,0.45
0.6,50,True,3.5622664150687022,102,oaccel_sis,19.0,0.45
0.8,50,True,3.562266415256027,102,oaccel_sis,19.0,0.45
1.0,50,True,3.562266415187308,102,oaccel_sis,19.0,0.45
0.4,80,True,3.5622664153327124,106,oaccel_sis,19.0,0.45
0.6,80,True,3.5622664150687022,102,oaccel_sis,19.0,0.45
0.8,80,True,3.562266415256027,102,oaccel_sis,19.0,0.45
1.0,80,True,3.562266415187308,102,oaccel_sis,19.0,0.45
0.4,100,True,3.5622664153327124,106,oaccel_sis,19.0,0.45
0.6,100,True,3.5622664150687022,102,oaccel_sis,19.0,0.45
0.8,100,True,3.562266415256027,102,oaccel_sis,19.0,0.45
1.0,100,True,3.562266415187308,102,oaccel_sis,19.0,0.45
0.2,0,True,3.5622664148258947,457,sd,19.0,0.45
0.3,0,True,3.5622664148324965,304,sd,19.0,0.45
0.4,0,True,3.5622664148341485,227,sd,19.0,0.45
0.5,0,False,4.377349084990707,3000,sd,19.0,0.45
0.4,0,True,3.562266414829237,414,sis,19.0,0.45
0.6,0,True,3.5622664148406944,338,sis,19.0,0.45
0.8,0,True,3.562266414861087,300,sis,19.0,0.45
1.0,0,True,3.562266414828472,277,sis,19.0,0.45
0.4,30,True,3.562266414817757,61,anderson_etd,19.0,0.46
0.6,30,True,3.562266415065821,56,anderson_etd,19.0,0.46
0.8,30,True,3.562266415925314,54,anderson_etd,19.0,0.46
1.0,30,True,3.562266415002588,52,anderson_etd,19.0,0.46
0.4,50,True,3.5622664151221324,60,anderson_etd,19.0,0.46
0.6,50,True,3.5622664151005043,56,anderson_etd,19.0,0.46
0.8,50,True,3.56226641195706,54,anderson_etd,19.0,0.46
1.0,50,True,3.5622664182801094,53,anderson_etd,19.0,0.46
0.4,80,True,3.5622664167930718,63,anderson_etd,19.0,0.46
0.6,80,True,3.562266413310759,57,anderson_etd,19.0,0.46
0.8,80,True,3.562266413946743,54,anderson_etd,19.0,0.46
1.0,80,True,3.562266417936016,53,anderson_etd,19.0,0.46
0.4,100,True,3.5622664167930718,63,anderson_etd,19.0,0.46
0.6,100,True,3.562266413310759,57,anderson_etd,19.0,0.46
0.8,100,True,3.562266413946743,54,anderson_etd,19.0,0.46
1.0,100,True,3.562266417936016,53,anderson_etd,19.0,0.46
0.4,30,True,3.562266414296679,74,anderson_sd,19.0,0.46
0.6,30,True,3.5622664147335383,76,anderson_sd,19.0,0.46
0.8,30,True,3.5622664149568,77,anderson_sd,19.0,0.46
1.0,30,True,3.5622664154453982,77,anderson_sd,19.0,0.46
0.4,50,True,3.5622664151909182,73,anderson_sd,19.0,0.46
0.6,50,True,3.5622664148669907,73,anderson_sd,19.0,0.46
0.8,50,True,3.562266415221805,72,anderson_sd,19.0,0.46
1.0,50,True,3.562266414431001,73,anderson_sd,19.0,0.46
0.4,80,True,3.5622664134307573,73,anderson_sd,19.0,0.46
0.6,80,True,3.562266413553468,72,anderson_sd,19.0,0.46
0.8,80,True,3.562266413713206,72,anderson_sd,19.0,0.46
1.0,80,True,3.5622664145990104,73,anderson_sd,19.0,0.46
0.4,100,True,3.5622664134307573,73,anderson_sd,19.0,0.46
0.6,100,True,3.562266413553468,72,anderson_sd,19.0,0.46
0.8,100,True,3.562266413713206,72,anderson_sd,19.0,0.46
1.0,100,True,3.5622664145990104,73,anderson_sd,19.0,0.46
0.4,30,True,3.562266415286972,67,anderson_sis,19.0,0.46
0.6,30,True,3.5622664159364845,62,anderson_sis,19.0,0.46
0.8,30,True,3.562266416127618,61,anderson_sis,19.0,0.46
1.0,30,True,3.5622664147308987,60,anderson_sis,19.0,0.46
0.4,50,True,3.5622664150725463,64,anderson_sis,19.0,0.46
0.6,50,True,3.5622664152826253,61,anderson_sis,19.0,0.46
0.8,50,True,3.562266414695266,59,anderson_sis,19.0,0.46
1.0,50,True,3.5622664157661115,58,anderson_sis,19.0,0.46
0.4,80,True,3.5622664126738237,67,anderson_sis,19.0,0.46
0.6,80,True,3.5622664155355253,64,anderson_sis,19.0,0.46
0.8,80,True,3.562266415261768,62,anderson_sis,19.0,0.46
1.0,80,True,3.5622664153900017,64,anderson_sis,19.0,0.46
0.4,100,True,3.5622664126738237,67,anderson_sis,19.0,0.46
0.6,100,True,3.5622664155355253,64,anderson_sis,19.0,0.46
0.8,100,True,3.562266415261768,62,anderson_sis,19.0,0.46
1.0,100,True,3.5622664153900017,64,anderson_sis,19.0,0.46
0.4,0,True,3.562266414833493,275,etd,19.0,0.46
0.6,0,True,3.5622664162144773,203,etd,19.0,0.46
0.8,0,True,3.562266418079605,206,etd,19.0,0.46
1.0,0,True,3.562266412366577,224,etd,19.0,0.46
0.4,30,True,3.562266415128115,105,ngmres_etd,19.0,0.46
0.6,30,True,3.5622664157876374,101,ngmres_etd,19.0,0.46
0.8,30,True,3.562266414812576,97,ngmres_etd,19.0,0.46
1.0,30,True,3.5622664151566825,97,ngmres_etd,19.0,0.46
0.4,50,True,3.562266414707961,101,ngmres_etd,19.0,0.46
0.6,50,True,3.5622664142896623,95,ngmres_etd,19.0,0.46
0.8,50,True,3.5622664147618712,93,ngmres_etd,19.0,0.46
1.0,50,True,3.562266415037468,91,ngmres_etd,19.0,0.46
0.4,80,True,3.562266414696216,101,ngmres_etd,19.0,0.46
0.6,80,True,3.5622664142896623,95,ngmres_etd,19.0,0.46
0.8,80,True,3.5622664147618712,93,ngmres_etd,19.0,0.46
1.0,80,True,3.562266415037468,91,ngmres_etd,19.0,0.46
0.4,100,True,3.562266414696216,101,ngmres_etd,19.0,0.46
0.6,100,True,3.5622664142896623,95,ngmres_etd,19.0,0.46
0.8,100,True,3.5622664147618712,93,ngmres_etd,19.0,0.46
1.0,100,True,3.562266415037468,91,ngmres_etd,19.0,0.46
0.4,30,True,3.562266413493634,147,ngmres_sd,19.0,0.46
0.6,30,True,3.562266414954083,147,ngmres_sd,19.0,0.46
0.8,30,True,3.562266414957868,147,ngmres_sd,19.0,0.46
1.0,30,True,3.562266415548648,147,ngmres_sd,19.0,0.46
0.4,50,True,3.5622664142008675,139,ngmres_sd,19.0,0.46
0.6,50,True,3.5622664139643545,137,ngmres_sd,19.0,0.46
0.8,50,True,3.562266414824516,139,ngmres_sd,19.0,0.46
1.0,50,True,3.5622664140051823,141,ngmres_sd,19.0,0.46
0.4,80,True,3.5622664147033563,135,ngmres_sd,19.0,0.46
0.6,80,True,3.56226641473374,135,ngmres_sd,19.0,0.46
0.8,80,True,3.5622664147829344,135,ngmres_sd,19.0,0.46
1.0,80,True,3.5622664148393,135,ngmres_sd,19.0,0.46
0.4,100,True,3.5622664147033563,135,ngmres_sd,19.0,0.46
0.6,100,True,3.56226641473374,135,ngmres_sd,19.0,0.46
0.8,100,True,3.5622664147829344,135,ngmres_sd,19.0,0.46
1.0,100,True,3.5622664148393,135,ngmres_sd,19.0,0.46
0.4,30,True,3.562266414641229,105,ngmres_sis,19.0,0.46
0.6,30,True,3.562266415304471,101,ngmres_sis,19.0,0.46
0.8,30,True,3.56226641450119,99,ngmres_sis,19.0,0.46
1.0,30,True,3.56226641495864,97,ngmres_sis,19.0,0.46
0.4,50,True,3.562266414547364,99,ngmres_sis,19.0,0.46
0.6,50,True,3.5622664149966177,95,ngmres_sis,19.0,0.46
0.8,50,True,3.5622664148546823,93,ngmres_sis,19.0,0.46
1.0,50,True,3.562266414756044,93,ngmres_sis,19.0,0.46
0.4,80,True,3.562266414547364,99,ngmres_sis,19.0,0.46
0.6,80,True,3.5622664149966177,95,ngmres_sis,19.0,0.46
0.8,80,True,3.5622664148546823,93,ngmres_sis,19.0,0.46
1.0,80,True,3.562266414756044,93,ngmres_sis,19.0,0.46
0.4,100,True,3.562266414547364,99,ngmres_sis,19.0,0.46
0.6,100,True,3.5622664149966177,95,ngmres_sis,19.0,0.46
0.8,100,True,3.5622664148546823,93,ngmres_sis,19.0,0.46
1.0,100,True,3.562266414756044,93,ngmres_sis,19.0,0.46
0.4,30,True,3.5622664160562234,144,oaccel_etd,19.0,0.46
0.6,30,True,3.5622664147966008,122,oaccel_etd,19.0,0.46
0.8,30,True,3.562266415048171,122,oaccel_etd,19.0,0.46
1.0,30,True,3.5622664157501287,118,oaccel_etd,19.0,0.46
0.4,50,True,3.562266415645614,108,oaccel_etd,19.0,0.46
0.6,50,True,3.5622664153042853,102,oaccel_etd,19.0,0.46
0.8,50,True,3.562266415717068,98,oaccel_etd,19.0,0.46
1.0,50,True,3.562266415040238,96,oaccel_etd,19.0,0.46
0.4,80,True,3.5622664147654906,108,oaccel_etd,19.0,0.46
0.6,80,True,3.5622664153042853,102,oaccel_etd,19.0,0.46
0.8,80,True,3.562266415717068,98,oaccel_etd,19.0,0.46
1.0,80,True,3.562266415040238,96,oaccel_etd,19.0,0.46
0.4,100,True,3.5622664147654906,108,oaccel_etd,19.0,0.46
0.6,100,True,3.5622664153042853,102,oaccel_etd,19.0,0.46
0.8,100,True,3.562266415717068,98,oaccel_etd,19.0,0.46
1.0,100,True,3.562266415040238,96,oaccel_etd,19.0,0.46
0.4,30,True,3.5622664140703835,226,oaccel_sd,19.0,0.46
0.6,30,True,3.562266416043065,304,oaccel_sd,19.0,0.46
0.8,30,True,3.562266414441318,640,oaccel_sd,19.0,0.46
1.0,30,True,3.5622664151841983,422,oaccel_sd,19.0,0.46
0.4,50,True,3.562266415685912,170,oaccel_sd,19.0,0.46
0.6,50,True,3.5622664150954293,170,oaccel_sd,19.0,0.46
0.8,50,True,3.562266415636147,168,oaccel_sd,19.0,0.46
1.0,50,True,3.5622664148188683,170,oaccel_sd,19.0,0.46
0.4,80,True,3.562266415456972,150,oaccel_sd,19.0,0.46
0.6,80,True,3.562266415454042,150,oaccel_sd,19.0,0.46
0.8,80,True,3.5622664154527275,150,oaccel_sd,19.0,0.46
1.0,80,True,3.5622664154373744,150,oaccel_sd,19.0,0.46
0.4,100,True,3.562266415456972,150,oaccel_sd,19.0,0.46
0.6,100,True,3.562266415454042,150,oaccel_sd,19.0,0.46
0.8,100,True,3.5622664154527275,150,oaccel_sd,19.0,0.46
1.0,100,True,3.5622664154373744,150,oaccel_sd,19.0,0.46
0.4,30,True,3.5622664160272466,126,oaccel_sis,19.0,0.46
0.6,30,True,3.562266416479617,128,oaccel_sis,19.0,0.46
0.8,30,True,3.562266415070217,124,oaccel_sis,19.0,0.46
1.0,30,True,3.562266414367301,120,oaccel_sis,19.0,0.46
0.4,50,True,3.562266414942372,106,oaccel_sis,19.0,0.46
0.6,50,True,3.562266415363336,102,oaccel_sis,19.0,0.46
0.8,50,True,3.562266415279212,100,oaccel_sis,19.0,0.46
1.0,50,True,3.5622664152759302,100,oaccel_sis,19.0,0.46
0.4,80,True,3.5622664151009777,106,oaccel_sis,19.0,0.46
0.6,80,True,3.562266415363336,102,oaccel_sis,19.0,0.46
0.8,80,True,3.562266415279212,100,oaccel_sis,19.0,0.46
1.0,80,True,3.5622664152759302,100,oaccel_sis,19.0,0.46
0.4,100,True,3.5622664151009777,106,oaccel_sis,19.0,0.46
0.6,100,True,3.562266415363336,102,oaccel_sis,19.0,0.46
0.8,100,True,3.562266415279212,100,oaccel_sis,19.0,0.46
1.0,100,True,3.5622664152759302,100,oaccel_sis,19.0,0.46
0.2,0,True,3.562266414828485,452,sd,19.0,0.46
0.3,0,True,3.56226641483054,300,sd,19.0,0.46
0.4,0,True,3.562266414832825,224,sd,19.0,0.46
0.5,0,False,4.391883159893675,3000,sd,19.0,0.46
0.4,0,True,3.5622664148343333,410,sis,19.0,0.46
0.6,0,True,3.562266414841786,334,sis,19.0,0.46
0.8,0,True,3.5622664148334167,296,sis,19.0,0.46
1.0,0,True,3.5622664147725995,274,sis,19.0,0.46
0.4,30,True,3.5622664152899546,60,anderson_etd,19.0,0.47
0.6,30,True,3.5622664148169045,55,anderson_etd,19.0,0.47
0.8,30,True,3.562266414763177,53,anderson_etd,19.0,0.47
1.0,30,True,3.56226641481616,51,anderson_etd,19.0,0.47
0.4,50,True,3.5622664165468514,58,anderson_etd,19.0,0.47
0.6,50,True,3.562266415965833,56,anderson_etd,19.0,0.47
0.8,50,True,3.5622664164344418,53,anderson_etd,19.0,0.47
1.0,50,True,3.562266417057131,51,anderson_etd,19.0,0.47
0.4,80,True,3.5622664148537284,60,anderson_etd,19.0,0.47
0.6,80,True,3.5622664159790824,56,anderson_etd,19.0,0.47
0.8,80,True,3.562266415744765,53,anderson_etd,19.0,0.47
1.0,80,True,3.562266417057131,51,anderson_etd,19.0,0.47
0.4,100,True,3.5622664148537284,60,anderson_etd,19.0,0.47
0.6,100,True,3.5622664159790824,56,anderson_etd,19.0,0.47
0.8,100,True,3.562266415744765,53,anderson_etd,19.0,0.47
1.0,100,True,3.562266417057131,51,anderson_etd,19.0,0.47
0.4,30,True,3.5622664141666167,73,anderson_sd,19.0,0.47
0.6,30,True,3.5622664150450376,75,anderson_sd,19.0,0.47
0.8,30,True,3.562266415106409,76,anderson_sd,19.0,0.47
1.0,30,True,3.5622664147657943,76,anderson_sd,19.0,0.47
0.4,50,True,3.5622664145892973,70,anderson_sd,19.0,0.47
0.6,50,True,3.5622664148298853,71,anderson_sd,19.0,0.47
0.8,50,True,3.56226641418902,71,anderson_sd,19.0,0.47
1.0,50,True,3.5622664152792964,72,anderson_sd,19.0,0.47
0.4,80,True,3.562266414068436,71,anderson_sd,19.0,0.47
0.6,80,True,3.5622664136986835,71,anderson_sd,19.0,0.47
0.8,80,True,3.5622664138806712,71,anderson_sd,19.0,0.47
1.0,80,True,3.562266414734921,72,anderson_sd,19.0,0.47
0.4,100,True,3.562266414068436,71,anderson_sd,19.0,0.47
0.6,100,True,3.5622664136986835,71,anderson_sd,19.0,0.47
0.8,100,True,3.5622664138806712,71,anderson_sd,19.0,0.47
1.0,100,True,3.562266414734921,72,anderson_sd,19.0,0.47
0.4,30,True,3.562266414356033,66,anderson_sis,19.0,0.47
0.6,30,True,3.562266414277187,62,anderson_sis,19.0,0.47
0.8,30,True,3.562266415071344,60,anderson_sis,19.0,0.47
1.0,30,True,3.5622664144178726,59,anderson_sis,19.0,0.47
0.4,50,True,3.56226641471371,63,anderson_sis,19.0,0.47
0.6,50,True,3.562266415433137,60,anderson_sis,19.0,0.47
0.8,50,True,3.562266415185264,58,anderson_sis,19.0,0.47
1.0,50,True,3.5622664157354595,57,anderson_sis,19.0,0.47
0.4,80,True,3.562266416757372,67,anderson_sis,19.0,0.47
0.6,80,True,3.5622664149438767,64,anderson_sis,19.0,0.47
0.8,80,True,3.5622664169424354,63,anderson_sis,19.0,0.47
1.0,80,True,3.5622664161215347,61,anderson_sis,19.0,0.47
0.4,100,True,3.562266416757372,67,anderson_sis,19.0,0.47
0.6,100,True,3.5622664149438767,64,anderson_sis,19.0,0.47
0.8,100,True,3.5622664169424354,63,anderson_sis,19.0,0.47
1.0,100,True,3.5622664161215347,61,anderson_sis,19.0,0.47
0.4,0,True,3.5622664148253387,271,etd,19.0,0.47
0.6,0,True,3.5622664165771027,201,etd,19.0,0.47
0.8,0,True,3.5622664138411704,200,etd,19.0,0.47
1.0,0,True,3.562266416338348,218,etd,19.0,0.47
0.4,30,True,3.5622664157564268,107,ngmres_etd,19.0,0.47
0.6,30,True,3.562266415315838,97,ngmres_etd,19.0,0.47
0.8,30,True,3.5622664152743804,97,ngmres_etd,19.0,0.47
1.0,30,True,3.562266414485328,95,ngmres_etd,19.0,0.47
0.4,50,True,3.5622664143670217,99,ngmres_etd,19.0,0.47
0.6,50,True,3.5622664146323637,95,ngmres_etd,19.0,0.47
0.8,50,True,3.5622664144262908,91,ngmres_etd,19.0,0.47
1.0,50,True,3.5622664150235552,91,ngmres_etd,19.0,0.47
0.4,80,True,3.5622664143670217,99,ngmres_etd,19.0,0.47
0.6,80,True,3.5622664146323637,95,ngmres_etd,19.0,0.47
0.8,80,True,3.5622664144262908,91,ngmres_etd,19.0,0.47
1.0,80,True,3.5622664150235552,91,ngmres_etd,19.0,0.47
0.4,100,True,3.5622664143670217,99,ngmres_etd,19.0,0.47
0.6,100,True,3.5622664146323637,95,ngmres_etd,19.0,0.47
0.8,100,True,3.5622664144262908,91,ngmres_etd,19.0,0.47
1.0,100,True,3.5622664150235552,91,ngmres_etd,19.0,0.47
0.4,30,True,3.56226641492148,145,ngmres_sd,19.0,0.47
0.6,30,True,3.5622664151211385,143,ngmres_sd,19.0,0.47
0.8,30,True,3.5622664150186,145,ngmres_sd,19.0,0.47
1.0,30,True,3.562266414800209,145,ngmres_sd,19.0,0.47
0.4,50,True,3.5622664141138056,137,ngmres_sd,19.0,0.47
0.6,50,True,3.562266413853541,137,ngmres_sd,19.0,0.47
0.8,50,True,3.562266413670112,137,ngmres_sd,19.0,0.47
1.0,50,True,3.562266413079852,135,ngmres_sd,19.0,0.47
0.4,80,True,3.562266414918096,133,ngmres_sd,19.0,0.47
0.6,80,True,3.5622664149184784,133,ngmres_sd,19.0,0.47
0.8,80,True,3.562266414916829,133,ngmres_sd,19.0,0.47
1.0,80,True,3.562266414919808,133,ngmres_sd,19.0,0.47
0.4,100,True,3.562266414918096,133,ngmres_sd,19.0,0.47
0.6,100,True,3.5622664149184784,133,ngmres_sd,19.0,0.47
0.8,100,True,3.562266414916829,133,ngmres_sd,19.0,0.47
1.0,100,True,3.562266414919808,133,ngmres_sd,19.0,0.47
0.4,30,True,3.5622664152675565,103,ngmres_sis,19.0,0.47
0.6,30,True,3.562266414489632,101,ngmres_sis,19.0,0.47
0.8,30,True,3.562266414073683,95,ngmres_sis,19.0,0.47
1.0,30,True,3.562266414598146,95,ngmres_sis,19.0,0.47
0.4,50,True,3.5622664149784145,97,ngmres_sis,19.0,0.47
0.6,50,True,3.562266414483556,95,ngmres_sis,19.0,0.47
0.8,50,True,3.5622664147635064,93,ngmres_sis,19.0,0.47
1.0,50,True,3.562266414933588,91,ngmres_sis,19.0,0.47
0.4,80,True,3.5622664149784145,97,ngmres_sis,19.0,0.47
0.6,80,True,3.562266414483556,95,ngmres_sis,19.0,0.47
0.8,80,True,3.5622664147635064,93,ngmres_sis,19.0,0.47
1.0,80,True,3.562266414933588,91,ngmres_sis,19.0,0.47
0.4,100,True,3.5622664149784145,97,ngmres_sis,19.0,0.47
0.6,100,True,3.562266414483556,95,ngmres_sis,19.0,0.47
0.8,100,True,3.5622664147635064,93,ngmres_sis,19.0,0.47
1.0,100,True,3.562266414933588,91,ngmres_sis,19.0,0.47
0.4,30,True,3.562266415422412,130,oaccel_etd,19.0,0.47
0.6,30,True,3.562266414850757,124,oaccel_etd,19.0,0.47
0.8,30,True,3.5622664166290576,120,oaccel_etd,19.0,0.47
1.0,30,True,3.562266415723209,116,oaccel_etd,19.0,0.47
0.4,50,True,3.5622664149932737,108,oaccel_etd,19.0,0.47
0.6,50,True,3.562266415138625,100,oaccel_etd,19.0,0.47
0.8,50,True,3.5622664152447605,98,oaccel_etd,19.0,0.47
1.0,50,True,3.5622664152144274,94,oaccel_etd,19.0,0.47
0.4,80,True,3.5622664149208934,108,oaccel_etd,19.0,0.47
0.6,80,True,3.562266415138625,100,oaccel_etd,19.0,0.47
0.8,80,True,3.5622664152447605,98,oaccel_etd,19.0,0.47
1.0,80,True,3.5622664152144274,94,oaccel_etd,19.0,0.47
0.4,100,True,3.5622664149208934,108,oaccel_etd,19.0,0.47
0.6,100,True,3.562266415138625,100,oaccel_etd,19.0,0.47
0.8,100,True,3.5622664152447605,98,oaccel_etd,19.0,0.47
1.0,100,True,3.5622664152144274,94,oaccel_etd,19.0,0.47
0.4,30,True,3.562266413478457,226,oaccel_sd,19.0,0.47
0.6,30,True,3.562266413536637,216,oaccel_sd,19.0,0.47
0.8,30,True,3.5622664155390966,230,oaccel_sd,19.0,0.47
1.0,30,True,3.5622664156637622,214,oaccel_sd,19.0,0.47
0.4,50,True,3.562266415400682,168,oaccel_sd,19.0,0.47
0.6,50,True,3.562266415786836,164,oaccel_sd,19.0,0.47
0.8,50,True,3.5622664154270547,164,oaccel_sd,19.0,0.47
1.0,50,True,3.562266415404711,162,oaccel_sd,19.0,0.47
0.4,80,True,3.562266415124782,148,oaccel_sd,19.0,0.47
0.6,80,True,3.562266415145915,148,oaccel_sd,19.0,0.47
0.8,80,True,3.562266415174176,148,oaccel_sd,19.0,0.47
1.0,80,True,3.562266415210084,148,oaccel_sd,19.0,0.47
0.4,100,True,3.562266415124782,148,oaccel_sd,19.0,0.47
0.6,100,True,3.562266415145915,148,oaccel_sd,19.0,0.47
0.8,100,True,3.562266415174176,148,oaccel_sd,19.0,0.47
1.0,100,True,3.562266415210084,148,oaccel_sd,19.0,0.47
0.4,30,True,3.5622664151665626,126,oaccel_sis,19.0,0.47
0.6,30,True,3.5622664162057767,126,oaccel_sis,19.0,0.47
0.8,30,True,3.5622664163984856,120,oaccel_sis,19.0,0.47
1.0,30,True,3.562266414304636,122,oaccel_sis,19.0,0.47
0.4,50,True,3.5622664148748866,106,oaccel_sis,19.0,0.47
0.6,50,True,3.562266415256184,102,oaccel_sis,19.0,0.47
0.8,50,True,3.562266415337961,100,oaccel_sis,19.0,0.47
1.0,50,True,3.5622664155740456,98,oaccel_sis,19.0,0.47
0.4,80,True,3.562266415089182,106,oaccel_sis,19.0,0.47
0.6,80,True,3.562266415256184,102,oaccel_sis,19.0,0.47
0.8,80,True,3.562266415337961,100,oaccel_sis,19.0,0.47
1.0,80,True,3.5622664155740456,98,oaccel_sis,19.0,0.47
0.4,100,True,3.562266415089182,106,oaccel_sis,19.0,0.47
0.6,100,True,3.562266415256184,102,oaccel_sis,19.0,0.47
0.8,100,True,3.562266415337961,100,oaccel_sis,19.0,0.47
1.0,100,True,3.5622664155740456,98,oaccel_sis,19.0,0.47
0.2,0,True,3.562266414828942,446,sd,19.0,0.47
0.3,0,True,3.562266414830954,296,sd,19.0,0.47
0.4,0,True,3.5622664148335383,221,sd,19.0,0.47
0.5,0,False,4.242169830026931,3000,sd,19.0,0.47
0.4,0,True,3.562266414832002,404,sis,19.0,0.47
0.6,0,True,3.5622664148337453,329,sis,19.0,0.47
0.8,0,True,3.562266414810141,292,sis,19.0,0.47
1.0,0,True,3.562266414759323,270,sis,19.0,0.47
0.4,30,True,3.5622664151672208,58,anderson_etd,19.0,0.48
0.6,30,True,3.562266414522391,54,anderson_etd,19.0,0.48
0.8,30,True,3.5622664144468104,53,anderson_etd,19.0,0.48
1.0,30,True,3.5622664152964933,51,anderson_etd,19.0,0.48
0.4,50,True,3.562266413049485,57,anderson_etd,19.0,0.48
0.6,50,True,3.562266414748829,54,anderson_etd,19.0,0.48
0.8,50,True,3.5622664155768917,52,anderson_etd,19.0,0.48
1.0,50,True,3.562266413894279,52,anderson_etd,19.0,0.48
0.4,80,True,3.5622664107067923,59,anderson_etd,19.0,0.48
0.6,80,True,3.5622664127398256,54,anderson_etd,19.0,0.48
0.8,80,True,3.5622664155064667,52,anderson_etd,19.0,0.48
1.0,80,True,3.562266413841175,52,anderson_etd,19.0,0.48
0.4,100,True,3.5622664107067923,59,anderson_etd,19.0,0.48
0.6,100,True,3.5622664127398256,54,anderson_etd,19.0,0.48
0.8,100,True,3.5622664155064667,52,anderson_etd,19.0,0.48
1.0,100,True,3.562266413841175,52,anderson_etd,19.0,0.48
0.4,30,True,3.562266414725009,72,anderson_sd,19.0,0.48
0.6,30,True,3.562266414548405,74,anderson_sd,19.0,0.48
0.8,30,True,3.5622664154981454,75,anderson_sd,19.0,0.48
1.0,30,True,3.562266414126783,74,anderson_sd,19.0,0.48
0.4,50,True,3.5622664146115754,69,anderson_sd,19.0,0.48
0.6,50,True,3.5622664134622104,70,anderson_sd,19.0,0.48
0.8,50,True,3.562266415023661,70,anderson_sd,19.0,0.48
1.0,50,True,3.562266414405902,71,anderson_sd,19.0,0.48
0.4,80,True,3.5622664132915656,70,anderson_sd,19.0,0.48
0.6,80,True,3.5622664130682544,70,anderson_sd,19.0,0.48
0.8,80,True,3.562266413838427,70,anderson_sd,19.0,0.48
1.0,80,True,3.5622664145485654,70,anderson_sd,19.0,0.48
0.4,100,True,3.5622664132915656,70,anderson_sd,19.0,0.48
0.6,100,True,3.5622664130682544,70,anderson_sd,19.0,0.48
0.8,100,True,3.562266413838427,70,anderson_sd,19.0,0.48
1.0,100,True,3.5622664145485654,70,anderson_sd,19.0,0.48
0.4,30,True,3.562266415216425,64,anderson_sis,19.0,0.48
0.6,30,True,3.562266413620569,60,anderson_sis,19.0,0.48
0.8,30,True,3.562266415557672,58,anderson_sis,19.0,0.48
1.0,30,True,3.562266414419637,58,anderson_sis,19.0,0.48
0.4,50,True,3.562266414871289,62,anderson_sis,19.0,0.48
0.6,50,True,3.5622664148162766,58,anderson_sis,19.0,0.48
0.8,50,True,3.562266414049666,57,anderson_sis,19.0,0.48
1.0,50,True,3.562266415227187,55,anderson_sis,19.0,0.48
0.4,80,True,3.5622664130966184,64,anderson_sis,19.0,0.48
0.6,80,True,3.5622664159826014,61,anderson_sis,19.0,0.48
0.8,80,True,3.5622664141511,59,anderson_sis,19.0,0.48
1.0,80,True,3.56226641707716,57,anderson_sis,19.0,0.48
0.4,100,True,3.5622664130966184,64,anderson_sis,19.0,0.48
0.6,100,True,3.5622664159826014,61,anderson_sis,19.0,0.48
0.8,100,True,3.5622664141511,59,anderson_sis,19.0,0.48
1.0,100,True,3.56226641707716,57,anderson_sis,19.0,0.48
0.4,0,True,3.562266414826679,266,etd,19.0,0.48
0.6,0,True,3.5622664138249576,195,etd,19.0,0.48
0.8,0,True,3.562266411732577,198,etd,19.0,0.48
1.0,0,True,3.562266413239038,211,etd,19.0,0.48
0.4,30,True,3.5622664152760493,101,ngmres_etd,19.0,0.48
0.6,30,True,3.562266414269091,95,ngmres_etd,19.0,0.48
0.8,30,True,3.56226641384975,93,ngmres_etd,19.0,0.48
1.0,30,True,3.56226641346276,91,ngmres_etd,19.0,0.48
0.4,50,True,3.562266414931857,97,ngmres_etd,19.0,0.48
0.6,50,True,3.562266414697226,93,ngmres_etd,19.0,0.48
0.8,50,True,3.56226641434764,89,ngmres_etd,19.0,0.48
1.0,50,True,3.5622664147111784,89,ngmres_etd,19.0,0.48
0.4,80,True,3.562266414931857,97,ngmres_etd,19.0,0.48
0.6,80,True,3.562266414697226,93,ngmres_etd,19.0,0.48
0.8,80,True,3.56226641434764,89,ngmres_etd,19.0,0.48
1.0,80,True,3.5622664147111784,89,ngmres_etd,19.0,0.48
0.4,100,True,3.562266414931857,97,ngmres_etd,19.0,0.48
0.6,100,True,3.562266414697226,93,ngmres_etd,19.0,0.48
0.8,100,True,3.56226641434764,89,ngmres_etd,19.0,0.48
1.0,100,True,3.5622664147111784,89,ngmres_etd,19.0,0.48
0.4,30,True,3.562266414614718,143,ngmres_sd,19.0,0.48
0.6,30,True,3.562266414605196,143,ngmres_sd,19.0,0.48
0.8,30,True,3.5622664145891347,143,ngmres_sd,19.0,0.48
1.0,30,True,3.5622664143957348,141,ngmres_sd,19.0,0.48
0.4,50,True,3.5622664139372624,133,ngmres_sd,19.0,0.48
0.6,50,True,3.5622664138392643,133,ngmres_sd,19.0,0.48
0.8,50,True,3.562266413912477,133,ngmres_sd,19.0,0.48
1.0,50,True,3.5622664141460447,133,ngmres_sd,19.0,0.48
0.4,80,True,3.5622664148153724,131,ngmres_sd,19.0,0.48
0.6,80,True,3.5622664148160403,131,ngmres_sd,19.0,0.48
0.8,80,True,3.5622664148192333,131,ngmres_sd,19.0,0.48
1.0,80,True,3.5622664148235383,131,ngmres_sd,19.0,0.48
0.4,100,True,3.5622664148153724,131,ngmres_sd,19.0,0.48
0.6,100,True,3.5622664148160403,131,ngmres_sd,19.0,0.48
0.8,100,True,3.5622664148192333,131,ngmres_sd,19.0,0.48
1.0,100,True,3.5622664148235383,131,ngmres_sd,19.0,0.48
0.4,30,True,3.56226641578736,99,ngmres_sis,19.0,0.48
0.6,30,True,3.562266414946211,93,ngmres_sis,19.0,0.48
0.8,30,True,3.56226641397158,93,ngmres_sis,19.0,0.48
1.0,30,True,3.5622664141666887,93,ngmres_sis,19.0,0.48
0.4,50,True,3.562266414984,95,ngmres_sis,19.0,0.48
0.6,50,True,3.562266415124314,91,ngmres_sis,19.0,0.48
0.8,50,True,3.5622664147224983,89,ngmres_sis,19.0,0.48
1.0,50,True,3.5622664143947835,87,ngmres_sis,19.0,0.48
0.4,80,True,3.562266414984,95,ngmres_sis,19.0,0.48
0.6,80,True,3.562266415124314,91,ngmres_sis,19.0,0.48
0.8,80,True,3.5622664147224983,89,ngmres_sis,19.0,0.48
1.0,80,True,3.5622664143947835,87,ngmres_sis,19.0,0.48
0.4,100,True,3.562266414984,95,ngmres_sis,19.0,0.48
0.6,100,True,3.562266415124314,91,ngmres_sis,19.0,0.48
0.8,100,True,3.5622664147224983,89,ngmres_sis,19.0,0.48
1.0,100,True,3.5622664143947835,87,ngmres_sis,19.0,0.48
0.4,30,True,3.562266415424024,122,oaccel_etd,19.0,0.48
0.6,30,True,3.5622664167946985,122,oaccel_etd,19.0,0.48
0.8,30,True,3.5622664144364222,126,oaccel_etd,19.0,0.48
1.0,30,True,3.562266415197639,124,oaccel_etd,19.0,0.48
0.4,50,True,3.562266415583954,104,oaccel_etd,19.0,0.48
0.6,50,True,3.5622664149633394,100,oaccel_etd,19.0,0.48
0.8,50,True,3.562266415049936,96,oaccel_etd,19.0,0.48
1.0,50,True,3.562266414719464,94,oaccel_etd,19.0,0.48
0.4,80,True,3.562266415580483,104,oaccel_etd,19.0,0.48
0.6,80,True,3.5622664149633394,100,oaccel_etd,19.0,0.48
0.8,80,True,3.562266415049936,96,oaccel_etd,19.0,0.48
1.0,80,True,3.562266414719464,94,oaccel_etd,19.0,0.48
0.4,100,True,3.562266415580483,104,oaccel_etd,19.0,0.48
0.6,100,True,3.5622664149633394,100,oaccel_etd,19.0,0.48
0.8,100,True,3.562266415049936,96,oaccel_etd,19.0,0.48
1.0,100,True,3.562266414719464,94,oaccel_etd,19.0,0.48
0.4,30,True,3.562266414529564,182,oaccel_sd,19.0,0.48
0.6,30,True,3.5622664169132445,186,oaccel_sd,19.0,0.48
0.8,30,True,3.562266413927847,194,oaccel_sd,19.0,0.48
1.0,30,True,3.5622664122322325,188,oaccel_sd,19.0,0.48
0.4,50,True,3.5622664136579463,158,oaccel_sd,19.0,0.48
0.6,50,True,3.5622664160846824,160,oaccel_sd,19.0,0.48
0.8,50,True,3.5622664162565574,160,oaccel_sd,19.0,0.48
1.0,50,True,3.5622664146714564,164,oaccel_sd,19.0,0.48
0.4,80,True,3.5622664147309004,142,oaccel_sd,19.0,0.48
0.6,80,True,3.5622664147366585,142,oaccel_sd,19.0,0.48
0.8,80,True,3.5622664147425747,142,oaccel_sd,19.0,0.48
1.0,80,True,3.5622664147488248,142,oaccel_sd,19.0,0.48
0.4,100,True,3.5622664147309004,142,oaccel_sd,19.0,0.48
0.6,100,True,3.5622664147366585,142,oaccel_sd,19.0,0.48
0.8,100,True,3.5622664147425747,142,oaccel_sd,19.0,0.48
1.0,100,True,3.5622664147488248,142,oaccel_sd,19.0,0.48
0.4,30,True,3.562266415395832,126,oaccel_sis,19.0,0.48
0.6,30,True,3.5622664136359,126,oaccel_sis,19.0,0.48
0.8,30,True,3.5622664154858823,122,oaccel_sis,19.0,0.48
1.0,30,True,3.562266413441818,122,oaccel_sis,19.0,0.48
0.4,50,True,3.56226641551432,102,oaccel_sis,19.0,0.48
0.6,50,True,3.562266415742801,100,oaccel_sis,19.0,0.48
0.8,50,True,3.562266415559816,98,oaccel_sis,19.0,0.48
1.0,50,True,3.5622664148702325,94,oaccel_sis,19.0,0.48
0.4,80,True,3.56226641551432,102,oaccel_sis,19.0,0.48
0.6,80,True,3.562266415742801,100,oaccel_sis,19.0,0.48
0.8,80,True,3.562266415559816,98,oaccel_sis,19.0,0.48
1.0,80,True,3.5622664148702325,94,oaccel_sis,19.0,0.48
0.4,100,True,3.56226641551432,102,oaccel_sis,19.0,0.48
0.6,100,True,3.562266415742801,100,oaccel_sis,19.0,0.48
0.8,100,True,3.562266415559816,98,oaccel_sis,19.0,0.48
1.0,100,True,3.5622664148702325,94,oaccel_sis,19.0,0.48
0.2,0,True,3.562266414824037,438,sd,19.0,0.48
0.3,0,True,3.562266414828377,291,sd,19.0,0.48
0.4,0,True,3.562266414827832,217,sd,19.0,0.48
0.5,0,False,4.196606987377264,3000,sd,19.0,0.48
0.4,0,True,3.562266414827622,397,sis,19.0,0.48
0.6,0,True,3.5622664148211483,323,sis,19.0,0.48
0.8,0,True,3.562266414810412,286,sis,19.0,0.48
1.0,0,True,3.5622664148615346,264,sis,19.0,0.48
0.4,30,True,3.5622664144433527,57,anderson_etd,19.0,0.49
0.6,30,True,3.562266415101365,53,anderson_etd,19.0,0.49
0.8,30,True,3.5622664151002,51,anderson_etd,19.0,0.49
1.0,30,True,3.5622664149662624,49,anderson_etd,19.0,0.49
0.4,50,True,3.5622664119363305,56,anderson_etd,19.0,0.49
0.6,50,True,3.5622664171460503,52,anderson_etd,19.0,0.49
0.8,50,True,3.562266417237079,50,anderson_etd,19.0,0.49
1.0,50,True,3.562266414439554,50,anderson_etd,19.0,0.49
0.4,80,True,3.5622664154403605,57,anderson_etd,19.0,0.49
0.6,80,True,3.562266417111464,52,anderson_etd,19.0,0.49
0.8,80,True,3.562266417237079,50,anderson_etd,19.0,0.49
1.0,80,True,3.562266414439554,50,anderson_etd,19.0,0.49
0.4,100,True,3.5622664154403605,57,anderson_etd,19.0,0.49
0.6,100,True,3.562266417111464,52,anderson_etd,19.0,0.49
0.8,100,True,3.562266417237079,50,anderson_etd,19.0,0.49
1.0,100,True,3.562266414439554,50,anderson_etd,19.0,0.49
0.4,30,True,3.5622664147321466,69,anderson_sd,19.0,0.49
0.6,30,True,3.562266413665683,71,anderson_sd,19.0,0.49
0.8,30,True,3.562266414976695,72,anderson_sd,19.0,0.49
1.0,30,True,3.5622664144699074,73,anderson_sd,19.0,0.49
0.4,50,True,3.5622664144024405,67,anderson_sd,19.0,0.49
0.6,50,True,3.5622664146123557,69,anderson_sd,19.0,0.49
0.8,50,True,3.5622664151696304,69,anderson_sd,19.0,0.49
1.0,50,True,3.562266415896783,69,anderson_sd,19.0,0.49
0.4,80,True,3.5622664164163345,71,anderson_sd,19.0,0.49
0.6,80,True,3.562266413768559,69,anderson_sd,19.0,0.49
0.8,80,True,3.5622664144195904,69,anderson_sd,19.0,0.49
1.0,80,True,3.562266414811228,69,anderson_sd,19.0,0.49
0.4,100,True,3.5622664164163345,71,anderson_sd,19.0,0.49
0.6,100,True,3.562266413768559,69,anderson_sd,19.0,0.49
0.8,100,True,3.5622664144195904,69,anderson_sd,19.0,0.49
1.0,100,True,3.562266414811228,69,anderson_sd,19.0,0.49
0.4,30,True,3.5622664157968806,63,anderson_sis,19.0,0.49
0.6,30,True,3.5622664147149594,59,anderson_sis,19.0,0.49
0.8,30,True,3.5622664154752206,56,anderson_sis,19.0,0.49
1.0,30,True,3.5622664151960137,57,anderson_sis,19.0,0.49
0.4,50,True,3.562266412125923,60,anderson_sis,19.0,0.49
0.6,50,True,3.562266412140014,56,anderson_sis,19.0,0.49
0.8,50,True,3.5622664145100176,55,anderson_sis,19.0,0.49
1.0,50,True,3.5622664136826483,54,anderson_sis,19.0,0.49
0.4,80,True,3.562266411471904,60,anderson_sis,19.0,0.49
0.6,80,True,3.562266415562931,58,anderson_sis,19.0,0.49
0.8,80,True,3.5622664121079266,56,anderson_sis,19.0,0.49
1.0,80,True,3.5622664133477477,54,anderson_sis,19.0,0.49
0.4,100,True,3.562266411471904,60,anderson_sis,19.0,0.49
0.6,100,True,3.562266415562931,58,anderson_sis,19.0,0.49
0.8,100,True,3.5622664121079266,56,anderson_sis,19.0,0.49
1.0,100,True,3.5622664133477477,54,anderson_sis,19.0,0.49
0.4,0,True,3.562266414817265,260,etd,19.0,0.49
0.6,0,True,3.562266413776154,192,etd,19.0,0.49
0.8,0,True,3.5622664133060145,185,etd,19.0,0.49
1.0,0,True,3.562266418234879,203,etd,19.0,0.49
0.4,30,True,3.562266415492969,97,ngmres_etd,19.0,0.49
0.6,30,True,3.56226641623212,95,ngmres_etd,19.0,0.49
0.8,30,True,3.562266415515854,93,ngmres_etd,19.0,0.49
1.0,30,True,3.562266413763824,89,ngmres_etd,19.0,0.49
0.4,50,True,3.5622664148679157,93,ngmres_etd,19.0,0.49
0.6,50,True,3.5622664154371133,91,ngmres_etd,19.0,0.49
0.8,50,True,3.562266415214646,89,ngmres_etd,19.0,0.49
1.0,50,True,3.5622664149221217,87,ngmres_etd,19.0,0.49
0.4,80,True,3.5622664148679157,93,ngmres_etd,19.0,0.49
0.6,80,True,3.5622664154371133,91,ngmres_etd,19.0,0.49
0.8,80,True,3.562266415214646,89,ngmres_etd,19.0,0.49
1.0,80,True,3.5622664149221217,87,ngmres_etd,19.0,0.49
0.4,100,True,3.5622664148679157,93,ngmres_etd,19.0,0.49
0.6,100,True,3.5622664154371133,91,ngmres_etd,19.0,0.49
0.8,100,True,3.562266415214646,89,ngmres_etd,19.0,0.49
1.0,100,True,3.5622664149221217,87,ngmres_etd,19.0,0.49
0.4,30,True,3.5622664144031475,137,ngmres_sd,19.0,0.49
0.6,30,True,3.5622664142704847,137,ngmres_sd,19.0,0.49
0.8,30,True,3.562266414133176,137,ngmres_sd,19.0,0.49
1.0,30,True,3.5622664140343545,137,ngmres_sd,19.0,0.49
0.4,50,True,3.5622664155114725,129,ngmres_sd,19.0,0.49
0.6,50,True,3.562266415477981,129,ngmres_sd,19.0,0.49
0.8,50,True,3.562266415382088,129,ngmres_sd,19.0,0.49
1.0,50,True,3.562266415341054,129,ngmres_sd,19.0,0.49
0.4,80,True,3.562266414703416,129,ngmres_sd,19.0,0.49
0.6,80,True,3.562266414703857,129,ngmres_sd,19.0,0.49
0.8,80,True,3.562266414704453,129,ngmres_sd,19.0,0.49
1.0,80,True,3.562266414705072,129,ngmres_sd,19.0,0.49
0.4,100,True,3.562266414703416,129,ngmres_sd,19.0,0.49
0.6,100,True,3.562266414703857,129,ngmres_sd,19.0,0.49
0.8,100,True,3.562266414704453,129,ngmres_sd,19.0,0.49
1.0,100,True,3.562266414705072,129,ngmres_sd,19.0,0.49
0.4,30,True,3.5622664154568646,97,ngmres_sis,19.0,0.49
0.6,30,True,3.562266415925372,93,ngmres_sis,19.0,0.49
0.8,30,True,3.5622664155872865,93,ngmres_sis,19.0,0.49
1.0,30,True,3.562266415289968,93,ngmres_sis,19.0,0.49
0.4,50,True,3.5622664149212566,93,ngmres_sis,19.0,0.49
0.6,50,True,3.562266415453843,89,ngmres_sis,19.0,0.49
0.8,50,True,3.562266415561149,89,ngmres_sis,19.0,0.49
1.0,50,True,3.562266415539836,89,ngmres_sis,19.0,0.49
0.4,80,True,3.5622664149212566,93,ngmres_sis,19.0,0.49
0.6,80,True,3.562266415453843,89,ngmres_sis,19.0,0.49
0.8,80,True,3.562266415561149,89,ngmres_sis,19.0,0.49
1.0,80,True,3.562266415539836,89,ngmres_sis,19.0,0.49
0.4,100,True,3.5622664149212566,93,ngmres_sis,19.0,0.49
0.6,100,True,3.562266415453843,89,ngmres_sis,19.0,0.49
0.8,100,True,3.562266415561149,89,ngmres_sis,19.0,0.49
1.0,100,True,3.562266415539836,89,ngmres_sis,19.0,0.49
0.4,30,True,3.562266416436535,122,oaccel_etd,19.0,0.49
0.6,30,True,3.562266415357236,120,oaccel_etd,19.0,0.49
0.8,30,True,3.5622664148664374,120,oaccel_etd,19.0,0.49
1.0,30,True,3.562266412663736,118,oaccel_etd,19.0,0.49
0.4,50,True,3.5622664146405603,102,oaccel_etd,19.0,0.49
0.6,50,True,3.5622664150376933,96,oaccel_etd,19.0,0.49
0.8,50,True,3.562266414931244,96,oaccel_etd,19.0,0.49
1.0,50,True,3.5622664150943537,92,oaccel_etd,19.0,0.49
0.4,80,True,3.5622664146405603,102,oaccel_etd,19.0,0.49
0.6,80,True,3.5622664150376933,96,oaccel_etd,19.0,0.49
0.8,80,True,3.562266414931244,96,oaccel_etd,19.0,0.49
1.0,80,True,3.5622664150943537,92,oaccel_etd,19.0,0.49
0.4,100,True,3.5622664146405603,102,oaccel_etd,19.0,0.49
0.6,100,True,3.5622664150376933,96,oaccel_etd,19.0,0.49
0.8,100,True,3.562266414931244,96,oaccel_etd,19.0,0.49
1.0,100,True,3.5622664150943537,92,oaccel_etd,19.0,0.49
0.4,30,True,3.5622664146552783,176,oaccel_sd,19.0,0.49
0.6,30,True,3.562266414581141,186,oaccel_sd,19.0,0.49
0.8,30,True,3.56226641289072,182,oaccel_sd,19.0,0.49
1.0,30,True,3.5622664139839517,178,oaccel_sd,19.0,0.49
0.4,50,True,3.562266413240148,152,oaccel_sd,19.0,0.49
0.6,50,True,3.5622664133793345,152,oaccel_sd,19.0,0.49
0.8,50,True,3.5622664166973435,152,oaccel_sd,19.0,0.49
1.0,50,True,3.5622664152990886,152,oaccel_sd,19.0,0.49
0.4,80,True,3.562266415088426,138,oaccel_sd,19.0,0.49
0.6,80,True,3.562266415090249,138,oaccel_sd,19.0,0.49
0.8,80,True,3.562266415092414,138,oaccel_sd,19.0,0.49
1.0,80,True,3.562266415094176,138,oaccel_sd,19.0,0.49
0.4,100,True,3.562266415088426,138,oaccel_sd,19.0,0.49
0.6,100,True,3.562266415090249,138,oaccel_sd,19.0,0.49
0.8,100,True,3.562266415092414,138,oaccel_sd,19.0,0.49
1.0,100,True,3.562266415094176,138,oaccel_sd,19.0,0.49
0.4,30,True,3.562266414236338,124,oaccel_sis,19.0,0.49
0.6,30,True,3.5622664128483903,120,oaccel_sis,19.0,0.49
0.8,30,True,3.56226641506857,120,oaccel_sis,19.0,0.49
1.0,30,True,3.5622664161769304,116,oaccel_sis,19.0,0.49
0.4,50,True,3.562266414764234,102,oaccel_sis,19.0,0.49
0.6,50,True,3.562266414787886,98,oaccel_sis,19.0,0.49
0.8,50,True,3.5622664147070484,96,oaccel_sis,19.0,0.49
1.0,50,True,3.562266414803178,94,oaccel_sis,19.0,0.49
0.4,80,True,3.562266414764234,102,oaccel_sis,19.0,0.49
0.6,80,True,3.562266414787886,98,oaccel_sis,19.0,0.49
0.8,80,True,3.5622664147070484,96,oaccel_sis,19.0,0.49
1.0,80,True,3.562266414803178,94,oaccel_sis,19.0,0.49
0.4,100,True,3.562266414764234,102,oaccel_sis,19.0,0.49
0.6,100,True,3.562266414787886,98,oaccel_sis,19.0,0.49
0.8,100,True,3.5622664147070484,96,oaccel_sis,19.0,0.49
1.0,100,True,3.562266414803178,94,oaccel_sis,19.0,0.49
0.2,0,True,3.5622664148109937,429,sd,19.0,0.49
0.3,0,True,3.562266414815583,285,sd,19.0,0.49
0.4,0,True,3.5622664148197147,213,sd,19.0,0.49
0.5,0,False,4.367529840262463,3000,sd,19.0,0.49
0.4,0,True,3.562266414808416,388,sis,19.0,0.49
0.6,0,True,3.562266414809044,316,sis,19.0,0.49
0.8,0,True,3.5622664148293,280,sis,19.0,0.49
1.0,0,True,3.562266414873733,259,sis,19.0,0.49
0.4,30,True,3.5622664141722176,58,anderson_etd,19.0,0.51
0.6,30,True,3.5622664142640232,53,anderson_etd,19.0,0.51
0.8,30,True,3.562266415361618,51,anderson_etd,19.0,0.51
1.0,30,True,3.562266415731276,49,anderson_etd,19.0,0.51
0.4,50,True,3.562266416116066,56,anderson_etd,19.0,0.51
0.6,50,True,3.5622664136725,53,anderson_etd,19.0,0.51
0.8,50,True,3.5622664126616943,52,anderson_etd,19.0,0.51
1.0,50,True,3.5622664135763484,51,anderson_etd,19.0,0.51
0.4,80,True,3.5622664140942693,57,anderson_etd,19.0,0.51
0.6,80,True,3.562266413373502,53,anderson_etd,19.0,0.51
0.8,80,True,3.5622664126518906,52,anderson_etd,19.0,0.51
1.0,80,True,3.5622664135763484,51,anderson_etd,19.0,0.51
0.4,100,True,3.5622664140942693,57,anderson_etd,19.0,0.51
0.6,100,True,3.562266413373502,53,anderson_etd,19.0,0.51
0.8,100,True,3.5622664126518906,52,anderson_etd,19.0,0.51
1.0,100,True,3.5622664135763484,51,anderson_etd,19.0,0.51
0.4,30,True,3.562266414308544,70,anderson_sd,19.0,0.51
0.6,30,True,3.562266416073109,70,anderson_sd,19.0,0.51
0.8,30,True,3.562266414538927,72,anderson_sd,19.0,0.51
1.0,30,True,3.562266414364461,73,anderson_sd,19.0,0.51
0.4,50,True,3.562266415129836,66,anderson_sd,19.0,0.51
0.6,50,True,3.562266414850588,68,anderson_sd,19.0,0.51
0.8,50,True,3.562266414340065,68,anderson_sd,19.0,0.51
1.0,50,True,3.562266414380723,68,anderson_sd,19.0,0.51
0.4,80,True,3.5622664149783887,66,anderson_sd,19.0,0.51
0.6,80,True,3.56226641548657,69,anderson_sd,19.0,0.51
0.8,80,True,3.562266416715602,68,anderson_sd,19.0,0.51
1.0,80,True,3.562266414888416,68,anderson_sd,19.0,0.51
0.4,100,True,3.5622664149783887,66,anderson_sd,19.0,0.51
0.6,100,True,3.56226641548657,69,anderson_sd,19.0,0.51
0.8,100,True,3.562266416715602,68,anderson_sd,19.0,0.51
1.0,100,True,3.562266414888416,68,anderson_sd,19.0,0.51
0.4,30,True,3.5622664143752143,62,anderson_sis,19.0,0.51
0.6,30,True,3.5622664151986063,59,anderson_sis,19.0,0.51
0.8,30,True,3.5622664154550767,58,anderson_sis,19.0,0.51
1.0,30,True,3.562266415334181,56,anderson_sis,19.0,0.51
0.4,50,True,3.562266414642057,59,anderson_sis,19.0,0.51
0.6,50,True,3.562266411504077,58,anderson_sis,19.0,0.51
0.8,50,True,3.5622664164323243,56,anderson_sis,19.0,0.51
1.0,50,True,3.5622664179630528,56,anderson_sis,19.0,0.51
0.4,80,True,3.5622664149773344,63,anderson_sis,19.0,0.51
0.6,80,True,3.5622664151569268,60,anderson_sis,19.0,0.51
0.8,80,True,3.562266416127573,57,anderson_sis,19.0,0.51
1.0,80,True,3.562266414462649,57,anderson_sis,19.0,0.51
0.4,100,True,3.5622664149773344,63,anderson_sis,19.0,0.51
0.6,100,True,3.5622664151569268,60,anderson_sis,19.0,0.51
0.8,100,True,3.562266416127573,57,anderson_sis,19.0,0.51
1.0,100,True,3.562266414462649,57,anderson_sis,19.0,0.51
0.4,0,True,3.5622664147861407,253,etd,19.0,0.51
0.6,0,True,3.5622664160561586,189,etd,19.0,0.51
0.8,0,True,3.5622664125212182,191,etd,19.0,0.51
1.0,0,True,3.562266418392129,209,etd,19.0,0.51
0.4,30,True,3.562266415733487,99,ngmres_etd,19.0,0.51
0.6,30,True,3.5622664146342897,95,ngmres_etd,19.0,0.51
0.8,30,True,3.562266413377868,95,ngmres_etd,19.0,0.51
1.0,30,True,3.562266415746845,91,ngmres_etd,19.0,0.51
0.4,50,True,3.562266414923193,95,ngmres_etd,19.0,0.51
0.6,50,True,3.5622664151390424,91,ngmres_etd,19.0,0.51
0.8,50,True,3.5622664152315906,89,ngmres_etd,19.0,0.51
1.0,50,True,3.5622664153310337,87,ngmres_etd,19.0,0.51
0.4,80,True,3.562266414923193,95,ngmres_etd,19.0,0.51
0.6,80,True,3.5622664151390424,91,ngmres_etd,19.0,0.51
0.8,80,True,3.5622664152315906,89,ngmres_etd,19.0,0.51
1.0,80,True,3.5622664153310337,87,ngmres_etd,19.0,0.51
0.4,100,True,3.562266414923193,95,ngmres_etd,19.0,0.51
0.6,100,True,3.5622664151390424,91,ngmres_etd,19.0,0.51
0.8,100,True,3.5622664152315906,89,ngmres_etd,19.0,0.51
1.0,100,True,3.5622664153310337,87,ngmres_etd,19.0,0.51
0.4,30,True,3.562266415005774,135,ngmres_sd,19.0,0.51
0.6,30,True,3.5622664149976133,135,ngmres_sd,19.0,0.51
0.8,30,True,3.562266414988236,135,ngmres_sd,19.0,0.51
1.0,30,True,3.562266414978276,135,ngmres_sd,19.0,0.51
0.4,50,True,3.562266414683629,127,ngmres_sd,19.0,0.51
0.6,50,True,3.5622664146806877,127,ngmres_sd,19.0,0.51
0.8,50,True,3.56226641467687,127,ngmres_sd,19.0,0.51
1.0,50,True,3.5622664146723864,127,ngmres_sd,19.0,0.51
0.4,80,True,3.562266415025568,127,ngmres_sd,19.0,0.51
0.6,80,True,3.562266415025289,127,ngmres_sd,19.0,0.51
0.8,80,True,3.5622664150245056,127,ngmres_sd,19.0,0.51
1.0,80,True,3.562266415023407,127,ngmres_sd,19.0,0.51
0.4,100,True,3.562266415025568,127,ngmres_sd,19.0,0.51
0.6,100,True,3.562266415025289,127,ngmres_sd,19.0,0.51
0.8,100,True,3.5622664150245056,127,ngmres_sd,19.0,0.51
1.0,100,True,3.562266415023407,127,ngmres_sd,19.0,0.51
0.4,30,True,3.5622664151222843,97,ngmres_sis,19.0,0.51
0.6,30,True,3.5622664146323,95,ngmres_sis,19.0,0.51
0.8,30,True,3.562266414000602,93,ngmres_sis,19.0,0.51
1.0,30,True,3.5622664133848616,93,ngmres_sis,19.0,0.51
0.4,50,True,3.5622664149638004,93,ngmres_sis,19.0,0.51
0.6,50,True,3.562266415108964,91,ngmres_sis,19.0,0.51
0.8,50,True,3.562266415124874,91,ngmres_sis,19.0,0.51
1.0,50,True,3.56226641522366,89,ngmres_sis,19.0,0.51
0.4,80,True,3.5622664149638004,93,ngmres_sis,19.0,0.51
0.6,80,True,3.562266415108964,91,ngmres_sis,19.0,0.51
0.8,80,True,3.562266415124874,91,ngmres_sis,19.0,0.51
1.0,80,True,3.56226641522366,89,ngmres_sis,19.0,0.51
0.4,100,True,3.5622664149638004,93,ngmres_sis,19.0,0.51
0.6,100,True,3.562266415108964,91,ngmres_sis,19.0,0.51
0.8,100,True,3.562266415124874,91,ngmres_sis,19.0,0.51
1.0,100,True,3.56226641522366,89,ngmres_sis,19.0,0.51
0.4,30,True,3.5622664156569925,126,oaccel_etd,19.0,0.51
0.6,30,True,3.562266414724932,120,oaccel_etd,19.0,0.51
0.8,30,True,3.562266414743446,118,oaccel_etd,19.0,0.51
1.0,30,True,3.5622664157068646,120,oaccel_etd,19.0,0.51
0.4,50,True,3.562266414971593,102,oaccel_etd,19.0,0.51
0.6,50,True,3.5622664150009644,98,oaccel_etd,19.0,0.51
0.8,50,True,3.5622664149261123,98,oaccel_etd,19.0,0.51
1.0,50,True,3.562266415063588,94,oaccel_etd,19.0,0.51
0.4,80,True,3.562266414971593,102,oaccel_etd,19.0,0.51
0.6,80,True,3.5622664150009644,98,oaccel_etd,19.0,0.51
0.8,80,True,3.5622664149261123,98,oaccel_etd,19.0,0.51
1.0,80,True,3.562266415063588,94,oaccel_etd,19.0,0.51
0.4,100,True,3.562266414971593,102,oaccel_etd,19.0,0.51
0.6,100,True,3.5622664150009644,98,oaccel_etd,19.0,0.51
0.8,100,True,3.5622664149261123,98,oaccel_etd,19.0,0.51
1.0,100,True,3.562266415063588,94,oaccel_etd,19.0,0.51
0.4,30,True,3.5622664143457943,186,oaccel_sd,19.0,0.51
0.6,30,True,3.5622664146503187,210,oaccel_sd,19.0,0.51
0.8,30,True,3.562266415459309,226,oaccel_sd,19.0,0.51
1.0,30,True,3.562266413730794,204,oaccel_sd,19.0,0.51
0.4,50,True,3.5622664150348005,156,oaccel_sd,19.0,0.51
0.6,50,True,3.5622664159883914,158,oaccel_sd,19.0,0.51
0.8,50,True,3.5622664149547605,158,oaccel_sd,19.0,0.51
1.0,50,True,3.5622664156349426,158,oaccel_sd,19.0,0.51
0.4,80,True,3.562266414980428,136,oaccel_sd,19.0,0.51
0.6,80,True,3.562266414976862,136,oaccel_sd,19.0,0.51
0.8,80,True,3.562266414973231,136,oaccel_sd,19.0,0.51
1.0,80,True,3.562266414969442,136,oaccel_sd,19.0,0.51
0.4,100,True,3.562266414980428,136,oaccel_sd,19.0,0.51
0.6,100,True,3.562266414976862,136,oaccel_sd,19.0,0.51
0.8,100,True,3.562266414973231,136,oaccel_sd,19.0,0.51
1.0,100,True,3.562266414969442,136,oaccel_sd,19.0,0.51
0.4,30,True,3.5622664145262126,120,oaccel_sis,19.0,0.51
0.6,30,True,3.562266414820858,116,oaccel_sis,19.0,0.51
0.8,30,True,3.562266415763124,116,oaccel_sis,19.0,0.51
1.0,30,True,3.5622664142475537,116,oaccel_sis,19.0,0.51
0.4,50,True,3.56226641495872,100,oaccel_sis,19.0,0.51
0.6,50,True,3.562266414939652,98,oaccel_sis,19.0,0.51
0.8,50,True,3.562266414912576,96,oaccel_sis,19.0,0.51
1.0,50,True,3.562266414943651,96,oaccel_sis,19.0,0.51
0.4,80,True,3.56226641495872,100,oaccel_sis,19.0,0.51
0.6,80,True,3.562266414939652,98,oaccel_sis,19.0,0.51
0.8,80,True,3.562266414912576,96,oaccel_sis,19.0,0.51
1.0,80,True,3.562266414943651,96,oaccel_sis,19.0,0.51
0.4,100,True,3.56226641495872,100,oaccel_sis,19.0,0.51
0.6,100,True,3.562266414939652,98,oaccel_sis,19.0,0.51
0.8,100,True,3.562266414912576,96,oaccel_sis,19.0,0.51
1.0,100,True,3.562266414943651,96,oaccel_sis,19.0,0.51
0.2,0,True,3.562266414782135,416,sd,19.0,0.51
0.3,0,True,3.562266414784092,276,sd,19.0,0.51
0.4,0,True,3.562266414784964,206,sd,19.0,0.51
0.5,0,False,4.301631651601129,3000,sd,19.0,0.51
0.4,0,True,3.5622664147891534,378,sis,19.0,0.51
0.6,0,True,3.5622664147827887,308,sis,19.0,0.51
0.8,0,True,3.5622664147562144,273,sis,19.0,0.51
1.0,0,True,3.5622664147978416,252,sis,19.0,0.51
0.4,30,True,3.5622664147844576,58,anderson_etd,19.0,0.52
0.6,30,True,3.5622664148879712,54,anderson_etd,19.0,0.52
0.8,30,True,3.5622664150153964,54,anderson_etd,19.0,0.52
1.0,30,True,3.5622664157826724,53,anderson_etd,19.0,0.52
0.4,50,True,3.5622664139500118,58,anderson_etd,19.0,0.52
0.6,50,True,3.5622664162961986,54,anderson_etd,19.0,0.52
0.8,50,True,3.5622664141112743,53,anderson_etd,19.0,0.52
1.0,50,True,3.562266415552238,53,anderson_etd,19.0,0.52
0.4,80,True,3.562266415118321,58,anderson_etd,19.0,0.52
0.6,80,True,3.562266414180125,55,anderson_etd,19.0,0.52
0.8,80,True,3.5622664142625124,53,anderson_etd,19.0,0.52
1.0,80,True,3.562266415017092,53,anderson_etd,19.0,0.52
0.4,100,True,3.562266415118321,58,anderson_etd,19.0,0.52
0.6,100,True,3.562266414180125,55,anderson_etd,19.0,0.52
0.8,100,True,3.5622664142625124,53,anderson_etd,19.0,0.52
1.0,100,True,3.562266415017092,53,anderson_etd,19.0,0.52
0.4,30,True,3.562266415867322,72,anderson_sd,19.0,0.52
0.6,30,True,3.5622664145159666,74,anderson_sd,19.0,0.52
0.8,30,True,3.5622664149504555,75,anderson_sd,19.0,0.52
1.0,30,True,3.5622664148565883,75,anderson_sd,19.0,0.52
0.4,50,True,3.562266414589299,70,anderson_sd,19.0,0.52
0.6,50,True,3.562266414772808,71,anderson_sd,19.0,0.52
0.8,50,True,3.5622664147629903,71,anderson_sd,19.0,0.52
1.0,50,True,3.5622664149022567,72,anderson_sd,19.0,0.52
0.4,80,True,3.5622664140110354,72,anderson_sd,19.0,0.52
0.6,80,True,3.562266416046315,72,anderson_sd,19.0,0.52
0.8,80,True,3.5622664146547214,71,anderson_sd,19.0,0.52
1.0,80,True,3.5622664146501792,72,anderson_sd,19.0,0.52
0.4,100,True,3.5622664140110354,72,anderson_sd,19.0,0.52
0.6,100,True,3.562266416046315,72,anderson_sd,19.0,0.52
0.8,100,True,3.5622664146547214,71,anderson_sd,19.0,0.52
1.0,100,True,3.5622664146501792,72,anderson_sd,19.0,0.52
0.4,30,True,3.562266415679993,64,anderson_sis,19.0,0.52
0.6,30,True,3.562266414642222,61,anderson_sis,19.0,0.52
0.8,30,True,3.562266415339913,59,anderson_sis,19.0,0.52
1.0,30,True,3.562266415313438,57,anderson_sis,19.0,0.52
0.4,50,True,3.5622664128931145,61,anderson_sis,19.0,0.52
0.6,50,True,3.562266413025557,59,anderson_sis,19.0,0.52
0.8,50,True,3.562266412891267,57,anderson_sis,19.0,0.52
1.0,50,True,3.5622664144023632,56,anderson_sis,19.0,0.52
0.4,80,True,3.5622664147194243,64,anderson_sis,19.0,0.52
0.6,80,True,3.5622664135658724,59,anderson_sis,19.0,0.52
0.8,80,True,3.56226641294347,57,anderson_sis,19.0,0.52
1.0,80,True,3.5622664128632264,56,anderson_sis,19.0,0.52
0.4,100,True,3.5622664147194243,64,anderson_sis,19.0,0.52
0.6,100,True,3.5622664135658724,59,anderson_sis,19.0,0.52
0.8,100,True,3.56226641294347,57,anderson_sis,19.0,0.52
1.0,100,True,3.5622664128632264,56,anderson_sis,19.0,0.52
0.4,0,True,3.5622664148009697,257,etd,19.0,0.52
0.6,0,True,3.562266416384533,194,etd,19.0,0.52
0.8,0,True,3.5622664169867218,199,etd,19.0,0.52
1.0,0,True,3.5622664126656414,217,etd,19.0,0.52
0.4,30,True,3.5622664149573344,99,ngmres_etd,19.0,0.52
0.6,30,True,3.5622664137037,97,ngmres_etd,19.0,0.52
0.8,30,True,3.562266414392723,97,ngmres_etd,19.0,0.52
1.0,30,True,3.5622664146852427,95,ngmres_etd,19.0,0.52
0.4,50,True,3.562266414936576,97,ngmres_etd,19.0,0.52
0.6,50,True,3.5622664151143333,93,ngmres_etd,19.0,0.52
0.8,50,True,3.5622664152955945,91,ngmres_etd,19.0,0.52
1.0,50,True,3.562266415142901,91,ngmres_etd,19.0,0.52
0.4,80,True,3.562266414936576,97,ngmres_etd,19.0,0.52
0.6,80,True,3.5622664151143333,93,ngmres_etd,19.0,0.52
0.8,80,True,3.5622664152955945,91,ngmres_etd,19.0,0.52
1.0,80,True,3.562266415142901,91,ngmres_etd,19.0,0.52
0.4,100,True,3.562266414936576,97,ngmres_etd,19.0,0.52
0.6,100,True,3.5622664151143333,93,ngmres_etd,19.0,0.52
0.8,100,True,3.5622664152955945,91,ngmres_etd,19.0,0.52
1.0,100,True,3.562266415142901,91,ngmres_etd,19.0,0.52
0.4,30,True,3.5622664153348502,139,ngmres_sd,19.0,0.52
0.6,30,True,3.5622664151765804,139,ngmres_sd,19.0,0.52
0.8,30,True,3.562266415202375,139,ngmres_sd,19.0,0.52
1.0,30,True,3.5622664154859134,139,ngmres_sd,19.0,0.52
0.4,50,True,3.5622664138162925,133,ngmres_sd,19.0,0.52
0.6,50,True,3.5622664138427247,133,ngmres_sd,19.0,0.52
0.8,50,True,3.562266413841143,133,ngmres_sd,19.0,0.52
1.0,50,True,3.5622664137939486,133,ngmres_sd,19.0,0.52
0.4,80,True,3.562266414773754,133,ngmres_sd,19.0,0.52
0.6,80,True,3.562266414773755,133,ngmres_sd,19.0,0.52
0.8,80,True,3.562266414771281,133,ngmres_sd,19.0,0.52
1.0,80,True,3.5622664147665306,133,ngmres_sd,19.0,0.52
0.4,100,True,3.562266414773754,133,ngmres_sd,19.0,0.52
0.6,100,True,3.562266414773755,133,ngmres_sd,19.0,0.52
0.8,100,True,3.562266414771281,133,ngmres_sd,19.0,0.52
1.0,100,True,3.5622664147665306,133,ngmres_sd,19.0,0.52
0.4,30,True,3.5622664155764614,97,ngmres_sis,19.0,0.52
0.6,30,True,3.562266416047092,95,ngmres_sis,19.0,0.52
0.8,30,True,3.56226641555197,95,ngmres_sis,19.0,0.52
1.0,30,True,3.5622664147817904,95,ngmres_sis,19.0,0.52
0.4,50,True,3.56226641480533,95,ngmres_sis,19.0,0.52
0.6,50,True,3.562266415114218,91,ngmres_sis,19.0,0.52
0.8,50,True,3.562266414841771,91,ngmres_sis,19.0,0.52
1.0,50,True,3.5622664150504004,89,ngmres_sis,19.0,0.52
0.4,80,True,3.56226641480533,95,ngmres_sis,19.0,0.52
0.6,80,True,3.562266415114218,91,ngmres_sis,19.0,0.52
0.8,80,True,3.562266414841771,91,ngmres_sis,19.0,0.52
1.0,80,True,3.5622664150504004,89,ngmres_sis,19.0,0.52
0.4,100,True,3.56226641480533,95,ngmres_sis,19.0,0.52
0.6,100,True,3.562266415114218,91,ngmres_sis,19.0,0.52
0.8,100,True,3.562266414841771,91,ngmres_sis,19.0,0.52
1.0,100,True,3.5622664150504004,89,ngmres_sis,19.0,0.52
0.4,30,True,3.5622664155610506,132,oaccel_etd,19.0,0.52
0.6,30,True,3.562266412767884,120,oaccel_etd,19.0,0.52
0.8,30,True,3.5622664142430898,118,oaccel_etd,19.0,0.52
1.0,30,True,3.562266413930576,110,oaccel_etd,19.0,0.52
0.4,50,True,3.5622664145180414,104,oaccel_etd,19.0,0.52
0.6,50,True,3.56226641446841,100,oaccel_etd,19.0,0.52
0.8,50,True,3.562266414448966,96,oaccel_etd,19.0,0.52
1.0,50,True,3.5622664147251752,96,oaccel_etd,19.0,0.52
0.4,80,True,3.5622664144133718,104,oaccel_etd,19.0,0.52
0.6,80,True,3.56226641446841,100,oaccel_etd,19.0,0.52
0.8,80,True,3.562266414448966,96,oaccel_etd,19.0,0.52
1.0,80,True,3.5622664147251752,96,oaccel_etd,19.0,0.52
0.4,100,True,3.5622664144133718,104,oaccel_etd,19.0,0.52
0.6,100,True,3.56226641446841,100,oaccel_etd,19.0,0.52
0.8,100,True,3.562266414448966,96,oaccel_etd,19.0,0.52
1.0,100,True,3.5622664147251752,96,oaccel_etd,19.0,0.52
0.4,30,True,3.562266417376456,280,oaccel_sd,19.0,0.52
0.6,30,True,3.562266417452091,234,oaccel_sd,19.0,0.52
0.8,30,True,3.562266418484048,234,oaccel_sd,19.0,0.52
1.0,30,True,3.562266417423962,242,oaccel_sd,19.0,0.52
0.4,50,True,3.562266414744407,160,oaccel_sd,19.0,0.52
0.6,50,True,3.562266413693587,160,oaccel_sd,19.0,0.52
0.8,50,True,3.562266413927209,162,oaccel_sd,19.0,0.52
1.0,50,True,3.562266414169517,162,oaccel_sd,19.0,0.52
0.4,80,True,3.562266415046871,144,oaccel_sd,19.0,0.52
0.6,80,True,3.562266415044193,144,oaccel_sd,19.0,0.52
0.8,80,True,3.5622664150405816,144,oaccel_sd,19.0,0.52
1.0,80,True,3.562266415035966,144,oaccel_sd,19.0,0.52
0.4,100,True,3.562266415046871,144,oaccel_sd,19.0,0.52
0.6,100,True,3.562266415044193,144,oaccel_sd,19.0,0.52
0.8,100,True,3.5622664150405816,144,oaccel_sd,19.0,0.52
1.0,100,True,3.562266415035966,144,oaccel_sd,19.0,0.52
0.4,30,True,3.562266414151109,124,oaccel_sis,19.0,0.52
0.6,30,True,3.562266414336495,124,oaccel_sis,19.0,0.52
0.8,30,True,3.562266414774445,116,oaccel_sis,19.0,0.52
1.0,30,True,3.562266414683956,116,oaccel_sis,19.0,0.52
0.4,50,True,3.5622664147847063,102,oaccel_sis,19.0,0.52
0.6,50,True,3.562266414961875,100,oaccel_sis,19.0,0.52
0.8,50,True,3.562266414457598,96,oaccel_sis,19.0,0.52
1.0,50,True,3.5622664148117664,96,oaccel_sis,19.0,0.52
0.4,80,True,3.5622664147847063,102,oaccel_sis,19.0,0.52
0.6,80,True,3.562266414961875,100,oaccel_sis,19.0,0.52
0.8,80,True,3.562266414457598,96,oaccel_sis,19.0,0.52
1.0,80,True,3.5622664148117664,96,oaccel_sis,19.0,0.52
0.4,100,True,3.5622664147847063,102,oaccel_sis,19.0,0.52
0.6,100,True,3.562266414961875,100,oaccel_sis,19.0,0.52
0.8,100,True,3.562266414457598,96,oaccel_sis,19.0,0.52
1.0,100,True,3.5622664148117664,96,oaccel_sis,19.0,0.52
0.2,0,True,3.56226641481601,423,sd,19.0,0.52
0.3,0,True,3.5622664148200727,281,sd,19.0,0.52
0.4,0,True,3.5622664148248164,210,sd,19.0,0.52
0.5,0,False,4.518488480716558,3000,sd,19.0,0.52
0.4,0,True,3.562266414820653,384,sis,19.0,0.52
0.6,0,True,3.562266414822763,313,sis,19.0,0.52
0.8,0,True,3.562266414774748,278,sis,19.0,0.52
1.0,0,True,3.5622664146788923,257,sis,19.0,0.52
0.4,30,True,3.5622664146929184,60,anderson_etd,19.0,0.53
0.6,30,True,3.5622664142901046,56,anderson_etd,19.0,0.53
0.8,30,True,3.56226641481663,55,anderson_etd,19.0,0.53
1.0,30,True,3.5622664155193444,53,anderson_etd,19.0,0.53
0.4,50,True,3.5622664147810816,60,anderson_etd,19.0,0.53
0.6,50,True,3.562266414617225,55,anderson_etd,19.0,0.53
0.8,50,True,3.562266415666964,54,anderson_etd,19.0,0.53
1.0,50,True,3.562266418157293,54,anderson_etd,19.0,0.53
0.4,80,True,3.5622664145730285,61,anderson_etd,19.0,0.53
0.6,80,True,3.562266415189691,55,anderson_etd,19.0,0.53
0.8,80,True,3.562266415368016,54,anderson_etd,19.0,0.53
1.0,80,True,3.562266417393141,54,anderson_etd,19.0,0.53
0.4,100,True,3.5622664145730285,61,anderson_etd,19.0,0.53
0.6,100,True,3.562266415189691,55,anderson_etd,19.0,0.53
0.8,100,True,3.562266415368016,54,anderson_etd,19.0,0.53
1.0,100,True,3.562266417393141,54,anderson_etd,19.0,0.53
0.4,30,True,3.5622664140918747,74,anderson_sd,19.0,0.53
0.6,30,True,3.562266414727006,76,anderson_sd,19.0,0.53
0.8,30,True,3.5622664149149843,75,anderson_sd,19.0,0.53
1.0,30,True,3.562266414966995,78,anderson_sd,19.0,0.53
0.4,50,True,3.5622664142325595,71,anderson_sd,19.0,0.53
0.6,50,True,3.5622664147998284,73,anderson_sd,19.0,0.53
0.8,50,True,3.5622664150933474,73,anderson_sd,19.0,0.53
1.0,50,True,3.562266414816857,74,anderson_sd,19.0,0.53
0.4,80,True,3.562266414693287,72,anderson_sd,19.0,0.53
0.6,80,True,3.562266415390892,72,anderson_sd,19.0,0.53
0.8,80,True,3.562266413982256,73,anderson_sd,19.0,0.53
1.0,80,True,3.562266414913693,74,anderson_sd,19.0,0.53
0.4,100,True,3.562266414693287,72,anderson_sd,19.0,0.53
0.6,100,True,3.562266415390892,72,anderson_sd,19.0,0.53
0.8,100,True,3.562266413982256,73,anderson_sd,19.0,0.53
1.0,100,True,3.562266414913693,74,anderson_sd,19.0,0.53
0.4,30,True,3.562266414774256,66,anderson_sis,19.0,0.53
0.6,30,True,3.5622664149922745,62,anderson_sis,19.0,0.53
0.8,30,True,3.5622664151746566,58,anderson_sis,19.0,0.53
1.0,30,True,3.562266414054366,59,anderson_sis,19.0,0.53
0.4,50,True,3.5622664145911065,62,anderson_sis,19.0,0.53
0.6,50,True,3.562266414687979,59,anderson_sis,19.0,0.53
0.8,50,True,3.562266414696735,58,anderson_sis,19.0,0.53
1.0,50,True,3.5622664145686525,57,anderson_sis,19.0,0.53
0.4,80,True,3.562266412446758,65,anderson_sis,19.0,0.53
0.6,80,True,3.562266414381451,59,anderson_sis,19.0,0.53
0.8,80,True,3.562266416055502,61,anderson_sis,19.0,0.53
1.0,80,True,3.562266416233702,58,anderson_sis,19.0,0.53
0.4,100,True,3.562266412446758,65,anderson_sis,19.0,0.53
0.6,100,True,3.562266414381451,59,anderson_sis,19.0,0.53
0.8,100,True,3.562266416055502,61,anderson_sis,19.0,0.53
1.0,100,True,3.562266416233702,58,anderson_sis,19.0,0.53
0.4,0,True,3.5622664148388266,264,etd,19.0,0.53
0.6,0,True,3.562266412953221,200,etd,19.0,0.53
0.8,0,True,3.562266411716285,205,etd,19.0,0.53
1.0,0,True,3.562266418181916,223,etd,19.0,0.53
0.4,30,True,3.5622664151400745,103,ngmres_etd,19.0,0.53
0.6,30,True,3.5622664158408286,99,ngmres_etd,19.0,0.53
0.8,30,True,3.562266414340238,99,ngmres_etd,19.0,0.53
1.0,30,True,3.562266413457234,97,ngmres_etd,19.0,0.53
0.4,50,True,3.5622664153817665,99,ngmres_etd,19.0,0.53
0.6,50,True,3.562266415234344,95,ngmres_etd,19.0,0.53
0.8,50,True,3.562266415088372,93,ngmres_etd,19.0,0.53
1.0,50,True,3.5622664152403463,93,ngmres_etd,19.0,0.53
0.4,80,True,3.5622664153817665,99,ngmres_etd,19.0,0.53
0.6,80,True,3.562266415234344,95,ngmres_etd,19.0,0.53
0.8,80,True,3.562266415088372,93,ngmres_etd,19.0,0.53
1.0,80,True,3.5622664152403463,93,ngmres_etd,19.0,0.53
0.4,100,True,3.5622664153817665,99,ngmres_etd,19.0,0.53
0.6,100,True,3.562266415234344,95,ngmres_etd,19.0,0.53
0.8,100,True,3.562266415088372,93,ngmres_etd,19.0,0.53
1.0,100,True,3.5622664152403463,93,ngmres_etd,19.0,0.53
0.4,30,True,3.5622664150688736,143,ngmres_sd,19.0,0.53
0.6,30,True,3.562266415042383,143,ngmres_sd,19.0,0.53
0.8,30,True,3.5622664150188896,143,ngmres_sd,19.0,0.53
1.0,30,True,3.5622664151843964,143,ngmres_sd,19.0,0.53
0.4,50,True,3.562266414308791,137,ngmres_sd,19.0,0.53
0.6,50,True,3.562266414309904,137,ngmres_sd,19.0,0.53
0.8,50,True,3.5622664142799074,137,ngmres_sd,19.0,0.53
1.0,50,True,3.5622664142217992,137,ngmres_sd,19.0,0.53
0.4,80,True,3.56226641480162,135,ngmres_sd,19.0,0.53
0.6,80,True,3.562266414800635,135,ngmres_sd,19.0,0.53
0.8,80,True,3.5622664147988337,135,ngmres_sd,19.0,0.53
1.0,80,True,3.5622664147970937,135,ngmres_sd,19.0,0.53
0.4,100,True,3.56226641480162,135,ngmres_sd,19.0,0.53
0.6,100,True,3.562266414800635,135,ngmres_sd,19.0,0.53
0.8,100,True,3.5622664147988337,135,ngmres_sd,19.0,0.53
1.0,100,True,3.5622664147970937,135,ngmres_sd,19.0,0.53
0.4,30,True,3.562266414084072,101,ngmres_sis,19.0,0.53
0.6,30,True,3.5622664151851726,97,ngmres_sis,19.0,0.53
0.8,30,True,3.56226641473556,95,ngmres_sis,19.0,0.53
1.0,30,True,3.5622664141204687,95,ngmres_sis,19.0,0.53
0.4,50,True,3.562266414866848,99,ngmres_sis,19.0,0.53
0.6,50,True,3.5622664148887475,93,ngmres_sis,19.0,0.53
0.8,50,True,3.562266414800683,91,ngmres_sis,19.0,0.53
1.0,50,True,3.562266414767951,91,ngmres_sis,19.0,0.53
0.4,80,True,3.562266414866848,99,ngmres_sis,19.0,0.53
0.6,80,True,3.5622664148887475,93,ngmres_sis,19.0,0.53
0.8,80,True,3.562266414800683,91,ngmres_sis,19.0,0.53
1.0,80,True,3.562266414767951,91,ngmres_sis,19.0,0.53
0.4,100,True,3.562266414866848,99,ngmres_sis,19.0,0.53
0.6,100,True,3.5622664148887475,93,ngmres_sis,19.0,0.53
0.8,100,True,3.562266414800683,91,ngmres_sis,19.0,0.53
1.0,100,True,3.562266414767951,91,ngmres_sis,19.0,0.53
0.4,30,True,3.562266414161648,142,oaccel_etd,19.0,0.53
0.6,30,True,3.5622664148746725,124,oaccel_etd,19.0,0.53
0.8,30,True,3.5622664156298924,124,oaccel_etd,19.0,0.53
1.0,30,True,3.5622664146492014,124,oaccel_etd,19.0,0.53
0.4,50,True,3.5622664133191977,110,oaccel_etd,19.0,0.53
0.6,50,True,3.562266414907337,102,oaccel_etd,19.0,0.53
0.8,50,True,3.562266414531636,102,oaccel_etd,19.0,0.53
1.0,50,True,3.562266414479517,100,oaccel_etd,19.0,0.53
0.4,80,True,3.562266415245646,108,oaccel_etd,19.0,0.53
0.6,80,True,3.562266414907337,102,oaccel_etd,19.0,0.53
0.8,80,True,3.562266414531636,102,oaccel_etd,19.0,0.53
1.0,80,True,3.562266414479517,100,oaccel_etd,19.0,0.53
0.4,100,True,3.562266415245646,108,oaccel_etd,19.0,0.53
0.6,100,True,3.562266414907337,102,oaccel_etd,19.0,0.53
0.8,100,True,3.562266414531636,102,oaccel_etd,19.0,0.53
1.0,100,True,3.562266414479517,100,oaccel_etd,19.0,0.53
0.4,30,True,3.5622664159323216,202,oaccel_sd,19.0,0.53
0.6,30,True,3.562266413883449,232,oaccel_sd,19.0,0.53
0.8,30,True,3.5622664127751165,238,oaccel_sd,19.0,0.53
1.0,30,True,3.562266415741477,188,oaccel_sd,19.0,0.53
0.4,50,True,3.562266414261804,162,oaccel_sd,19.0,0.53
0.6,50,True,3.562266416318546,162,oaccel_sd,19.0,0.53
0.8,50,True,3.5622664163570468,162,oaccel_sd,19.0,0.53
1.0,50,True,3.562266416102238,160,oaccel_sd,19.0,0.53
0.4,80,True,3.562266414720497,148,oaccel_sd,19.0,0.53
0.6,80,True,3.562266414723002,148,oaccel_sd,19.0,0.53
0.8,80,True,3.562266414725027,148,oaccel_sd,19.0,0.53
1.0,80,True,3.562266414726783,148,oaccel_sd,19.0,0.53
0.4,100,True,3.562266414720497,148,oaccel_sd,19.0,0.53
0.6,100,True,3.562266414723002,148,oaccel_sd,19.0,0.53
0.8,100,True,3.562266414725027,148,oaccel_sd,19.0,0.53
1.0,100,True,3.562266414726783,148,oaccel_sd,19.0,0.53
0.4,30,True,3.562266414565016,144,oaccel_sis,19.0,0.53
0.6,30,True,3.562266415861431,122,oaccel_sis,19.0,0.53
0.8,30,True,3.56226641459463,118,oaccel_sis,19.0,0.53
1.0,30,True,3.5622664147124192,120,oaccel_sis,19.0,0.53
0.4,50,True,3.562266414538839,106,oaccel_sis,19.0,0.53
0.6,50,True,3.5622664143250318,102,oaccel_sis,19.0,0.53
0.8,50,True,3.562266414320236,100,oaccel_sis,19.0,0.53
1.0,50,True,3.562266414529629,100,oaccel_sis,19.0,0.53
0.4,80,True,3.5622664149089163,106,oaccel_sis,19.0,0.53
0.6,80,True,3.5622664143250318,102,oaccel_sis,19.0,0.53
0.8,80,True,3.562266414320236,100,oaccel_sis,19.0,0.53
1.0,80,True,3.562266414529629,100,oaccel_sis,19.0,0.53
0.4,100,True,3.5622664149089163,106,oaccel_sis,19.0,0.53
0.6,100,True,3.5622664143250318,102,oaccel_sis,19.0,0.53
0.8,100,True,3.562266414320236,100,oaccel_sis,19.0,0.53
1.0,100,True,3.562266414529629,100,oaccel_sis,19.0,0.53
0.2,0,True,3.562266414835604,434,sd,19.0,0.53
0.3,0,True,3.562266414837004,288,sd,19.0,0.53
0.4,0,True,3.562266414839095,215,sd,19.0,0.53
0.5,0,False,4.418072112019472,3000,sd,19.0,0.53
0.4,0,True,3.562266414839386,394,sis,19.0,0.53
0.6,0,True,3.5622664148521643,321,sis,19.0,0.53
0.8,0,True,3.562266414870633,285,sis,19.0,0.53
1.0,0,True,3.562266414819277,264,sis,19.0,0.53
0.4,30,True,3.5622664147460226,61,anderson_etd,19.0,0.54
0.6,30,True,3.562266415664308,56,anderson_etd,19.0,0.54
0.8,30,True,3.5622664153442525,55,anderson_etd,19.0,0.54
1.0,30,True,3.5622664152913206,54,anderson_etd,19.0,0.54
0.4,50,True,3.5622664151066585,60,anderson_etd,19.0,0.54
0.6,50,True,3.562266415848101,56,anderson_etd,19.0,0.54
0.8,50,True,3.562266415428378,55,anderson_etd,19.0,0.54
1.0,50,True,3.562266415469069,54,anderson_etd,19.0,0.54
0.4,80,True,3.562266416265304,63,anderson_etd,19.0,0.54
0.6,80,True,3.5622664174161445,56,anderson_etd,19.0,0.54
0.8,80,True,3.562266416858824,55,anderson_etd,19.0,0.54
1.0,80,True,3.5622664141807032,54,anderson_etd,19.0,0.54
0.4,100,True,3.562266416265304,63,anderson_etd,19.0,0.54
0.6,100,True,3.5622664174161445,56,anderson_etd,19.0,0.54
0.8,100,True,3.562266416858824,55,anderson_etd,19.0,0.54
1.0,100,True,3.5622664141807032,54,anderson_etd,19.0,0.54
0.4,30,True,3.5622664138930977,75,anderson_sd,19.0,0.54
0.6,30,True,3.562266414726464,75,anderson_sd,19.0,0.54
0.8,30,True,3.562266415814209,76,anderson_sd,19.0,0.54
1.0,30,True,3.56226641593402,77,anderson_sd,19.0,0.54
0.4,50,True,3.56226641450373,72,anderson_sd,19.0,0.54
0.6,50,True,3.562266414316324,73,anderson_sd,19.0,0.54
0.8,50,True,3.5622664146147995,73,anderson_sd,19.0,0.54
1.0,50,True,3.562266414998068,75,anderson_sd,19.0,0.54
0.4,80,True,3.562266414972476,73,anderson_sd,19.0,0.54
0.6,80,True,3.562266415411811,73,anderson_sd,19.0,0.54
0.8,80,True,3.562266413762214,73,anderson_sd,19.0,0.54
1.0,80,True,3.562266414873574,74,anderson_sd,19.0,0.54
0.4,100,True,3.562266414972476,73,anderson_sd,19.0,0.54
0.6,100,True,3.562266415411811,73,anderson_sd,19.0,0.54
0.8,100,True,3.562266413762214,73,anderson_sd,19.0,0.54
1.0,100,True,3.562266414873574,74,anderson_sd,19.0,0.54
0.4,30,True,3.562266414429878,66,anderson_sis,19.0,0.54
0.6,30,True,3.56226641476808,63,anderson_sis,19.0,0.54
0.8,30,True,3.562266415204401,61,anderson_sis,19.0,0.54
1.0,30,True,3.562266414797217,59,anderson_sis,19.0,0.54
0.4,50,True,3.562266414446321,64,anderson_sis,19.0,0.54
0.6,50,True,3.5622664145564222,61,anderson_sis,19.0,0.54
0.8,50,True,3.562266413553835,59,anderson_sis,19.0,0.54
1.0,50,True,3.562266416222074,57,anderson_sis,19.0,0.54
0.4,80,True,3.562266416141413,67,anderson_sis,19.0,0.54
0.6,80,True,3.562266414998573,62,anderson_sis,19.0,0.54
0.8,80,True,3.562266416328013,62,anderson_sis,19.0,0.54
1.0,80,True,3.562266418309183,60,anderson_sis,19.0,0.54
0.4,100,True,3.562266416141413,67,anderson_sis,19.0,0.54
0.6,100,True,3.562266414998573,62,anderson_sis,19.0,0.54
0.8,100,True,3.562266416328013,62,anderson_sis,19.0,0.54
1.0,100,True,3.562266418309183,60,anderson_sis,19.0,0.54
0.4,0,True,3.562266414866292,270,etd,19.0,0.54
0.6,0,True,3.562266413022214,202,etd,19.0,0.54
0.8,0,True,3.562266411978774,206,etd,19.0,0.54
1.0,0,True,3.56226641757977,224,etd,19.0,0.54
0.4,30,True,3.56226641513539,105,ngmres_etd,19.0,0.54
0.6,30,True,3.56226641519128,101,ngmres_etd,19.0,0.54
0.8,30,True,3.562266415037742,99,ngmres_etd,19.0,0.54
1.0,30,True,3.562266416695936,97,ngmres_etd,19.0,0.54
0.4,50,True,3.562266414590645,101,ngmres_etd,19.0,0.54
0.6,50,True,3.5622664148229104,97,ngmres_etd,19.0,0.54
0.8,50,True,3.562266414991173,95,ngmres_etd,19.0,0.54
1.0,50,True,3.562266415309848,93,ngmres_etd,19.0,0.54
0.4,80,True,3.562266414571411,101,ngmres_etd,19.0,0.54
0.6,80,True,3.5622664148229104,97,ngmres_etd,19.0,0.54
0.8,80,True,3.562266414991173,95,ngmres_etd,19.0,0.54
1.0,80,True,3.562266415309848,93,ngmres_etd,19.0,0.54
0.4,100,True,3.562266414571411,101,ngmres_etd,19.0,0.54
0.6,100,True,3.5622664148229104,97,ngmres_etd,19.0,0.54
0.8,100,True,3.562266414991173,95,ngmres_etd,19.0,0.54
1.0,100,True,3.562266415309848,93,ngmres_etd,19.0,0.54
0.4,30,True,3.5622664151272625,145,ngmres_sd,19.0,0.54
0.6,30,True,3.5622664141685583,143,ngmres_sd,19.0,0.54
0.8,30,True,3.562266414636908,145,ngmres_sd,19.0,0.54
1.0,30,True,3.562266414931499,145,ngmres_sd,19.0,0.54
0.4,50,True,3.562266414630358,139,ngmres_sd,19.0,0.54
0.6,50,True,3.56226641455033,139,ngmres_sd,19.0,0.54
0.8,50,True,3.562266414467622,139,ngmres_sd,19.0,0.54
1.0,50,True,3.5622664144553315,139,ngmres_sd,19.0,0.54
0.4,80,True,3.562266414675075,137,ngmres_sd,19.0,0.54
0.6,80,True,3.5622664146785663,137,ngmres_sd,19.0,0.54
0.8,80,True,3.562266414684137,137,ngmres_sd,19.0,0.54
1.0,80,True,3.5622664146927594,137,ngmres_sd,19.0,0.54
0.4,100,True,3.562266414675075,137,ngmres_sd,19.0,0.54
0.6,100,True,3.5622664146785663,137,ngmres_sd,19.0,0.54
0.8,100,True,3.562266414684137,137,ngmres_sd,19.0,0.54
1.0,100,True,3.5622664146927594,137,ngmres_sd,19.0,0.54
0.4,30,True,3.562266414940976,103,ngmres_sis,19.0,0.54
0.6,30,True,3.562266415406904,99,ngmres_sis,19.0,0.54
0.8,30,True,3.5622664152458894,99,ngmres_sis,19.0,0.54
1.0,30,True,3.562266414557742,97,ngmres_sis,19.0,0.54
0.4,50,True,3.5622664149578265,99,ngmres_sis,19.0,0.54
0.6,50,True,3.56226641514471,95,ngmres_sis,19.0,0.54
0.8,50,True,3.5622664150309813,93,ngmres_sis,19.0,0.54
1.0,50,True,3.5622664149941947,93,ngmres_sis,19.0,0.54
0.4,80,True,3.5622664149578265,99,ngmres_sis,19.0,0.54
0.6,80,True,3.56226641514471,95,ngmres_sis,19.0,0.54
0.8,80,True,3.5622664150309813,93,ngmres_sis,19.0,0.54
1.0,80,True,3.5622664149941947,93,ngmres_sis,19.0,0.54
0.4,100,True,3.5622664149578265,99,ngmres_sis,19.0,0.54
0.6,100,True,3.56226641514471,95,ngmres_sis,19.0,0.54
0.8,100,True,3.5622664150309813,93,ngmres_sis,19.0,0.54
1.0,100,True,3.5622664149941947,93,ngmres_sis,19.0,0.54
0.4,30,True,3.562266415714926,144,oaccel_etd,19.0,0.54
0.6,30,True,3.562266416773551,138,oaccel_etd,19.0,0.54
0.8,30,True,3.5622664152673726,150,oaccel_etd,19.0,0.54
1.0,30,True,3.5622664144010887,126,oaccel_etd,19.0,0.54
0.4,50,True,3.5622664157440083,118,oaccel_etd,19.0,0.54
0.6,50,True,3.5622664149429992,106,oaccel_etd,19.0,0.54
0.8,50,True,3.562266415059284,100,oaccel_etd,19.0,0.54
1.0,50,True,3.5622664148303658,100,oaccel_etd,19.0,0.54
0.4,80,True,3.562266415244741,112,oaccel_etd,19.0,0.54
0.6,80,True,3.5622664147540397,106,oaccel_etd,19.0,0.54
0.8,80,True,3.562266415059284,100,oaccel_etd,19.0,0.54
1.0,80,True,3.5622664148303658,100,oaccel_etd,19.0,0.54
0.4,100,True,3.562266415244741,112,oaccel_etd,19.0,0.54
0.6,100,True,3.5622664147540397,106,oaccel_etd,19.0,0.54
0.8,100,True,3.562266415059284,100,oaccel_etd,19.0,0.54
1.0,100,True,3.5622664148303658,100,oaccel_etd,19.0,0.54
0.4,30,True,3.5622664150246592,422,oaccel_sd,19.0,0.54
0.6,30,True,3.5622664140429183,462,oaccel_sd,19.0,0.54
0.8,30,True,3.5622664130680395,326,oaccel_sd,19.0,0.54
1.0,30,True,3.562266415451848,252,oaccel_sd,19.0,0.54
0.4,50,True,3.5622664143047302,164,oaccel_sd,19.0,0.54
0.6,50,True,3.5622664141831377,164,oaccel_sd,19.0,0.54
0.8,50,True,3.5622664155546486,166,oaccel_sd,19.0,0.54
1.0,50,True,3.5622664147704803,164,oaccel_sd,19.0,0.54
0.4,80,True,3.5622664149824117,150,oaccel_sd,19.0,0.54
0.6,80,True,3.5622664149860084,150,oaccel_sd,19.0,0.54
0.8,80,True,3.562266414992271,150,oaccel_sd,19.0,0.54
1.0,80,True,3.5622664149997867,150,oaccel_sd,19.0,0.54
0.4,100,True,3.5622664149824117,150,oaccel_sd,19.0,0.54
0.6,100,True,3.5622664149860084,150,oaccel_sd,19.0,0.54
0.8,100,True,3.562266414992271,150,oaccel_sd,19.0,0.54
1.0,100,True,3.5622664149997867,150,oaccel_sd,19.0,0.54
0.4,30,True,3.562266415650728,148,oaccel_sis,19.0,0.54
0.6,30,True,3.5622664152352943,126,oaccel_sis,19.0,0.54
0.8,30,True,3.5622664150843697,120,oaccel_sis,19.0,0.54
1.0,30,True,3.5622664152444887,124,oaccel_sis,19.0,0.54
0.4,50,True,3.5622664109507856,116,oaccel_sis,19.0,0.54
0.6,50,True,3.5622664141235134,102,oaccel_sis,19.0,0.54
0.8,50,True,3.5622664146469845,102,oaccel_sis,19.0,0.54
1.0,50,True,3.562266414473731,100,oaccel_sis,19.0,0.54
0.4,80,True,3.5622664146792884,110,oaccel_sis,19.0,0.54
0.6,80,True,3.5622664141235134,102,oaccel_sis,19.0,0.54
0.8,80,True,3.5622664146469845,102,oaccel_sis,19.0,0.54
1.0,80,True,3.562266414473731,100,oaccel_sis,19.0,0.54
0.4,100,True,3.5622664146792884,110,oaccel_sis,19.0,0.54
0.6,100,True,3.5622664141235134,102,oaccel_sis,19.0,0.54
0.8,100,True,3.5622664146469845,102,oaccel_sis,19.0,0.54
1.0,100,True,3.562266414473731,100,oaccel_sis,19.0,0.54
0.2,0,True,3.562266414847718,444,sd,19.0,0.54
0.3,0,True,3.562266414850934,295,sd,19.0,0.54
0.4,0,True,3.562266414849404,220,sd,19.0,0.54
0.5,0,False,4.216881342512928,3000,sd,19.0,0.54
0.4,0,True,3.562266414851737,403,sis,19.0,0.54
0.6,0,True,3.562266414854994,329,sis,19.0,0.54
0.8,0,True,3.5622664148954506,292,sis,19.0,0.54
1.0,0,True,3.562266414981699,270,sis,19.0,0.54
0.4,30,True,3.5622664148766354,62,anderson_etd,19.0,0.55
0.6,30,True,3.5622664149725765,58,anderson_etd,19.0,0.55
0.8,30,True,3.5622664150401064,57,anderson_etd,19.0,0.55
1.0,30,True,3.562266415397139,55,anderson_etd,19.0,0.55
0.4,50,True,3.5622664128419945,61,anderson_etd,19.0,0.55
0.6,50,True,3.562266415894104,57,anderson_etd,19.0,0.55
0.8,50,True,3.562266416773477,55,anderson_etd,19.0,0.55
1.0,50,True,3.5622664179483587,54,anderson_etd,19.0,0.55
0.4,80,True,3.562266417108264,63,anderson_etd,19.0,0.55
0.6,80,True,3.5622664150035472,59,anderson_etd,19.0,0.55
0.8,80,True,3.562266417565832,56,anderson_etd,19.0,0.55
1.0,80,True,3.5622664166179403,55,anderson_etd,19.0,0.55
0.4,100,True,3.562266417108264,63,anderson_etd,19.0,0.55
0.6,100,True,3.5622664150035472,59,anderson_etd,19.0,0.55
0.8,100,True,3.562266417565832,56,anderson_etd,19.0,0.55
1.0,100,True,3.5622664166179403,55,anderson_etd,19.0,0.55
0.4,30,True,3.5622664145799767,76,anderson_sd,19.0,0.55
0.6,30,True,3.562266414331837,78,anderson_sd,19.0,0.55
0.8,30,True,3.5622664151260954,77,anderson_sd,19.0,0.55
1.0,30,True,3.5622664150674552,80,anderson_sd,19.0,0.55
0.4,50,True,3.562266414914528,74,anderson_sd,19.0,0.55
0.6,50,True,3.5622664145277216,75,anderson_sd,19.0,0.55
0.8,50,True,3.5622664146515204,75,anderson_sd,19.0,0.55
1.0,50,True,3.562266414597434,76,anderson_sd,19.0,0.55
0.4,80,True,3.562266415759569,75,anderson_sd,19.0,0.55
0.6,80,True,3.5622664157007256,76,anderson_sd,19.0,0.55
0.8,80,True,3.562266414804045,75,anderson_sd,19.0,0.55
1.0,80,True,3.5622664146205274,76,anderson_sd,19.0,0.55
0.4,100,True,3.562266415759569,75,anderson_sd,19.0,0.55
0.6,100,True,3.5622664157007256,76,anderson_sd,19.0,0.55
0.8,100,True,3.562266414804045,75,anderson_sd,19.0,0.55
1.0,100,True,3.5622664146205274,76,anderson_sd,19.0,0.55
0.4,30,True,3.562266414655644,69,anderson_sis,19.0,0.55
0.6,30,True,3.562266414976749,65,anderson_sis,19.0,0.55
0.8,30,True,3.5622664146005727,62,anderson_sis,19.0,0.55
1.0,30,True,3.562266414853772,61,anderson_sis,19.0,0.55
0.4,50,True,3.562266413950412,65,anderson_sis,19.0,0.55
0.6,50,True,3.562266414726877,62,anderson_sis,19.0,0.55
0.8,50,True,3.562266413580322,60,anderson_sis,19.0,0.55
1.0,50,True,3.562266414337971,59,anderson_sis,19.0,0.55
0.4,80,True,3.5622664159332498,67,anderson_sis,19.0,0.55
0.6,80,True,3.562266417101225,65,anderson_sis,19.0,0.55
0.8,80,True,3.5622664156846664,64,anderson_sis,19.0,0.55
1.0,80,True,3.562266417000313,63,anderson_sis,19.0,0.55
0.4,100,True,3.5622664159332498,67,anderson_sis,19.0,0.55
0.6,100,True,3.562266417101225,65,anderson_sis,19.0,0.55
0.8,100,True,3.5622664156846664,64,anderson_sis,19.0,0.55
1.0,100,True,3.562266417000313,63,anderson_sis,19.0,0.55
0.4,0,True,3.562266414850781,275,etd,19.0,0.55
0.6,0,True,3.5622664141261344,204,etd,19.0,0.55
0.8,0,True,3.562266413143676,207,etd,19.0,0.55
1.0,0,True,3.5622664159501864,225,etd,19.0,0.55
0.4,30,True,3.5622664158912656,107,ngmres_etd,19.0,0.55
0.6,30,True,3.5622664150614387,103,ngmres_etd,19.0,0.55
0.8,30,True,3.5622664150077936,103,ngmres_etd,19.0,0.55
1.0,30,True,3.562266415052373,103,ngmres_etd,19.0,0.55
0.4,50,True,3.562266414403393,103,ngmres_etd,19.0,0.55
0.6,50,True,3.562266414807228,97,ngmres_etd,19.0,0.55
0.8,50,True,3.5622664150489385,95,ngmres_etd,19.0,0.55
1.0,50,True,3.5622664151153955,97,ngmres_etd,19.0,0.55
0.4,80,True,3.562266414451763,103,ngmres_etd,19.0,0.55
0.6,80,True,3.562266414807228,97,ngmres_etd,19.0,0.55
0.8,80,True,3.5622664150489385,95,ngmres_etd,19.0,0.55
1.0,80,True,3.5622664151153955,97,ngmres_etd,19.0,0.55
0.4,100,True,3.562266414451763,103,ngmres_etd,19.0,0.55
0.6,100,True,3.562266414807228,97,ngmres_etd,19.0,0.55
0.8,100,True,3.5622664150489385,95,ngmres_etd,19.0,0.55
1.0,100,True,3.5622664151153955,97,ngmres_etd,19.0,0.55
0.4,30,True,3.5622664148526724,149,ngmres_sd,19.0,0.55
0.6,30,True,3.562266414897522,149,ngmres_sd,19.0,0.55
0.8,30,True,3.5622664149589798,149,ngmres_sd,19.0,0.55
1.0,30,True,3.5622664148835668,149,ngmres_sd,19.0,0.55
0.4,50,True,3.562266415214154,143,ngmres_sd,19.0,0.55
0.6,50,True,3.562266415136154,143,ngmres_sd,19.0,0.55
0.8,50,True,3.5622664150571746,143,ngmres_sd,19.0,0.55
1.0,50,True,3.562266415048816,143,ngmres_sd,19.0,0.55
0.4,80,True,3.5622664150131182,141,ngmres_sd,19.0,0.55
0.6,80,True,3.562266415006605,141,ngmres_sd,19.0,0.55
0.8,80,True,3.562266414998273,141,ngmres_sd,19.0,0.55
1.0,80,True,3.5622664149906687,141,ngmres_sd,19.0,0.55
0.4,100,True,3.5622664150131182,141,ngmres_sd,19.0,0.55
0.6,100,True,3.562266415006605,141,ngmres_sd,19.0,0.55
0.8,100,True,3.562266414998273,141,ngmres_sd,19.0,0.55
1.0,100,True,3.5622664149906687,141,ngmres_sd,19.0,0.55
0.4,30,True,3.5622664152481605,105,ngmres_sis,19.0,0.55
0.6,30,True,3.5622664154511314,101,ngmres_sis,19.0,0.55
0.8,30,True,3.562266415344037,99,ngmres_sis,19.0,0.55
1.0,30,True,3.562266415420347,99,ngmres_sis,19.0,0.55
0.4,50,True,3.5622664146159115,101,ngmres_sis,19.0,0.55
0.6,50,True,3.5622664148077385,97,ngmres_sis,19.0,0.55
0.8,50,True,3.5622664148050323,95,ngmres_sis,19.0,0.55
1.0,50,True,3.562266414816965,93,ngmres_sis,19.0,0.55
0.4,80,True,3.5622664146245064,101,ngmres_sis,19.0,0.55
0.6,80,True,3.5622664148077385,97,ngmres_sis,19.0,0.55
0.8,80,True,3.5622664148050323,95,ngmres_sis,19.0,0.55
1.0,80,True,3.562266414816965,93,ngmres_sis,19.0,0.55
0.4,100,True,3.5622664146245064,101,ngmres_sis,19.0,0.55
0.6,100,True,3.5622664148077385,97,ngmres_sis,19.0,0.55
0.8,100,True,3.5622664148050323,95,ngmres_sis,19.0,0.55
1.0,100,True,3.562266414816965,93,ngmres_sis,19.0,0.55
0.4,30,True,3.5622664147670244,156,oaccel_etd,19.0,0.55
0.6,30,True,3.5622664155510178,162,oaccel_etd,19.0,0.55
0.8,30,True,3.562266414963971,166,oaccel_etd,19.0,0.55
1.0,30,True,3.5622664134365296,168,oaccel_etd,19.0,0.55
0.4,50,True,3.5622664180768364,124,oaccel_etd,19.0,0.55
0.6,50,True,3.5622664162984705,110,oaccel_etd,19.0,0.55
0.8,50,True,3.56226641544524,104,oaccel_etd,19.0,0.55
1.0,50,True,3.5622664149735934,104,oaccel_etd,19.0,0.55
0.4,80,True,3.562266415135232,112,oaccel_etd,19.0,0.55
0.6,80,True,3.562266415262446,108,oaccel_etd,19.0,0.55
0.8,80,True,3.5622664153672217,104,oaccel_etd,19.0,0.55
1.0,80,True,3.5622664148048075,104,oaccel_etd,19.0,0.55
0.4,100,True,3.562266415135232,112,oaccel_etd,19.0,0.55
0.6,100,True,3.562266415262446,108,oaccel_etd,19.0,0.55
0.8,100,True,3.5622664153672217,104,oaccel_etd,19.0,0.55
1.0,100,True,3.5622664148048075,104,oaccel_etd,19.0,0.55
0.4,30,True,3.5622664132113737,396,oaccel_sd,19.0,0.55
0.6,30,True,3.562266416418306,348,oaccel_sd,19.0,0.55
0.8,30,True,3.562266415346201,508,oaccel_sd,19.0,0.55
1.0,30,True,3.5622664161382245,406,oaccel_sd,19.0,0.55
0.4,50,True,3.562266415646836,172,oaccel_sd,19.0,0.55
0.6,50,True,3.562266415490262,172,oaccel_sd,19.0,0.55
0.8,50,True,3.562266415466663,172,oaccel_sd,19.0,0.55
1.0,50,True,3.5622664147459178,176,oaccel_sd,19.0,0.55
0.4,80,True,3.562266415493748,152,oaccel_sd,19.0,0.55
0.6,80,True,3.562266415466348,152,oaccel_sd,19.0,0.55
0.8,80,True,3.5622664154342747,152,oaccel_sd,19.0,0.55
1.0,80,True,3.562266415427156,152,oaccel_sd,19.0,0.55
0.4,100,True,3.562266415493748,152,oaccel_sd,19.0,0.55
0.6,100,True,3.562266415466348,152,oaccel_sd,19.0,0.55
0.8,100,True,3.5622664154342747,152,oaccel_sd,19.0,0.55
1.0,100,True,3.562266415427156,152,oaccel_sd,19.0,0.55
0.4,30,True,3.562266414034104,162,oaccel_sis,19.0,0.55
0.6,30,True,3.562266413155914,152,oaccel_sis,19.0,0.55
0.8,30,True,3.562266415010216,126,oaccel_sis,19.0,0.55
1.0,30,True,3.5622664138544007,136,oaccel_sis,19.0,0.55
0.4,50,True,3.562266416132668,118,oaccel_sis,19.0,0.55
0.6,50,True,3.562266414468553,110,oaccel_sis,19.0,0.55
0.8,50,True,3.56226641601107,104,oaccel_sis,19.0,0.55
1.0,50,True,3.5622664156815222,102,oaccel_sis,19.0,0.55
0.4,80,True,3.5622664152032906,112,oaccel_sis,19.0,0.55
0.6,80,True,3.562266414678943,108,oaccel_sis,19.0,0.55
0.8,80,True,3.562266415434318,104,oaccel_sis,19.0,0.55
1.0,80,True,3.5622664156815222,102,oaccel_sis,19.0,0.55
0.4,100,True,3.5622664152032906,112,oaccel_sis,19.0,0.55
0.6,100,True,3.562266414678943,108,oaccel_sis,19.0,0.55
0.8,100,True,3.562266415434318,104,oaccel_sis,19.0,0.55
1.0,100,True,3.5622664156815222,102,oaccel_sis,19.0,0.55
0.2,0,True,3.562266414841593,452,sd,19.0,0.55
0.3,0,True,3.562266414842922,300,sd,19.0,0.55
0.4,0,True,3.562266414844029,224,sd,19.0,0.55
0.5,0,False,4.28650766078462,3000,sd,19.0,0.55
0.4,0,True,3.5622664148455607,410,sis,19.0,0.55
0.6,0,True,3.562266414839713,334,sis,19.0,0.55
0.8,0,True,3.5622664148473984,297,sis,19.0,0.55
1.0,0,True,3.5622664149189145,275,sis,19.0,0.55
0.4,30,True,3.562266416217386,64,anderson_etd,19.0,0.5
0.6,30,True,3.5622664151842605,52,anderson_etd,19.0,0.5
0.8,30,True,3.5622664149802628,50,anderson_etd,19.0,0.5
1.0,30,True,3.562266414638703,48,anderson_etd,19.0,0.5
0.4,50,True,3.562266415861824,57,anderson_etd,19.0,0.5
0.6,50,True,3.56226641641989,55,anderson_etd,19.0,0.5
0.8,50,True,3.5622664171675518,53,anderson_etd,19.0,0.5
1.0,50,True,3.562266416053676,51,anderson_etd,19.0,0.5
0.4,80,True,3.562266415650674,58,anderson_etd,19.0,0.5
0.6,80,True,3.5622664180611068,55,anderson_etd,19.0,0.5
0.8,80,True,3.562266415105393,53,anderson_etd,19.0,0.5
1.0,80,True,3.562266416053676,51,anderson_etd,19.0,0.5
0.4,100,True,3.562266415650674,58,anderson_etd,19.0,0.5
0.6,100,True,3.5622664180611068,55,anderson_etd,19.0,0.5
0.8,100,True,3.562266415105393,53,anderson_etd,19.0,0.5
1.0,100,True,3.562266416053676,51,anderson_etd,19.0,0.5
0.4,30,True,3.562266415055486,69,anderson_sd,19.0,0.5
0.6,30,True,3.5622664144824103,68,anderson_sd,19.0,0.5
0.8,30,True,3.562266415065668,69,anderson_sd,19.0,0.5
1.0,30,True,3.5622664148109644,69,anderson_sd,19.0,0.5
0.4,50,True,3.562266414362175,67,anderson_sd,19.0,0.5
0.6,50,True,3.562266414392936,67,anderson_sd,19.0,0.5
0.8,50,True,3.562266414207764,67,anderson_sd,19.0,0.5
1.0,50,True,3.5622664149627514,67,anderson_sd,19.0,0.5
0.4,80,True,3.5622664133686506,71,anderson_sd,19.0,0.5
0.6,80,True,3.562266411606956,67,anderson_sd,19.0,0.5
0.8,80,True,3.5622664134378432,67,anderson_sd,19.0,0.5
1.0,80,True,3.562266414974496,67,anderson_sd,19.0,0.5
0.4,100,True,3.5622664133686506,71,anderson_sd,19.0,0.5
0.6,100,True,3.562266411606956,67,anderson_sd,19.0,0.5
0.8,100,True,3.5622664134378432,67,anderson_sd,19.0,0.5
1.0,100,True,3.562266414974496,67,anderson_sd,19.0,0.5
0.4,30,True,3.5622664143876657,62,anderson_sis,19.0,0.5
0.6,30,True,3.562266414711779,57,anderson_sis,19.0,0.5
0.8,30,True,3.562266414480216,57,anderson_sis,19.0,0.5
1.0,30,True,3.562266415241872,55,anderson_sis,19.0,0.5
0.4,50,True,3.5622664196572504,59,anderson_sis,19.0,0.5
0.6,50,True,3.562266412337503,58,anderson_sis,19.0,0.5
0.8,50,True,3.5622664196917078,57,anderson_sis,19.0,0.5
1.0,50,True,3.5622664195690463,55,anderson_sis,19.0,0.5
0.4,80,True,3.562266417696751,66,anderson_sis,19.0,0.5
0.6,80,True,3.5622664169841096,61,anderson_sis,19.0,0.5
0.8,80,True,3.5622664142703613,59,anderson_sis,19.0,0.5
1.0,80,True,3.5622664165872893,61,anderson_sis,19.0,0.5
0.4,100,True,3.562266417696751,66,anderson_sis,19.0,0.5
0.6,100,True,3.5622664169841096,61,anderson_sis,19.0,0.5
0.8,100,True,3.5622664142703613,59,anderson_sis,19.0,0.5
1.0,100,True,3.5622664165872893,61,anderson_sis,19.0,0.5
0.4,0,True,3.5622664147897334,255,etd,19.0,0.5
0.6,0,True,3.56226641502924,186,etd,19.0,0.5
0.8,0,True,3.562266412524276,174,etd,19.0,0.5
1.0,0,True,3.5622664126224555,188,etd,19.0,0.5
0.4,30,True,3.562266415640104,97,ngmres_etd,19.0,0.5
0.6,30,True,3.5622664165777937,95,ngmres_etd,19.0,0.5
0.8,30,True,3.562266416471376,99,ngmres_etd,19.0,0.5
1.0,30,True,3.562266416687752,103,ngmres_etd,19.0,0.5
0.4,50,True,3.562266415159222,95,ngmres_etd,19.0,0.5
0.6,50,True,3.5622664151219743,93,ngmres_etd,19.0,0.5
0.8,50,True,3.5622664148721706,97,ngmres_etd,19.0,0.5
1.0,50,True,3.562266414840847,99,ngmres_etd,19.0,0.5
0.4,80,True,3.562266415159222,95,ngmres_etd,19.0,0.5
0.6,80,True,3.5622664151219743,93,ngmres_etd,19.0,0.5
0.8,80,True,3.5622664148721706,97,ngmres_etd,19.0,0.5
1.0,80,True,3.562266414840847,99,ngmres_etd,19.0,0.5
0.4,100,True,3.562266415159222,95,ngmres_etd,19.0,0.5
0.6,100,True,3.5622664151219743,93,ngmres_etd,19.0,0.5
0.8,100,True,3.5622664148721706,97,ngmres_etd,19.0,0.5
1.0,100,True,3.562266414840847,99,ngmres_etd,19.0,0.5
0.4,30,True,3.5622664144619858,129,ngmres_sd,19.0,0.5
0.6,30,True,3.562266414446941,129,ngmres_sd,19.0,0.5
0.8,30,True,3.562266414432707,129,ngmres_sd,19.0,0.5
1.0,30,True,3.562266414420101,129,ngmres_sd,19.0,0.5
0.4,50,True,3.562266414976306,125,ngmres_sd,19.0,0.5
0.6,50,True,3.562266414983049,125,ngmres_sd,19.0,0.5
0.8,50,True,3.5622664149640397,125,ngmres_sd,19.0,0.5
1.0,50,True,3.5622664149304493,125,ngmres_sd,19.0,0.5
0.4,80,True,3.562266415001134,123,ngmres_sd,19.0,0.5
0.6,80,True,3.562266415001366,123,ngmres_sd,19.0,0.5
0.8,80,True,3.562266415001881,123,ngmres_sd,19.0,0.5
1.0,80,True,3.562266415002549,123,ngmres_sd,19.0,0.5
0.4,100,True,3.562266415001134,123,ngmres_sd,19.0,0.5
0.6,100,True,3.562266415001366,123,ngmres_sd,19.0,0.5
0.8,100,True,3.562266415001881,123,ngmres_sd,19.0,0.5
1.0,100,True,3.562266415002549,123,ngmres_sd,19.0,0.5
0.4,30,True,3.562266416325625,95,ngmres_sis,19.0,0.5
0.6,30,True,3.5622664157710107,95,ngmres_sis,19.0,0.5
0.8,30,True,3.562266416402873,95,ngmres_sis,19.0,0.5
1.0,30,True,3.562266416787992,95,ngmres_sis,19.0,0.5
0.4,50,True,3.562266415323368,93,ngmres_sis,19.0,0.5
0.6,50,True,3.562266415119579,93,ngmres_sis,19.0,0.5
0.8,50,True,3.562266415062917,93,ngmres_sis,19.0,0.5
1.0,50,True,3.5622664151432977,91,ngmres_sis,19.0,0.5
0.4,80,True,3.562266415323368,93,ngmres_sis,19.0,0.5
0.6,80,True,3.562266415119579,93,ngmres_sis,19.0,0.5
0.8,80,True,3.562266415062917,93,ngmres_sis,19.0,0.5
1.0,80,True,3.5622664151432977,91,ngmres_sis,19.0,0.5
0.4,100,True,3.562266415323368,93,ngmres_sis,19.0,0.5
0.6,100,True,3.562266415119579,93,ngmres_sis,19.0,0.5
0.8,100,True,3.562266415062917,93,ngmres_sis,19.0,0.5
1.0,100,True,3.5622664151432977,91,ngmres_sis,19.0,0.5
0.4,30,True,3.562266414707109,126,oaccel_etd,19.0,0.5
0.6,30,True,3.562266414527926,122,oaccel_etd,19.0,0.5
0.8,30,True,3.562266415625923,120,oaccel_etd,19.0,0.5
1.0,30,True,3.562266416760094,118,oaccel_etd,19.0,0.5
0.4,50,True,3.562266415045679,102,oaccel_etd,19.0,0.5
0.6,50,True,3.562266415053771,98,oaccel_etd,19.0,0.5
0.8,50,True,3.5622664150084318,96,oaccel_etd,19.0,0.5
1.0,50,True,3.5622664150053662,98,oaccel_etd,19.0,0.5
0.4,80,True,3.562266415045679,102,oaccel_etd,19.0,0.5
0.6,80,True,3.562266415053771,98,oaccel_etd,19.0,0.5
0.8,80,True,3.5622664150084318,96,oaccel_etd,19.0,0.5
1.0,80,True,3.5622664150053662,98,oaccel_etd,19.0,0.5
0.4,100,True,3.562266415045679,102,oaccel_etd,19.0,0.5
0.6,100,True,3.562266415053771,98,oaccel_etd,19.0,0.5
0.8,100,True,3.5622664150084318,96,oaccel_etd,19.0,0.5
1.0,100,True,3.5622664150053662,98,oaccel_etd,19.0,0.5
0.4,30,True,3.5622664170940253,248,oaccel_sd,19.0,0.5
0.6,30,True,3.562266415208676,474,oaccel_sd,19.0,0.5
0.8,30,True,3.562266413191133,296,oaccel_sd,19.0,0.5
1.0,30,True,3.562266413871233,314,oaccel_sd,19.0,0.5
0.4,50,True,3.5622664154953023,152,oaccel_sd,19.0,0.5
0.6,50,True,3.562266415466412,152,oaccel_sd,19.0,0.5
0.8,50,True,3.5622664156308144,152,oaccel_sd,19.0,0.5
1.0,50,True,3.562266415863582,152,oaccel_sd,19.0,0.5
0.4,80,True,3.5622664150478114,136,oaccel_sd,19.0,0.5
0.6,80,True,3.5622664150466683,136,oaccel_sd,19.0,0.5
0.8,80,True,3.562266415045708,136,oaccel_sd,19.0,0.5
1.0,80,True,3.5622664150449435,136,oaccel_sd,19.0,0.5
0.4,100,True,3.5622664150478114,136,oaccel_sd,19.0,0.5
0.6,100,True,3.5622664150466683,136,oaccel_sd,19.0,0.5
0.8,100,True,3.562266415045708,136,oaccel_sd,19.0,0.5
1.0,100,True,3.5622664150449435,136,oaccel_sd,19.0,0.5
0.4,30,True,3.5622664154133767,122,oaccel_sis,19.0,0.5
0.6,30,True,3.56226641633304,120,oaccel_sis,19.0,0.5
0.8,30,True,3.5622664152690757,120,oaccel_sis,19.0,0.5
1.0,30,True,3.562266415163948,120,oaccel_sis,19.0,0.5
0.4,50,True,3.5622664151129486,100,oaccel_sis,19.0,0.5
0.6,50,True,3.562266415072294,98,oaccel_sis,19.0,0.5
0.8,50,True,3.5622664150214174,98,oaccel_sis,19.0,0.5
1.0,50,True,3.5622664150006704,98,oaccel_sis,19.0,0.5
0.4,80,True,3.5622664151129486,100,oaccel_sis,19.0,0.5
0.6,80,True,3.562266415072294,98,oaccel_sis,19.0,0.5
0.8,80,True,3.5622664150214174,98,oaccel_sis,19.0,0.5
1.0,80,True,3.5622664150006704,98,oaccel_sis,19.0,0.5
0.4,100,True,3.5622664151129486,100,oaccel_sis,19.0,0.5
0.6,100,True,3.562266415072294,98,oaccel_sis,19.0,0.5
0.8,100,True,3.5622664150214174,98,oaccel_sis,19.0,0.5
1.0,100,True,3.5622664150006704,98,oaccel_sis,19.0,0.5
0.2,0,True,3.562266414785597,419,sd,19.0,0.5
0.3,0,True,3.5622664147877314,278,sd,19.0,0.5
0.4,0,True,3.5622664147959258,208,sd,19.0,0.5
0.5,0,False,4.339470551210818,3000,sd,19.0,0.5
0.4,0,True,3.5622664147884846,380,sis,19.0,0.5
0.6,0,True,3.562266414786201,309,sis,19.0,0.5
0.8,0,True,3.562266414778537,274,sis,19.0,0.5
1.0,0,True,3.562266414765693,253,sis,19.0,0.5
0.4,30,True,3.562266415302167,63,anderson_etd,19.5,0.45
0.6,30,True,3.562266414999171,58,anderson_etd,19.5,0.45
0.8,30,True,3.5622664152854995,55,anderson_etd,19.5,0.45
1.0,30,True,3.562266415099648,53,anderson_etd,19.5,0.45
0.4,50,True,3.5622664157999706,60,anderson_etd,19.5,0.45
0.6,50,True,3.562266415483154,56,anderson_etd,19.5,0.45
0.8,50,True,3.562266416912196,54,anderson_etd,19.5,0.45
1.0,50,True,3.56226641761901,54,anderson_etd,19.5,0.45
0.4,80,True,3.5622664127324866,62,anderson_etd,19.5,0.45
0.6,80,True,3.5622664137154656,58,anderson_etd,19.5,0.45
0.8,80,True,3.56226641602306,54,anderson_etd,19.5,0.45
1.0,80,True,3.5622664178589254,54,anderson_etd,19.5,0.45
0.4,100,True,3.5622664127324866,62,anderson_etd,19.5,0.45
0.6,100,True,3.5622664137154656,58,anderson_etd,19.5,0.45
0.8,100,True,3.56226641602306,54,anderson_etd,19.5,0.45
1.0,100,True,3.5622664178589254,54,anderson_etd,19.5,0.45
0.4,30,True,3.562266415550376,75,anderson_sd,19.5,0.45
0.6,30,True,3.562266414285385,78,anderson_sd,19.5,0.45
0.8,30,True,3.5622664159244657,78,anderson_sd,19.5,0.45
1.0,30,True,3.5622664158486064,77,anderson_sd,19.5,0.45
0.4,50,True,3.5622664147790752,74,anderson_sd,19.5,0.45
0.6,50,True,3.562266415142549,74,anderson_sd,19.5,0.45
0.8,50,True,3.562266414867844,74,anderson_sd,19.5,0.45
1.0,50,True,3.562266414058099,74,anderson_sd,19.5,0.45
0.4,80,True,3.562266414131897,75,anderson_sd,19.5,0.45
0.6,80,True,3.562266413072617,74,anderson_sd,19.5,0.45
0.8,80,True,3.562266413713769,74,anderson_sd,19.5,0.45
1.0,80,True,3.5622664140224947,74,anderson_sd,19.5,0.45
0.4,100,True,3.562266414131897,75,anderson_sd,19.5,0.45
0.6,100,True,3.562266413072617,74,anderson_sd,19.5,0.45
0.8,100,True,3.562266413713769,74,anderson_sd,19.5,0.45
1.0,100,True,3.5622664140224947,74,anderson_sd,19.5,0.45
0.4,30,True,3.5622664160933875,69,anderson_sis,19.5,0.45
0.6,30,True,3.562266415514742,64,anderson_sis,19.5,0.45
0.8,30,True,3.5622664152602903,62,anderson_sis,19.5,0.45
1.0,30,True,3.5622664138029334,61,anderson_sis,19.5,0.45
0.4,50,True,3.562266415722271,65,anderson_sis,19.5,0.45
0.6,50,True,3.5622664156611368,62,anderson_sis,19.5,0.45
0.8,50,True,3.562266415024629,60,anderson_sis,19.5,0.45
1.0,50,True,3.56226641526443,59,anderson_sis,19.5,0.45
0.4,80,True,3.5622664138367863,70,anderson_sis,19.5,0.45
0.6,80,True,3.562266413863437,64,anderson_sis,19.5,0.45
0.8,80,True,3.562266413343923,62,anderson_sis,19.5,0.45
1.0,80,True,3.562266414049841,61,anderson_sis,19.5,0.45
0.4,100,True,3.5622664138367863,70,anderson_sis,19.5,0.45
0.6,100,True,3.562266413863437,64,anderson_sis,19.5,0.45
0.8,100,True,3.562266413343923,62,anderson_sis,19.5,0.45
1.0,100,True,3.562266414049841,61,anderson_sis,19.5,0.45
0.4,0,True,3.562266414849793,277,etd,19.5,0.45
0.6,0,True,3.562266414880865,205,etd,19.5,0.45
0.8,0,True,3.5622664170535785,207,etd,19.5,0.45
1.0,0,True,3.562266418227109,230,etd,19.5,0.45
0.4,30,True,3.562266415189088,107,ngmres_etd,19.5,0.45
0.6,30,True,3.5622664146958165,101,ngmres_etd,19.5,0.45
0.8,30,True,3.562266414772046,101,ngmres_etd,19.5,0.45
1.0,30,True,3.562266415941224,97,ngmres_etd,19.5,0.45
0.4,50,True,3.5622664148663805,103,ngmres_etd,19.5,0.45
0.6,50,True,3.5622664144916776,97,ngmres_etd,19.5,0.45
0.8,50,True,3.562266414962026,95,ngmres_etd,19.5,0.45
1.0,50,True,3.562266415183052,91,ngmres_etd,19.5,0.45
0.4,80,True,3.5622664148826857,103,ngmres_etd,19.5,0.45
0.6,80,True,3.5622664144916776,97,ngmres_etd,19.5,0.45
0.8,80,True,3.562266414962026,95,ngmres_etd,19.5,0.45
1.0,80,True,3.562266415183052,91,ngmres_etd,19.5,0.45
0.4,100,True,3.5622664148826857,103,ngmres_etd,19.5,0.45
0.6,100,True,3.5622664144916776,97,ngmres_etd,19.5,0.45
0.8,100,True,3.562266414962026,95,ngmres_etd,19.5,0.45
1.0,100,True,3.562266415183052,91,ngmres_etd,19.5,0.45
0.4,30,True,3.562266414627316,151,ngmres_sd,19.5,0.45
0.6,30,True,3.5622664141759763,151,ngmres_sd,19.5,0.45
0.8,30,True,3.5622664144813694,153,ngmres_sd,19.5,0.45
1.0,30,True,3.5622664149060537,151,ngmres_sd,19.5,0.45
0.4,50,True,3.5622664146553085,143,ngmres_sd,19.5,0.45
0.6,50,True,3.56226641461301,143,ngmres_sd,19.5,0.45
0.8,50,True,3.562266414194183,141,ngmres_sd,19.5,0.45
1.0,50,True,3.562266413707984,141,ngmres_sd,19.5,0.45
0.4,80,True,3.5622664148162526,137,ngmres_sd,19.5,0.45
0.6,80,True,3.56226641484497,137,ngmres_sd,19.5,0.45
0.8,80,True,3.562266414894621,137,ngmres_sd,19.5,0.45
1.0,80,True,3.5622664149342267,137,ngmres_sd,19.5,0.45
0.4,100,True,3.5622664148162526,137,ngmres_sd,19.5,0.45
0.6,100,True,3.56226641484497,137,ngmres_sd,19.5,0.45
0.8,100,True,3.562266414894621,137,ngmres_sd,19.5,0.45
1.0,100,True,3.5622664149342267,137,ngmres_sd,19.5,0.45
0.4,30,True,3.562266414573781,107,ngmres_sis,19.5,0.45
0.6,30,True,3.5622664146270866,103,ngmres_sis,19.5,0.45
0.8,30,True,3.5622664147314183,101,ngmres_sis,19.5,0.45
1.0,30,True,3.5622664142334197,99,ngmres_sis,19.5,0.45
0.4,50,True,3.562266414826184,101,ngmres_sis,19.5,0.45
0.6,50,True,3.562266414852393,99,ngmres_sis,19.5,0.45
0.8,50,True,3.562266414702484,97,ngmres_sis,19.5,0.45
1.0,50,True,3.562266414450592,95,ngmres_sis,19.5,0.45
0.4,80,True,3.5622664148621315,101,ngmres_sis,19.5,0.45
0.6,80,True,3.562266414852393,99,ngmres_sis,19.5,0.45
0.8,80,True,3.562266414702484,97,ngmres_sis,19.5,0.45
1.0,80,True,3.562266414450592,95,ngmres_sis,19.5,0.45
0.4,100,True,3.5622664148621315,101,ngmres_sis,19.5,0.45
0.6,100,True,3.562266414852393,99,ngmres_sis,19.5,0.45
0.8,100,True,3.562266414702484,97,ngmres_sis,19.5,0.45
1.0,100,True,3.562266414450592,95,ngmres_sis,19.5,0.45
0.4,30,True,3.562266414427671,140,oaccel_etd,19.5,0.45
0.6,30,True,3.5622664145049487,138,oaccel_etd,19.5,0.45
0.8,30,True,3.562266414104653,144,oaccel_etd,19.5,0.45
1.0,30,True,3.562266412955055,124,oaccel_etd,19.5,0.45
0.4,50,True,3.562266414235422,110,oaccel_etd,19.5,0.45
0.6,50,True,3.562266414858949,102,oaccel_etd,19.5,0.45
0.8,50,True,3.562266415088283,102,oaccel_etd,19.5,0.45
1.0,50,True,3.562266415023121,100,oaccel_etd,19.5,0.45
0.4,80,True,3.562266414430227,108,oaccel_etd,19.5,0.45
0.6,80,True,3.562266414858949,102,oaccel_etd,19.5,0.45
0.8,80,True,3.562266415088283,102,oaccel_etd,19.5,0.45
1.0,80,True,3.562266415023121,100,oaccel_etd,19.5,0.45
0.4,100,True,3.562266414430227,108,oaccel_etd,19.5,0.45
0.6,100,True,3.562266414858949,102,oaccel_etd,19.5,0.45
0.8,100,True,3.562266415088283,102,oaccel_etd,19.5,0.45
1.0,100,True,3.562266415023121,100,oaccel_etd,19.5,0.45
0.4,30,True,3.562266413355053,302,oaccel_sd,19.5,0.45
0.6,30,True,3.5622664138241857,300,oaccel_sd,19.5,0.45
0.8,30,True,3.5622664150326866,860,oaccel_sd,19.5,0.45
1.0,30,True,3.5622664163038813,282,oaccel_sd,19.5,0.45
0.4,50,True,3.5622664158960964,172,oaccel_sd,19.5,0.45
0.6,50,True,3.5622664160444897,174,oaccel_sd,19.5,0.45
0.8,50,True,3.562266416427418,174,oaccel_sd,19.5,0.45
1.0,50,True,3.562266415720744,176,oaccel_sd,19.5,0.45
0.4,80,True,3.562266415012025,152,oaccel_sd,19.5,0.45
0.6,80,True,3.5622664150811776,152,oaccel_sd,19.5,0.45
0.8,80,True,3.562266415081468,152,oaccel_sd,19.5,0.45
1.0,80,True,3.562266415077156,152,oaccel_sd,19.5,0.45
0.4,100,True,3.562266415012025,152,oaccel_sd,19.5,0.45
0.6,100,True,3.5622664150811776,152,oaccel_sd,19.5,0.45
0.8,100,True,3.562266415081468,152,oaccel_sd,19.5,0.45
1.0,100,True,3.562266415077156,152,oaccel_sd,19.5,0.45
0.4,30,True,3.562266412751854,140,oaccel_sis,19.5,0.45
0.6,30,True,3.5622664161366684,124,oaccel_sis,19.5,0.45
0.8,30,True,3.562266415481546,122,oaccel_sis,19.5,0.45
1.0,30,True,3.562266417059684,126,oaccel_sis,19.5,0.45
0.4,50,True,3.5622664174588143,108,oaccel_sis,19.5,0.45
0.6,50,True,3.562266414630158,104,oaccel_sis,19.5,0.45
0.8,50,True,3.562266415209637,102,oaccel_sis,19.5,0.45
1.0,50,True,3.562266414841777,102,oaccel_sis,19.5,0.45
0.4,80,True,3.5622664145532843,108,oaccel_sis,19.5,0.45
0.6,80,True,3.562266414714271,104,oaccel_sis,19.5,0.45
0.8,80,True,3.562266415209637,102,oaccel_sis,19.5,0.45
1.0,80,True,3.562266414841777,102,oaccel_sis,19.5,0.45
0.4,100,True,3.5622664145532843,108,oaccel_sis,19.5,0.45
0.6,100,True,3.562266414714271,104,oaccel_sis,19.5,0.45
0.8,100,True,3.562266415209637,102,oaccel_sis,19.5,0.45
1.0,100,True,3.562266414841777,102,oaccel_sis,19.5,0.45
0.2,0,True,3.5622664148420977,456,sd,19.5,0.45
0.3,0,True,3.562266414845902,303,sd,19.5,0.45
0.4,0,True,3.5622664148452623,226,sd,19.5,0.45
0.5,0,False,4.289813819285152,3000,sd,19.5,0.45
0.4,0,True,3.562266414845494,413,sis,19.5,0.45
0.6,0,True,3.562266414856646,337,sis,19.5,0.45
0.8,0,True,3.562266414873162,299,sis,19.5,0.45
1.0,0,True,3.562266414817014,276,sis,19.5,0.45
0.4,30,True,3.5622664151354355,62,anderson_etd,19.5,0.46
0.6,30,True,3.562266414579387,56,anderson_etd,19.5,0.46
0.8,30,True,3.562266414924252,54,anderson_etd,19.5,0.46
1.0,30,True,3.562266414730227,52,anderson_etd,19.5,0.46
0.4,50,True,3.5622664158828456,60,anderson_etd,19.5,0.46
0.6,50,True,3.5622664140857303,56,anderson_etd,19.5,0.46
0.8,50,True,3.56226641623676,54,anderson_etd,19.5,0.46
1.0,50,True,3.5622664154152783,53,anderson_etd,19.5,0.46
0.4,80,True,3.56226641502035,61,anderson_etd,19.5,0.46
0.6,80,True,3.562266413791149,58,anderson_etd,19.5,0.46
0.8,80,True,3.5622664143008063,55,anderson_etd,19.5,0.46
1.0,80,True,3.5622664165961337,54,anderson_etd,19.5,0.46
0.4,100,True,3.56226641502035,61,anderson_etd,19.5,0.46
0.6,100,True,3.562266413791149,58,anderson_etd,19.5,0.46
0.8,100,True,3.5622664143008063,55,anderson_etd,19.5,0.46
1.0,100,True,3.5622664165961337,54,anderson_etd,19.5,0.46
0.4,30,True,3.56226641462207,74,anderson_sd,19.5,0.46
0.6,30,True,3.562266414764676,75,anderson_sd,19.5,0.46
0.8,30,True,3.5622664154076764,76,anderson_sd,19.5,0.46
1.0,30,True,3.562266413720537,76,anderson_sd,19.5,0.46
0.4,50,True,3.562266414888322,72,anderson_sd,19.5,0.46
0.6,50,True,3.5622664145756566,73,anderson_sd,19.5,0.46
0.8,50,True,3.562266414605382,73,anderson_sd,19.5,0.46
1.0,50,True,3.562266414211443,73,anderson_sd,19.5,0.46
0.4,80,True,3.562266413722435,73,anderson_sd,19.5,0.46
0.6,80,True,3.562266413184857,73,anderson_sd,19.5,0.46
0.8,80,True,3.56226641373738,73,anderson_sd,19.5,0.46
1.0,80,True,3.562266414020807,73,anderson_sd,19.5,0.46
0.4,100,True,3.562266413722435,73,anderson_sd,19.5,0.46
0.6,100,True,3.562266413184857,73,anderson_sd,19.5,0.46
0.8,100,True,3.56226641373738,73,anderson_sd,19.5,0.46
1.0,100,True,3.562266414020807,73,anderson_sd,19.5,0.46
0.4,30,True,3.562266414610421,68,anderson_sis,19.5,0.46
0.6,30,True,3.5622664146549896,64,anderson_sis,19.5,0.46
0.8,30,True,3.562266415474704,62,anderson_sis,19.5,0.46
1.0,30,True,3.562266414740564,59,anderson_sis,19.5,0.46
0.4,50,True,3.5622664152359693,64,anderson_sis,19.5,0.46
0.6,50,True,3.5622664152224512,61,anderson_sis,19.5,0.46
0.8,50,True,3.5622664150675742,59,anderson_sis,19.5,0.46
1.0,50,True,3.562266415499842,58,anderson_sis,19.5,0.46
0.4,80,True,3.562266411400397,66,anderson_sis,19.5,0.46
0.6,80,True,3.562266415315096,63,anderson_sis,19.5,0.46
0.8,80,True,3.562266412960403,60,anderson_sis,19.5,0.46
1.0,80,True,3.5622664155643866,59,anderson_sis,19.5,0.46
0.4,100,True,3.562266411400397,66,anderson_sis,19.5,0.46
0.6,100,True,3.562266415315096,63,anderson_sis,19.5,0.46
0.8,100,True,3.562266412960403,60,anderson_sis,19.5,0.46
1.0,100,True,3.5622664155643866,59,anderson_sis,19.5,0.46
0.4,0,True,3.5622664148442222,273,etd,19.5,0.46
0.6,0,True,3.5622664162921174,203,etd,19.5,0.46
0.8,0,True,3.5622664182606574,206,etd,19.5,0.46
1.0,0,True,3.5622664122074843,224,etd,19.5,0.46
0.4,30,True,3.562266415391488,107,ngmres_etd,19.5,0.46
0.6,30,True,3.5622664152804733,101,ngmres_etd,19.5,0.46
0.8,30,True,3.562266416230297,99,ngmres_etd,19.5,0.46
1.0,30,True,3.5622664161512674,97,ngmres_etd,19.5,0.46
0.4,50,True,3.5622664147718046,101,ngmres_etd,19.5,0.46
0.6,50,True,3.562266414709791,97,ngmres_etd,19.5,0.46
0.8,50,True,3.562266415018516,93,ngmres_etd,19.5,0.46
1.0,50,True,3.562266415139578,91,ngmres_etd,19.5,0.46
0.4,80,True,3.562266414842739,101,ngmres_etd,19.5,0.46
0.6,80,True,3.562266414709791,97,ngmres_etd,19.5,0.46
0.8,80,True,3.562266415018516,93,ngmres_etd,19.5,0.46
1.0,80,True,3.562266415139578,91,ngmres_etd,19.5,0.46
0.4,100,True,3.562266414842739,101,ngmres_etd,19.5,0.46
0.6,100,True,3.562266414709791,97,ngmres_etd,19.5,0.46
0.8,100,True,3.562266415018516,93,ngmres_etd,19.5,0.46
1.0,100,True,3.562266415139578,91,ngmres_etd,19.5,0.46
0.4,30,True,3.5622664141718223,147,ngmres_sd,19.5,0.46
0.6,30,True,3.5622664147165324,147,ngmres_sd,19.5,0.46
0.8,30,True,3.5622664138414564,147,ngmres_sd,19.5,0.46
1.0,30,True,3.562266414323359,147,ngmres_sd,19.5,0.46
0.4,50,True,3.562266414259464,139,ngmres_sd,19.5,0.46
0.6,50,True,3.5622664144910914,139,ngmres_sd,19.5,0.46
0.8,50,True,3.562266414775681,139,ngmres_sd,19.5,0.46
1.0,50,True,3.562266414997775,139,ngmres_sd,19.5,0.46
0.4,80,True,3.56226641471173,135,ngmres_sd,19.5,0.46
0.6,80,True,3.5622664147108187,135,ngmres_sd,19.5,0.46
0.8,80,True,3.562266414710847,135,ngmres_sd,19.5,0.46
1.0,80,True,3.562266414727976,135,ngmres_sd,19.5,0.46
0.4,100,True,3.56226641471173,135,ngmres_sd,19.5,0.46
0.6,100,True,3.5622664147108187,135,ngmres_sd,19.5,0.46
0.8,100,True,3.562266414710847,135,ngmres_sd,19.5,0.46
1.0,100,True,3.562266414727976,135,ngmres_sd,19.5,0.46
0.4,30,True,3.5622664148345136,105,ngmres_sis,19.5,0.46
0.6,30,True,3.5622664144253724,101,ngmres_sis,19.5,0.46
0.8,30,True,3.562266414428005,99,ngmres_sis,19.5,0.46
1.0,30,True,3.5622664143278824,99,ngmres_sis,19.5,0.46
0.4,50,True,3.5622664146459773,99,ngmres_sis,19.5,0.46
0.6,50,True,3.562266414408221,97,ngmres_sis,19.5,0.46
0.8,50,True,3.5622664143674374,95,ngmres_sis,19.5,0.46
1.0,50,True,3.5622664146384047,95,ngmres_sis,19.5,0.46
0.4,80,True,3.5622664146459773,99,ngmres_sis,19.5,0.46
0.6,80,True,3.562266414408221,97,ngmres_sis,19.5,0.46
0.8,80,True,3.5622664143674374,95,ngmres_sis,19.5,0.46
1.0,80,True,3.5622664146384047,95,ngmres_sis,19.5,0.46
0.4,100,True,3.5622664146459773,99,ngmres_sis,19.5,0.46
0.6,100,True,3.562266414408221,97,ngmres_sis,19.5,0.46
0.8,100,True,3.5622664143674374,95,ngmres_sis,19.5,0.46
1.0,100,True,3.5622664146384047,95,ngmres_sis,19.5,0.46
0.4,30,True,3.562266415288173,130,oaccel_etd,19.5,0.46
0.6,30,True,3.5622664146691427,130,oaccel_etd,19.5,0.46
0.8,30,True,3.5622664144231955,148,oaccel_etd,19.5,0.46
1.0,30,True,3.5622664156299653,124,oaccel_etd,19.5,0.46
0.4,50,True,3.562266414927027,110,oaccel_etd,19.5,0.46
0.6,50,True,3.56226641518288,104,oaccel_etd,19.5,0.46
0.8,50,True,3.5622664147395438,100,oaccel_etd,19.5,0.46
1.0,50,True,3.562266414705321,98,oaccel_etd,19.5,0.46
0.4,80,True,3.5622664153801145,110,oaccel_etd,19.5,0.46
0.6,80,True,3.56226641526135,104,oaccel_etd,19.5,0.46
0.8,80,True,3.5622664147395438,100,oaccel_etd,19.5,0.46
1.0,80,True,3.562266414705321,98,oaccel_etd,19.5,0.46
0.4,100,True,3.5622664153801145,110,oaccel_etd,19.5,0.46
0.6,100,True,3.56226641526135,104,oaccel_etd,19.5,0.46
0.8,100,True,3.5622664147395438,100,oaccel_etd,19.5,0.46
1.0,100,True,3.562266414705321,98,oaccel_etd,19.5,0.46
0.4,30,True,3.562266418413593,296,oaccel_sd,19.5,0.46
0.6,30,True,3.5622664125191017,286,oaccel_sd,19.5,0.46
0.8,30,True,3.562266416142048,242,oaccel_sd,19.5,0.46
1.0,30,True,3.562266415065813,244,oaccel_sd,19.5,0.46
0.4,50,True,3.5622664152975902,172,oaccel_sd,19.5,0.46
0.6,50,True,3.5622664162764157,172,oaccel_sd,19.5,0.46
0.8,50,True,3.562266414232257,168,oaccel_sd,19.5,0.46
1.0,50,True,3.562266416010704,174,oaccel_sd,19.5,0.46
0.4,80,True,3.5622664153185406,150,oaccel_sd,19.5,0.46
0.6,80,True,3.562266415308408,150,oaccel_sd,19.5,0.46
0.8,80,True,3.562266415299394,150,oaccel_sd,19.5,0.46
1.0,80,True,3.5622664152941024,150,oaccel_sd,19.5,0.46
0.4,100,True,3.5622664153185406,150,oaccel_sd,19.5,0.46
0.6,100,True,3.562266415308408,150,oaccel_sd,19.5,0.46
0.8,100,True,3.562266415299394,150,oaccel_sd,19.5,0.46
1.0,100,True,3.5622664152941024,150,oaccel_sd,19.5,0.46
0.4,30,True,3.56226641592976,130,oaccel_sis,19.5,0.46
0.6,30,True,3.562266413326788,124,oaccel_sis,19.5,0.46
0.8,30,True,3.5622664142654736,124,oaccel_sis,19.5,0.46
1.0,30,True,3.5622664146565084,122,oaccel_sis,19.5,0.46
0.4,50,True,3.562266414731562,110,oaccel_sis,19.5,0.46
0.6,50,True,3.562266414705893,104,oaccel_sis,19.5,0.46
0.8,50,True,3.5622664158698427,100,oaccel_sis,19.5,0.46
1.0,50,True,3.5622664158306865,100,oaccel_sis,19.5,0.46
0.4,80,True,3.5622664149599697,108,oaccel_sis,19.5,0.46
0.6,80,True,3.562266414871427,104,oaccel_sis,19.5,0.46
0.8,80,True,3.5622664158698427,100,oaccel_sis,19.5,0.46
1.0,80,True,3.5622664158306865,100,oaccel_sis,19.5,0.46
0.4,100,True,3.5622664149599697,108,oaccel_sis,19.5,0.46
0.6,100,True,3.562266414871427,104,oaccel_sis,19.5,0.46
0.8,100,True,3.5622664158698427,100,oaccel_sis,19.5,0.46
1.0,100,True,3.5622664158306865,100,oaccel_sis,19.5,0.46
0.2,0,True,3.562266414850244,450,sd,19.5,0.46
0.3,0,True,3.5622664148538288,299,sd,19.5,0.46
0.4,0,True,3.562266414853952,223,sd,19.5,0.46
0.5,0,False,4.544723950583252,3000,sd,19.5,0.46
0.4,0,True,3.562266414851188,407,sis,19.5,0.46
0.6,0,True,3.562266414860531,332,sis,19.5,0.46
0.8,0,True,3.562266414849208,295,sis,19.5,0.46
1.0,0,True,3.562266414749775,272,sis,19.5,0.46
0.4,30,True,3.562266414838116,61,anderson_etd,19.5,0.47
0.6,30,True,3.562266415338496,55,anderson_etd,19.5,0.47
0.8,30,True,3.562266415570201,53,anderson_etd,19.5,0.47
1.0,30,True,3.562266414759777,50,anderson_etd,19.5,0.47
0.4,50,True,3.56226641572346,59,anderson_etd,19.5,0.47
0.6,50,True,3.562266412061729,55,anderson_etd,19.5,0.47
0.8,50,True,3.562266413615528,53,anderson_etd,19.5,0.47
1.0,50,True,3.562266416579788,50,anderson_etd,19.5,0.47
0.4,80,True,3.562266412052775,59,anderson_etd,19.5,0.47
0.6,80,True,3.5622664113611044,58,anderson_etd,19.5,0.47
0.8,80,True,3.562266413800442,53,anderson_etd,19.5,0.47
1.0,80,True,3.562266416579788,50,anderson_etd,19.5,0.47
0.4,100,True,3.562266412052775,59,anderson_etd,19.5,0.47
0.6,100,True,3.5622664113611044,58,anderson_etd,19.5,0.47
0.8,100,True,3.562266413800442,53,anderson_etd,19.5,0.47
1.0,100,True,3.562266416579788,50,anderson_etd,19.5,0.47
0.4,30,True,3.562266414983509,73,anderson_sd,19.5,0.47
0.6,30,True,3.5622664142558254,74,anderson_sd,19.5,0.47
0.8,30,True,3.562266414552698,75,anderson_sd,19.5,0.47
1.0,30,True,3.5622664147787457,75,anderson_sd,19.5,0.47
0.4,50,True,3.562266415426542,70,anderson_sd,19.5,0.47
0.6,50,True,3.5622664142253706,71,anderson_sd,19.5,0.47
0.8,50,True,3.562266414379756,71,anderson_sd,19.5,0.47
1.0,50,True,3.562266415015211,71,anderson_sd,19.5,0.47
0.4,80,True,3.5622664139940845,72,anderson_sd,19.5,0.47
0.6,80,True,3.562266413615638,70,anderson_sd,19.5,0.47
0.8,80,True,3.562266414464773,71,anderson_sd,19.5,0.47
1.0,80,True,3.5622664141991924,71,anderson_sd,19.5,0.47
0.4,100,True,3.5622664139940845,72,anderson_sd,19.5,0.47
0.6,100,True,3.562266413615638,70,anderson_sd,19.5,0.47
0.8,100,True,3.562266414464773,71,anderson_sd,19.5,0.47
1.0,100,True,3.5622664141991924,71,anderson_sd,19.5,0.47
0.4,30,True,3.5622664137147515,66,anderson_sis,19.5,0.47
0.6,30,True,3.562266416697663,62,anderson_sis,19.5,0.47
0.8,30,True,3.5622664147637497,60,anderson_sis,19.5,0.47
1.0,30,True,3.5622664151454657,58,anderson_sis,19.5,0.47
0.4,50,True,3.562266415647482,63,anderson_sis,19.5,0.47
0.6,50,True,3.562266416235365,60,anderson_sis,19.5,0.47
0.8,50,True,3.5622664156995434,59,anderson_sis,19.5,0.47
1.0,50,True,3.56226641397475,57,anderson_sis,19.5,0.47
0.4,80,True,3.5622664161536326,65,anderson_sis,19.5,0.47
0.6,80,True,3.562266414585109,62,anderson_sis,19.5,0.47
0.8,80,True,3.562266412736244,62,anderson_sis,19.5,0.47
1.0,80,True,3.5622664114457967,63,anderson_sis,19.5,0.47
0.4,100,True,3.5622664161536326,65,anderson_sis,19.5,0.47
0.6,100,True,3.562266414585109,62,anderson_sis,19.5,0.47
0.8,100,True,3.562266412736244,62,anderson_sis,19.5,0.47
1.0,100,True,3.5622664114457967,63,anderson_sis,19.5,0.47
0.4,0,True,3.5622664148471044,268,etd,19.5,0.47
0.6,0,True,3.562266416744656,201,etd,19.5,0.47
0.8,0,True,3.5622664174507754,206,etd,19.5,0.47
1.0,0,True,3.5622664117403917,223,etd,19.5,0.47
0.4,30,True,3.5622664143893044,103,ngmres_etd,19.5,0.47
0.6,30,True,3.56226641492892,97,ngmres_etd,19.5,0.47
0.8,30,True,3.5622664153629438,95,ngmres_etd,19.5,0.47
1.0,30,True,3.5622664153914725,93,ngmres_etd,19.5,0.47
0.4,50,True,3.562266414663493,99,ngmres_etd,19.5,0.47
0.6,50,True,3.562266414423889,95,ngmres_etd,19.5,0.47
0.8,50,True,3.562266414751658,91,ngmres_etd,19.5,0.47
1.0,50,True,3.562266414498785,89,ngmres_etd,19.5,0.47
0.4,80,True,3.562266414663493,99,ngmres_etd,19.5,0.47
0.6,80,True,3.562266414423889,95,ngmres_etd,19.5,0.47
0.8,80,True,3.562266414751658,91,ngmres_etd,19.5,0.47
1.0,80,True,3.562266414498785,89,ngmres_etd,19.5,0.47
0.4,100,True,3.562266414663493,99,ngmres_etd,19.5,0.47
0.6,100,True,3.562266414423889,95,ngmres_etd,19.5,0.47
0.8,100,True,3.562266414751658,91,ngmres_etd,19.5,0.47
1.0,100,True,3.562266414498785,89,ngmres_etd,19.5,0.47
0.4,30,True,3.562266415248061,145,ngmres_sd,19.5,0.47
0.6,30,True,3.56226641513575,145,ngmres_sd,19.5,0.47
0.8,30,True,3.56226641505717,145,ngmres_sd,19.5,0.47
1.0,30,True,3.5622664150973726,145,ngmres_sd,19.5,0.47
0.4,50,True,3.5622664144003444,135,ngmres_sd,19.5,0.47
0.6,50,True,3.5622664143749514,135,ngmres_sd,19.5,0.47
0.8,50,True,3.5622664145198533,135,ngmres_sd,19.5,0.47
1.0,50,True,3.562266414833108,135,ngmres_sd,19.5,0.47
0.4,80,True,3.5622664149522567,133,ngmres_sd,19.5,0.47
0.6,80,True,3.5622664149473806,133,ngmres_sd,19.5,0.47
0.8,80,True,3.562266414943748,133,ngmres_sd,19.5,0.47
1.0,80,True,3.5622664149484846,133,ngmres_sd,19.5,0.47
0.4,100,True,3.5622664149522567,133,ngmres_sd,19.5,0.47
0.6,100,True,3.5622664149473806,133,ngmres_sd,19.5,0.47
0.8,100,True,3.562266414943748,133,ngmres_sd,19.5,0.47
1.0,100,True,3.5622664149484846,133,ngmres_sd,19.5,0.47
0.4,30,True,3.562266415116759,101,ngmres_sis,19.5,0.47
0.6,30,True,3.562266414204549,97,ngmres_sis,19.5,0.47
0.8,30,True,3.5622664144099296,97,ngmres_sis,19.5,0.47
1.0,30,True,3.562266414249878,95,ngmres_sis,19.5,0.47
0.4,50,True,3.562266414804649,97,ngmres_sis,19.5,0.47
0.6,50,True,3.562266414910493,93,ngmres_sis,19.5,0.47
0.8,50,True,3.562266414816394,91,ngmres_sis,19.5,0.47
1.0,50,True,3.562266414929802,91,ngmres_sis,19.5,0.47
0.4,80,True,3.562266414804649,97,ngmres_sis,19.5,0.47
0.6,80,True,3.562266414910493,93,ngmres_sis,19.5,0.47
0.8,80,True,3.562266414816394,91,ngmres_sis,19.5,0.47
1.0,80,True,3.562266414929802,91,ngmres_sis,19.5,0.47
0.4,100,True,3.562266414804649,97,ngmres_sis,19.5,0.47
0.6,100,True,3.562266414910493,93,ngmres_sis,19.5,0.47
0.8,100,True,3.562266414816394,91,ngmres_sis,19.5,0.47
1.0,100,True,3.562266414929802,91,ngmres_sis,19.5,0.47
0.4,30,True,3.5622664153883585,130,oaccel_etd,19.5,0.47
0.6,30,True,3.562266414692491,126,oaccel_etd,19.5,0.47
0.8,30,True,3.5622664155406785,120,oaccel_etd,19.5,0.47
1.0,30,True,3.562266413642297,122,oaccel_etd,19.5,0.47
0.4,50,True,3.5622664159427035,108,oaccel_etd,19.5,0.47
0.6,50,True,3.5622664149688488,102,oaccel_etd,19.5,0.47
0.8,50,True,3.562266414942153,100,oaccel_etd,19.5,0.47
1.0,50,True,3.5622664149008383,94,oaccel_etd,19.5,0.47
0.4,80,True,3.562266414832802,108,oaccel_etd,19.5,0.47
0.6,80,True,3.5622664149688488,102,oaccel_etd,19.5,0.47
0.8,80,True,3.562266414942153,100,oaccel_etd,19.5,0.47
1.0,80,True,3.5622664149008383,94,oaccel_etd,19.5,0.47
0.4,100,True,3.562266414832802,108,oaccel_etd,19.5,0.47
0.6,100,True,3.5622664149688488,102,oaccel_etd,19.5,0.47
0.8,100,True,3.562266414942153,100,oaccel_etd,19.5,0.47
1.0,100,True,3.5622664149008383,94,oaccel_etd,19.5,0.47
0.4,30,True,3.5622664150858494,222,oaccel_sd,19.5,0.47
0.6,30,True,3.562266415346686,218,oaccel_sd,19.5,0.47
0.8,30,True,3.56226641491852,234,oaccel_sd,19.5,0.47
1.0,30,True,3.56226641405666,218,oaccel_sd,19.5,0.47
0.4,50,True,3.56226641522991,162,oaccel_sd,19.5,0.47
0.6,50,True,3.562266413860068,164,oaccel_sd,19.5,0.47
0.8,50,True,3.5622664161237667,160,oaccel_sd,19.5,0.47
1.0,50,True,3.562266414916887,164,oaccel_sd,19.5,0.47
0.4,80,True,3.562266415151398,144,oaccel_sd,19.5,0.47
0.6,80,True,3.562266415140626,144,oaccel_sd,19.5,0.47
0.8,80,True,3.5622664151299634,144,oaccel_sd,19.5,0.47
1.0,80,True,3.562266415119458,144,oaccel_sd,19.5,0.47
0.4,100,True,3.562266415151398,144,oaccel_sd,19.5,0.47
0.6,100,True,3.562266415140626,144,oaccel_sd,19.5,0.47
0.8,100,True,3.5622664151299634,144,oaccel_sd,19.5,0.47
1.0,100,True,3.562266415119458,144,oaccel_sd,19.5,0.47
0.4,30,True,3.562266417138531,126,oaccel_sis,19.5,0.47
0.6,30,True,3.562266412892145,124,oaccel_sis,19.5,0.47
0.8,30,True,3.5622664158917914,120,oaccel_sis,19.5,0.47
1.0,30,True,3.5622664153375,118,oaccel_sis,19.5,0.47
0.4,50,True,3.5622664146004928,106,oaccel_sis,19.5,0.47
0.6,50,True,3.562266415548355,102,oaccel_sis,19.5,0.47
0.8,50,True,3.562266415502272,100,oaccel_sis,19.5,0.47
1.0,50,True,3.562266415508426,100,oaccel_sis,19.5,0.47
0.4,80,True,3.562266414660653,106,oaccel_sis,19.5,0.47
0.6,80,True,3.562266415548355,102,oaccel_sis,19.5,0.47
0.8,80,True,3.562266415502272,100,oaccel_sis,19.5,0.47
1.0,80,True,3.562266415508426,100,oaccel_sis,19.5,0.47
0.4,100,True,3.562266414660653,106,oaccel_sis,19.5,0.47
0.6,100,True,3.562266415548355,102,oaccel_sis,19.5,0.47
0.8,100,True,3.562266415502272,100,oaccel_sis,19.5,0.47
1.0,100,True,3.562266415508426,100,oaccel_sis,19.5,0.47
0.2,0,True,3.562266414855137,442,sd,19.5,0.47
0.3,0,True,3.562266414854749,293,sd,19.5,0.47
0.4,0,True,3.562266414858682,219,sd,19.5,0.47
0.5,0,False,4.366222621020486,3000,sd,19.5,0.47
0.4,0,True,3.5622664148570973,400,sis,19.5,0.47
0.6,0,True,3.5622664148555225,326,sis,19.5,0.47
0.8,0,True,3.562266414821156,289,sis,19.5,0.47
1.0,0,True,3.562266414809537,267,sis,19.5,0.47
0.4,30,True,3.56226641425062,59,anderson_etd,19.5,0.48
0.6,30,True,3.5622664153388115,53,anderson_etd,19.5,0.48
0.8,30,True,3.5622664149450545,51,anderson_etd,19.5,0.48
1.0,30,True,3.5622664154059267,50,anderson_etd,19.5,0.48
0.4,50,True,3.5622664170412346,56,anderson_etd,19.5,0.48
0.6,50,True,3.562266408836715,55,anderson_etd,19.5,0.48
0.8,50,True,3.5622664168751266,52,anderson_etd,19.5,0.48
1.0,50,True,3.562266416106496,50,anderson_etd,19.5,0.48
0.4,80,True,3.562266416322844,59,anderson_etd,19.5,0.48
0.6,80,True,3.562266412559805,56,anderson_etd,19.5,0.48
0.8,80,True,3.562266416852625,52,anderson_etd,19.5,0.48
1.0,80,True,3.562266416106496,50,anderson_etd,19.5,0.48
0.4,100,True,3.562266416322844,59,anderson_etd,19.5,0.48
0.6,100,True,3.562266412559805,56,anderson_etd,19.5,0.48
0.8,100,True,3.562266416852625,52,anderson_etd,19.5,0.48
1.0,100,True,3.562266416106496,50,anderson_etd,19.5,0.48
0.4,30,True,3.5622664142769818,71,anderson_sd,19.5,0.48
0.6,30,True,3.562266414774606,72,anderson_sd,19.5,0.48
0.8,30,True,3.5622664151368006,73,anderson_sd,19.5,0.48
1.0,30,True,3.5622664141924174,73,anderson_sd,19.5,0.48
0.4,50,True,3.5622664146123704,68,anderson_sd,19.5,0.48
0.6,50,True,3.562266414453262,69,anderson_sd,19.5,0.48
0.8,50,True,3.562266414839222,69,anderson_sd,19.5,0.48
1.0,50,True,3.5622664147063112,70,anderson_sd,19.5,0.48
0.4,80,True,3.562266412981745,69,anderson_sd,19.5,0.48
0.6,80,True,3.5622664137616766,69,anderson_sd,19.5,0.48
0.8,80,True,3.562266414099348,69,anderson_sd,19.5,0.48
1.0,80,True,3.562266414221244,70,anderson_sd,19.5,0.48
0.4,100,True,3.562266412981745,69,anderson_sd,19.5,0.48
0.6,100,True,3.5622664137616766,69,anderson_sd,19.5,0.48
0.8,100,True,3.562266414099348,69,anderson_sd,19.5,0.48
1.0,100,True,3.562266414221244,70,anderson_sd,19.5,0.48
0.4,30,True,3.5622664153408,63,anderson_sis,19.5,0.48
0.6,30,True,3.562266415313543,60,anderson_sis,19.5,0.48
0.8,30,True,3.5622664154452144,58,anderson_sis,19.5,0.48
1.0,30,True,3.5622664146098764,56,anderson_sis,19.5,0.48
0.4,50,True,3.5622664154359,61,anderson_sis,19.5,0.48
0.6,50,True,3.56226641635384,60,anderson_sis,19.5,0.48
0.8,50,True,3.5622664143903213,56,anderson_sis,19.5,0.48
1.0,50,True,3.562266416021199,55,anderson_sis,19.5,0.48
0.4,80,True,3.562266414812589,61,anderson_sis,19.5,0.48
0.6,80,True,3.562266415680442,58,anderson_sis,19.5,0.48
0.8,80,True,3.562266416704448,57,anderson_sis,19.5,0.48
1.0,80,True,3.5622664127668804,56,anderson_sis,19.5,0.48
0.4,100,True,3.562266414812589,61,anderson_sis,19.5,0.48
0.6,100,True,3.562266415680442,58,anderson_sis,19.5,0.48
0.8,100,True,3.562266416704448,57,anderson_sis,19.5,0.48
1.0,100,True,3.5622664127668804,56,anderson_sis,19.5,0.48
0.4,0,True,3.562266414868449,261,etd,19.5,0.48
0.6,0,True,3.5622664132157933,194,etd,19.5,0.48
0.8,0,True,3.5622664127781998,199,etd,19.5,0.48
1.0,0,True,3.562266417417077,217,etd,19.5,0.48
0.4,30,True,3.5622664157044754,99,ngmres_etd,19.5,0.48
0.6,30,True,3.5622664144145872,95,ngmres_etd,19.5,0.48
0.8,30,True,3.562266415350736,93,ngmres_etd,19.5,0.48
1.0,30,True,3.562266414180402,91,ngmres_etd,19.5,0.48
0.4,50,True,3.562266415021964,97,ngmres_etd,19.5,0.48
0.6,50,True,3.562266414711946,93,ngmres_etd,19.5,0.48
0.8,50,True,3.562266415231829,89,ngmres_etd,19.5,0.48
1.0,50,True,3.5622664152647454,87,ngmres_etd,19.5,0.48
0.4,80,True,3.562266415021964,97,ngmres_etd,19.5,0.48
0.6,80,True,3.562266414711946,93,ngmres_etd,19.5,0.48
0.8,80,True,3.562266415231829,89,ngmres_etd,19.5,0.48
1.0,80,True,3.5622664152647454,87,ngmres_etd,19.5,0.48
0.4,100,True,3.562266415021964,97,ngmres_etd,19.5,0.48
0.6,100,True,3.562266414711946,93,ngmres_etd,19.5,0.48
0.8,100,True,3.562266415231829,89,ngmres_etd,19.5,0.48
1.0,100,True,3.5622664152647454,87,ngmres_etd,19.5,0.48
0.4,30,True,3.5622664148785246,141,ngmres_sd,19.5,0.48
0.6,30,True,3.562266414874829,141,ngmres_sd,19.5,0.48
0.8,30,True,3.562266414724728,139,ngmres_sd,19.5,0.48
1.0,30,True,3.5622664147532968,139,ngmres_sd,19.5,0.48
0.4,50,True,3.562266414681628,131,ngmres_sd,19.5,0.48
0.6,50,True,3.562266414563424,131,ngmres_sd,19.5,0.48
0.8,50,True,3.562266414393883,131,ngmres_sd,19.5,0.48
1.0,50,True,3.562266414204374,131,ngmres_sd,19.5,0.48
0.4,80,True,3.562266414750744,129,ngmres_sd,19.5,0.48
0.6,80,True,3.562266414749902,129,ngmres_sd,19.5,0.48
0.8,80,True,3.5622664147481897,129,ngmres_sd,19.5,0.48
1.0,80,True,3.562266414746756,129,ngmres_sd,19.5,0.48
0.4,100,True,3.562266414750744,129,ngmres_sd,19.5,0.48
0.6,100,True,3.562266414749902,129,ngmres_sd,19.5,0.48
0.8,100,True,3.5622664147481897,129,ngmres_sd,19.5,0.48
1.0,100,True,3.562266414746756,129,ngmres_sd,19.5,0.48
0.4,30,True,3.5622664150108347,99,ngmres_sis,19.5,0.48
0.6,30,True,3.5622664153560946,93,ngmres_sis,19.5,0.48
0.8,30,True,3.5622664145788354,93,ngmres_sis,19.5,0.48
1.0,30,True,3.5622664141174614,93,ngmres_sis,19.5,0.48
0.4,50,True,3.5622664150762544,97,ngmres_sis,19.5,0.48
0.6,50,True,3.562266415152208,93,ngmres_sis,19.5,0.48
0.8,50,True,3.562266415007489,91,ngmres_sis,19.5,0.48
1.0,50,True,3.562266414874109,89,ngmres_sis,19.5,0.48
0.4,80,True,3.5622664150762544,97,ngmres_sis,19.5,0.48
0.6,80,True,3.562266415152208,93,ngmres_sis,19.5,0.48
0.8,80,True,3.562266415007489,91,ngmres_sis,19.5,0.48
1.0,80,True,3.562266414874109,89,ngmres_sis,19.5,0.48
0.4,100,True,3.5622664150762544,97,ngmres_sis,19.5,0.48
0.6,100,True,3.562266415152208,93,ngmres_sis,19.5,0.48
0.8,100,True,3.562266415007489,91,ngmres_sis,19.5,0.48
1.0,100,True,3.562266414874109,89,ngmres_sis,19.5,0.48
0.4,30,True,3.5622664153521315,124,oaccel_etd,19.5,0.48
0.6,30,True,3.5622664148532195,120,oaccel_etd,19.5,0.48
0.8,30,True,3.5622664159580006,118,oaccel_etd,19.5,0.48
1.0,30,True,3.5622664150059986,118,oaccel_etd,19.5,0.48
0.4,50,True,3.5622664154670955,104,oaccel_etd,19.5,0.48
0.6,50,True,3.5622664149604715,98,oaccel_etd,19.5,0.48
0.8,50,True,3.5622664149421874,96,oaccel_etd,19.5,0.48
1.0,50,True,3.5622664147849328,96,oaccel_etd,19.5,0.48
0.4,80,True,3.562266415482213,104,oaccel_etd,19.5,0.48
0.6,80,True,3.5622664149604715,98,oaccel_etd,19.5,0.48
0.8,80,True,3.5622664149421874,96,oaccel_etd,19.5,0.48
1.0,80,True,3.5622664147849328,96,oaccel_etd,19.5,0.48
0.4,100,True,3.562266415482213,104,oaccel_etd,19.5,0.48
0.6,100,True,3.5622664149604715,98,oaccel_etd,19.5,0.48
0.8,100,True,3.5622664149421874,96,oaccel_etd,19.5,0.48
1.0,100,True,3.5622664147849328,96,oaccel_etd,19.5,0.48
0.4,30,True,3.562266415817155,188,oaccel_sd,19.5,0.48
0.6,30,True,3.5622664140839504,182,oaccel_sd,19.5,0.48
0.8,30,True,3.5622664142723863,182,oaccel_sd,19.5,0.48
1.0,30,True,3.5622664154340318,192,oaccel_sd,19.5,0.48
0.4,50,True,3.5622664136963875,154,oaccel_sd,19.5,0.48
0.6,50,True,3.562266414266517,154,oaccel_sd,19.5,0.48
0.8,50,True,3.562266413593509,154,oaccel_sd,19.5,0.48
1.0,50,True,3.562266413479538,154,oaccel_sd,19.5,0.48
0.4,80,True,3.5622664146499154,140,oaccel_sd,19.5,0.48
0.6,80,True,3.5622664146566416,140,oaccel_sd,19.5,0.48
0.8,80,True,3.5622664146635845,140,oaccel_sd,19.5,0.48
1.0,80,True,3.562266414670691,140,oaccel_sd,19.5,0.48
0.4,100,True,3.5622664146499154,140,oaccel_sd,19.5,0.48
0.6,100,True,3.5622664146566416,140,oaccel_sd,19.5,0.48
0.8,100,True,3.5622664146635845,140,oaccel_sd,19.5,0.48
1.0,100,True,3.562266414670691,140,oaccel_sd,19.5,0.48
0.4,30,True,3.5622664134258617,124,oaccel_sis,19.5,0.48
0.6,30,True,3.562266416041981,124,oaccel_sis,19.5,0.48
0.8,30,True,3.5622664145457703,116,oaccel_sis,19.5,0.48
1.0,30,True,3.562266412477665,120,oaccel_sis,19.5,0.48
0.4,50,True,3.562266414675205,102,oaccel_sis,19.5,0.48
0.6,50,True,3.562266415278108,100,oaccel_sis,19.5,0.48
0.8,50,True,3.562266414987578,98,oaccel_sis,19.5,0.48
1.0,50,True,3.562266414760172,96,oaccel_sis,19.5,0.48
0.4,80,True,3.562266414675205,102,oaccel_sis,19.5,0.48
0.6,80,True,3.562266415278108,100,oaccel_sis,19.5,0.48
0.8,80,True,3.562266414987578,98,oaccel_sis,19.5,0.48
1.0,80,True,3.562266414760172,96,oaccel_sis,19.5,0.48
0.4,100,True,3.562266414675205,102,oaccel_sis,19.5,0.48
0.6,100,True,3.562266415278108,100,oaccel_sis,19.5,0.48
0.8,100,True,3.562266414987578,98,oaccel_sis,19.5,0.48
1.0,100,True,3.562266414760172,96,oaccel_sis,19.5,0.48
0.2,0,True,3.5622664148526795,430,sd,19.5,0.48
0.3,0,True,3.5622664148522123,285,sd,19.5,0.48
0.4,0,True,3.5622664148546823,213,sd,19.5,0.48
0.5,0,False,4.435734182613208,3000,sd,19.5,0.48
0.4,0,True,3.5622664148523397,389,sis,19.5,0.48
0.6,0,True,3.562266414848576,317,sis,19.5,0.48
0.8,0,True,3.562266414880706,281,sis,19.5,0.48
1.0,0,True,3.562266414986884,260,sis,19.5,0.48
0.4,30,True,3.5622664146871514,55,anderson_etd,19.5,0.49
0.6,30,True,3.562266415223406,50,anderson_etd,19.5,0.49
0.8,30,True,3.562266415192277,49,anderson_etd,19.5,0.49
1.0,30,True,3.562266415484048,46,anderson_etd,19.5,0.49
0.4,50,True,3.562266415681947,54,anderson_etd,19.5,0.49
0.6,50,True,3.562266414713699,50,anderson_etd,19.5,0.49
0.8,50,True,3.562266416804606,49,anderson_etd,19.5,0.49
1.0,50,True,3.562266415393588,47,anderson_etd,19.5,0.49
0.4,80,True,3.5622664157704005,54,anderson_etd,19.5,0.49
0.6,80,True,3.562266414713699,50,anderson_etd,19.5,0.49
0.8,80,True,3.562266416804606,49,anderson_etd,19.5,0.49
1.0,80,True,3.562266415393588,47,anderson_etd,19.5,0.49
0.4,100,True,3.5622664157704005,54,anderson_etd,19.5,0.49
0.6,100,True,3.562266414713699,50,anderson_etd,19.5,0.49
0.8,100,True,3.562266416804606,49,anderson_etd,19.5,0.49
1.0,100,True,3.562266415393588,47,anderson_etd,19.5,0.49
0.4,30,True,3.562266415333604,68,anderson_sd,19.5,0.49
0.6,30,True,3.5622664136337594,69,anderson_sd,19.5,0.49
0.8,30,True,3.56226641514064,71,anderson_sd,19.5,0.49
1.0,30,True,3.562266414070945,72,anderson_sd,19.5,0.49
0.4,50,True,3.562266415374796,66,anderson_sd,19.5,0.49
0.6,50,True,3.562266414470642,68,anderson_sd,19.5,0.49
0.8,50,True,3.562266415750366,67,anderson_sd,19.5,0.49
1.0,50,True,3.562266415918546,67,anderson_sd,19.5,0.49
0.4,80,True,3.5622664130070323,66,anderson_sd,19.5,0.49
0.6,80,True,3.562266416049379,67,anderson_sd,19.5,0.49
0.8,80,True,3.5622664153541965,67,anderson_sd,19.5,0.49
1.0,80,True,3.5622664151757206,67,anderson_sd,19.5,0.49
0.4,100,True,3.5622664130070323,66,anderson_sd,19.5,0.49
0.6,100,True,3.562266416049379,67,anderson_sd,19.5,0.49
0.8,100,True,3.5622664153541965,67,anderson_sd,19.5,0.49
1.0,100,True,3.5622664151757206,67,anderson_sd,19.5,0.49
0.4,30,True,3.562266415801335,60,anderson_sis,19.5,0.49
0.6,30,True,3.562266415944573,57,anderson_sis,19.5,0.49
0.8,30,True,3.5622664142167637,55,anderson_sis,19.5,0.49
1.0,30,True,3.5622664145542045,54,anderson_sis,19.5,0.49
0.4,50,True,3.562266414247369,58,anderson_sis,19.5,0.49
0.6,50,True,3.5622664159438804,56,anderson_sis,19.5,0.49
0.8,50,True,3.562266417514796,54,anderson_sis,19.5,0.49
1.0,50,True,3.56226641435952,54,anderson_sis,19.5,0.49
0.4,80,True,3.5622664148331395,60,anderson_sis,19.5,0.49
0.6,80,True,3.5622664151605727,58,anderson_sis,19.5,0.49
0.8,80,True,3.562266415327742,56,anderson_sis,19.5,0.49
1.0,80,True,3.562266414284702,54,anderson_sis,19.5,0.49
0.4,100,True,3.5622664148331395,60,anderson_sis,19.5,0.49
0.6,100,True,3.5622664151605727,58,anderson_sis,19.5,0.49
0.8,100,True,3.562266415327742,56,anderson_sis,19.5,0.49
1.0,100,True,3.562266414284702,54,anderson_sis,19.5,0.49
0.4,0,True,3.562266414821286,251,etd,19.5,0.49
0.6,0,True,3.562266416150285,186,etd,19.5,0.49
0.8,0,True,3.562266417531881,191,etd,19.5,0.49
1.0,0,True,3.562266416686274,204,etd,19.5,0.49
0.4,30,True,3.5622664165475744,95,ngmres_etd,19.5,0.49
0.6,30,True,3.562266416375123,91,ngmres_etd,19.5,0.49
0.8,30,True,3.5622664163917657,87,ngmres_etd,19.5,0.49
1.0,30,True,3.56226641409671,87,ngmres_etd,19.5,0.49
0.4,50,True,3.562266414787004,91,ngmres_etd,19.5,0.49
0.6,50,True,3.562266414634146,89,ngmres_etd,19.5,0.49
0.8,50,True,3.5622664150842347,87,ngmres_etd,19.5,0.49
1.0,50,True,3.562266415518433,83,ngmres_etd,19.5,0.49
0.4,80,True,3.562266414787004,91,ngmres_etd,19.5,0.49
0.6,80,True,3.562266414634146,89,ngmres_etd,19.5,0.49
0.8,80,True,3.5622664150842347,87,ngmres_etd,19.5,0.49
1.0,80,True,3.562266415518433,83,ngmres_etd,19.5,0.49
0.4,100,True,3.562266414787004,91,ngmres_etd,19.5,0.49
0.6,100,True,3.562266414634146,89,ngmres_etd,19.5,0.49
0.8,100,True,3.5622664150842347,87,ngmres_etd,19.5,0.49
1.0,100,True,3.562266415518433,83,ngmres_etd,19.5,0.49
0.4,30,True,3.562266414587417,133,ngmres_sd,19.5,0.49
0.6,30,True,3.562266414608522,133,ngmres_sd,19.5,0.49
0.8,30,True,3.562266414626033,133,ngmres_sd,19.5,0.49
1.0,30,True,3.5622664146394927,133,ngmres_sd,19.5,0.49
0.4,50,True,3.562266415143979,127,ngmres_sd,19.5,0.49
0.6,50,True,3.562266415124971,127,ngmres_sd,19.5,0.49
0.8,50,True,3.562266415103063,127,ngmres_sd,19.5,0.49
1.0,50,True,3.5622664150763974,127,ngmres_sd,19.5,0.49
0.4,80,True,3.562266415028133,127,ngmres_sd,19.5,0.49
0.6,80,True,3.5622664150293675,127,ngmres_sd,19.5,0.49
0.8,80,True,3.562266415267829,125,ngmres_sd,19.5,0.49
1.0,80,True,3.5622664152677306,125,ngmres_sd,19.5,0.49
0.4,100,True,3.562266415028133,127,ngmres_sd,19.5,0.49
0.6,100,True,3.5622664150293675,127,ngmres_sd,19.5,0.49
0.8,100,True,3.562266415267829,125,ngmres_sd,19.5,0.49
1.0,100,True,3.5622664152677306,125,ngmres_sd,19.5,0.49
0.4,30,True,3.5622664156946997,93,ngmres_sis,19.5,0.49
0.6,30,True,3.5622664165645297,89,ngmres_sis,19.5,0.49
0.8,30,True,3.562266415751006,87,ngmres_sis,19.5,0.49
1.0,30,True,3.5622664175122365,89,ngmres_sis,19.5,0.49
0.4,50,True,3.5622664147026377,91,ngmres_sis,19.5,0.49
0.6,50,True,3.5622664147703524,87,ngmres_sis,19.5,0.49
0.8,50,True,3.5622664148897867,87,ngmres_sis,19.5,0.49
1.0,50,True,3.5622664148039345,87,ngmres_sis,19.5,0.49
0.4,80,True,3.5622664147026377,91,ngmres_sis,19.5,0.49
0.6,80,True,3.5622664147703524,87,ngmres_sis,19.5,0.49
0.8,80,True,3.5622664148897867,87,ngmres_sis,19.5,0.49
1.0,80,True,3.5622664148039345,87,ngmres_sis,19.5,0.49
0.4,100,True,3.5622664147026377,91,ngmres_sis,19.5,0.49
0.6,100,True,3.5622664147703524,87,ngmres_sis,19.5,0.49
0.8,100,True,3.5622664148897867,87,ngmres_sis,19.5,0.49
1.0,100,True,3.5622664148039345,87,ngmres_sis,19.5,0.49
0.4,30,True,3.562266415017122,120,oaccel_etd,19.5,0.49
0.6,30,True,3.562266413700581,118,oaccel_etd,19.5,0.49
0.8,30,True,3.562266413591124,116,oaccel_etd,19.5,0.49
1.0,30,True,3.562266414745851,110,oaccel_etd,19.5,0.49
0.4,50,True,3.5622664149063183,100,oaccel_etd,19.5,0.49
0.6,50,True,3.5622664145033958,94,oaccel_etd,19.5,0.49
0.8,50,True,3.5622664142310025,92,oaccel_etd,19.5,0.49
1.0,50,True,3.5622664148531067,92,oaccel_etd,19.5,0.49
0.4,80,True,3.5622664149063183,100,oaccel_etd,19.5,0.49
0.6,80,True,3.5622664145033958,94,oaccel_etd,19.5,0.49
0.8,80,True,3.5622664142310025,92,oaccel_etd,19.5,0.49
1.0,80,True,3.5622664148531067,92,oaccel_etd,19.5,0.49
0.4,100,True,3.5622664149063183,100,oaccel_etd,19.5,0.49
0.6,100,True,3.5622664145033958,94,oaccel_etd,19.5,0.49
0.8,100,True,3.5622664142310025,92,oaccel_etd,19.5,0.49
1.0,100,True,3.5622664148531067,92,oaccel_etd,19.5,0.49
0.4,30,True,3.562266415222036,178,oaccel_sd,19.5,0.49
0.6,30,True,3.5622664147908862,178,oaccel_sd,19.5,0.49
0.8,30,True,3.5622664158790824,180,oaccel_sd,19.5,0.49
1.0,30,True,3.562266414150126,184,oaccel_sd,19.5,0.49
0.4,50,True,3.5622664157856194,150,oaccel_sd,19.5,0.49
0.6,50,True,3.5622664147484384,150,oaccel_sd,19.5,0.49
0.8,50,True,3.5622664151552077,150,oaccel_sd,19.5,0.49
1.0,50,True,3.562266416689288,152,oaccel_sd,19.5,0.49
0.4,80,True,3.5622664146197165,134,oaccel_sd,19.5,0.49
0.6,80,True,3.5622664146174543,134,oaccel_sd,19.5,0.49
0.8,80,True,3.562266414614812,134,oaccel_sd,19.5,0.49
1.0,80,True,3.5622664146127985,134,oaccel_sd,19.5,0.49
0.4,100,True,3.5622664146197165,134,oaccel_sd,19.5,0.49
0.6,100,True,3.5622664146174543,134,oaccel_sd,19.5,0.49
0.8,100,True,3.562266414614812,134,oaccel_sd,19.5,0.49
1.0,100,True,3.5622664146127985,134,oaccel_sd,19.5,0.49
0.4,30,True,3.562266414707249,114,oaccel_sis,19.5,0.49
0.6,30,True,3.562266416094041,116,oaccel_sis,19.5,0.49
0.8,30,True,3.562266416694796,118,oaccel_sis,19.5,0.49
1.0,30,True,3.5622664138824662,114,oaccel_sis,19.5,0.49
0.4,50,True,3.5622664149319085,100,oaccel_sis,19.5,0.49
0.6,50,True,3.5622664146368352,96,oaccel_sis,19.5,0.49
0.8,50,True,3.5622664145246663,94,oaccel_sis,19.5,0.49
1.0,50,True,3.562266414366968,94,oaccel_sis,19.5,0.49
0.4,80,True,3.5622664149319085,100,oaccel_sis,19.5,0.49
0.6,80,True,3.5622664146368352,96,oaccel_sis,19.5,0.49
0.8,80,True,3.5622664145246663,94,oaccel_sis,19.5,0.49
1.0,80,True,3.562266414366968,94,oaccel_sis,19.5,0.49
0.4,100,True,3.5622664149319085,100,oaccel_sis,19.5,0.49
0.6,100,True,3.5622664146368352,96,oaccel_sis,19.5,0.49
0.8,100,True,3.5622664145246663,94,oaccel_sis,19.5,0.49
1.0,100,True,3.562266414366968,94,oaccel_sis,19.5,0.49
0.2,0,True,3.5622664148327754,414,sd,19.5,0.49
0.3,0,True,3.562266414836561,275,sd,19.5,0.49
0.4,0,True,3.562266414836942,205,sd,19.5,0.49
0.5,0,False,4.4021036107546685,3000,sd,19.5,0.49
0.4,0,True,3.5622664148293506,374,sis,19.5,0.49
0.6,0,True,3.5622664148424548,305,sis,19.5,0.49
0.8,0,True,3.5622664148254755,270,sis,19.5,0.49
1.0,0,True,3.562266414743608,250,sis,19.5,0.49
0.4,30,True,3.562266415337149,55,anderson_etd,19.5,0.51
0.6,30,True,3.56226641520898,52,anderson_etd,19.5,0.51
0.8,30,True,3.562266415043794,51,anderson_etd,19.5,0.51
1.0,30,True,3.562266414589664,50,anderson_etd,19.5,0.51
0.4,50,True,3.5622664136792723,54,anderson_etd,19.5,0.51
0.6,50,True,3.562266414043176,51,anderson_etd,19.5,0.51
0.8,50,True,3.5622664137523543,51,anderson_etd,19.5,0.51
1.0,50,True,3.562266417063869,50,anderson_etd,19.5,0.51
0.4,80,True,3.5622664147626937,55,anderson_etd,19.5,0.51
0.6,80,True,3.562266414043176,51,anderson_etd,19.5,0.51
0.8,80,True,3.5622664137523543,51,anderson_etd,19.5,0.51
1.0,80,True,3.562266417063869,50,anderson_etd,19.5,0.51
0.4,100,True,3.5622664147626937,55,anderson_etd,19.5,0.51
0.6,100,True,3.562266414043176,51,anderson_etd,19.5,0.51
0.8,100,True,3.5622664137523543,51,anderson_etd,19.5,0.51
1.0,100,True,3.562266417063869,50,anderson_etd,19.5,0.51
0.4,30,True,3.56226641522366,67,anderson_sd,19.5,0.51
0.6,30,True,3.5622664151633483,68,anderson_sd,19.5,0.51
0.8,30,True,3.562266414471265,69,anderson_sd,19.5,0.51
1.0,30,True,3.562266415247328,69,anderson_sd,19.5,0.51
0.4,50,True,3.562266415391056,64,anderson_sd,19.5,0.51
0.6,50,True,3.562266414904693,65,anderson_sd,19.5,0.51
0.8,50,True,3.5622664156742587,66,anderson_sd,19.5,0.51
1.0,50,True,3.5622664143425258,66,anderson_sd,19.5,0.51
0.4,80,True,3.5622664140830524,66,anderson_sd,19.5,0.51
0.6,80,True,3.5622664137562863,65,anderson_sd,19.5,0.51
0.8,80,True,3.5622664146926137,66,anderson_sd,19.5,0.51
1.0,80,True,3.5622664150678824,66,anderson_sd,19.5,0.51
0.4,100,True,3.5622664140830524,66,anderson_sd,19.5,0.51
0.6,100,True,3.5622664137562863,65,anderson_sd,19.5,0.51
0.8,100,True,3.5622664146926137,66,anderson_sd,19.5,0.51
1.0,100,True,3.5622664150678824,66,anderson_sd,19.5,0.51
0.4,30,True,3.562266414565154,59,anderson_sis,19.5,0.51
0.6,30,True,3.562266415117357,55,anderson_sis,19.5,0.51
0.8,30,True,3.5622664152488337,55,anderson_sis,19.5,0.51
1.0,30,True,3.562266415024691,54,anderson_sis,19.5,0.51
0.4,50,True,3.5622664152470707,58,anderson_sis,19.5,0.51
0.6,50,True,3.562266414664572,55,anderson_sis,19.5,0.51
0.8,50,True,3.562266416066862,54,anderson_sis,19.5,0.51
1.0,50,True,3.56226641443139,54,anderson_sis,19.5,0.51
0.4,80,True,3.562266416493152,58,anderson_sis,19.5,0.51
0.6,80,True,3.56226641443988,56,anderson_sis,19.5,0.51
0.8,80,True,3.5622664132815416,54,anderson_sis,19.5,0.51
1.0,80,True,3.5622664129203017,54,anderson_sis,19.5,0.51
0.4,100,True,3.562266416493152,58,anderson_sis,19.5,0.51
0.6,100,True,3.56226641443988,56,anderson_sis,19.5,0.51
0.8,100,True,3.5622664132815416,54,anderson_sis,19.5,0.51
1.0,100,True,3.5622664129203017,54,anderson_sis,19.5,0.51
0.4,0,True,3.562266414799031,241,etd,19.5,0.51
0.6,0,True,3.5622664129930834,185,etd,19.5,0.51
0.8,0,True,3.562266412367114,191,etd,19.5,0.51
1.0,0,True,3.5622664183334107,209,etd,19.5,0.51
0.4,30,True,3.562266415258164,95,ngmres_etd,19.5,0.51
0.6,30,True,3.562266415364662,93,ngmres_etd,19.5,0.51
0.8,30,True,3.562266416690184,91,ngmres_etd,19.5,0.51
1.0,30,True,3.5622664173127774,89,ngmres_etd,19.5,0.51
0.4,50,True,3.5622664152506163,93,ngmres_etd,19.5,0.51
0.6,50,True,3.5622664154530854,89,ngmres_etd,19.5,0.51
0.8,50,True,3.56226641510676,87,ngmres_etd,19.5,0.51
1.0,50,True,3.562266415077737,85,ngmres_etd,19.5,0.51
0.4,80,True,3.5622664152506163,93,ngmres_etd,19.5,0.51
0.6,80,True,3.5622664154530854,89,ngmres_etd,19.5,0.51
0.8,80,True,3.56226641510676,87,ngmres_etd,19.5,0.51
1.0,80,True,3.562266415077737,85,ngmres_etd,19.5,0.51
0.4,100,True,3.5622664152506163,93,ngmres_etd,19.5,0.51
0.6,100,True,3.5622664154530854,89,ngmres_etd,19.5,0.51
0.8,100,True,3.56226641510676,87,ngmres_etd,19.5,0.51
1.0,100,True,3.562266415077737,85,ngmres_etd,19.5,0.51
0.4,30,True,3.5622664147675485,129,ngmres_sd,19.5,0.51
0.6,30,True,3.562266414766925,129,ngmres_sd,19.5,0.51
0.8,30,True,3.562266414765345,129,ngmres_sd,19.5,0.51
1.0,30,True,3.5622664147636582,129,ngmres_sd,19.5,0.51
0.4,50,True,3.5622664151298897,123,ngmres_sd,19.5,0.51
0.6,50,True,3.562266415130294,123,ngmres_sd,19.5,0.51
0.8,50,True,3.562266415130389,123,ngmres_sd,19.5,0.51
1.0,50,True,3.562266415130181,123,ngmres_sd,19.5,0.51
0.4,80,True,3.562266415005703,121,ngmres_sd,19.5,0.51
0.6,80,True,3.562266415005966,121,ngmres_sd,19.5,0.51
0.8,80,True,3.5622664150061327,121,ngmres_sd,19.5,0.51
1.0,80,True,3.562266415006537,121,ngmres_sd,19.5,0.51
0.4,100,True,3.562266415005703,121,ngmres_sd,19.5,0.51
0.6,100,True,3.562266415005966,121,ngmres_sd,19.5,0.51
0.8,100,True,3.5622664150061327,121,ngmres_sd,19.5,0.51
1.0,100,True,3.562266415006537,121,ngmres_sd,19.5,0.51
0.4,30,True,3.5622664157236787,95,ngmres_sis,19.5,0.51
0.6,30,True,3.562266413801341,91,ngmres_sis,19.5,0.51
0.8,30,True,3.562266414145868,91,ngmres_sis,19.5,0.51
1.0,30,True,3.5622664167783107,89,ngmres_sis,19.5,0.51
0.4,50,True,3.562266415166561,91,ngmres_sis,19.5,0.51
0.6,50,True,3.562266415126123,89,ngmres_sis,19.5,0.51
0.8,50,True,3.562266415184234,87,ngmres_sis,19.5,0.51
1.0,50,True,3.562266415169937,85,ngmres_sis,19.5,0.51
0.4,80,True,3.562266415166561,91,ngmres_sis,19.5,0.51
0.6,80,True,3.562266415126123,89,ngmres_sis,19.5,0.51
0.8,80,True,3.562266415184234,87,ngmres_sis,19.5,0.51
1.0,80,True,3.562266415169937,85,ngmres_sis,19.5,0.51
0.4,100,True,3.562266415166561,91,ngmres_sis,19.5,0.51
0.6,100,True,3.562266415126123,89,ngmres_sis,19.5,0.51
0.8,100,True,3.562266415184234,87,ngmres_sis,19.5,0.51
1.0,100,True,3.562266415169937,85,ngmres_sis,19.5,0.51
0.4,30,True,3.562266416410086,114,oaccel_etd,19.5,0.51
0.6,30,True,3.562266415182245,110,oaccel_etd,19.5,0.51
0.8,30,True,3.562266416209786,110,oaccel_etd,19.5,0.51
1.0,30,True,3.562266414129759,106,oaccel_etd,19.5,0.51
0.4,50,True,3.5622664147264835,100,oaccel_etd,19.5,0.51
0.6,50,True,3.5622664150338235,96,oaccel_etd,19.5,0.51
0.8,50,True,3.5622664152130463,94,oaccel_etd,19.5,0.51
1.0,50,True,3.562266415444027,92,oaccel_etd,19.5,0.51
0.4,80,True,3.5622664147264835,100,oaccel_etd,19.5,0.51
0.6,80,True,3.5622664150338235,96,oaccel_etd,19.5,0.51
0.8,80,True,3.5622664152130463,94,oaccel_etd,19.5,0.51
1.0,80,True,3.562266415444027,92,oaccel_etd,19.5,0.51
0.4,100,True,3.5622664147264835,100,oaccel_etd,19.5,0.51
0.6,100,True,3.5622664150338235,96,oaccel_etd,19.5,0.51
0.8,100,True,3.5622664152130463,94,oaccel_etd,19.5,0.51
1.0,100,True,3.562266415444027,92,oaccel_etd,19.5,0.51
0.4,30,True,3.562266414512682,180,oaccel_sd,19.5,0.51
0.6,30,True,3.562266415620064,180,oaccel_sd,19.5,0.51
0.8,30,True,3.562266415919109,180,oaccel_sd,19.5,0.51
1.0,30,True,3.562266416121238,182,oaccel_sd,19.5,0.51
0.4,50,True,3.562266415414431,150,oaccel_sd,19.5,0.51
0.6,50,True,3.562266416322876,150,oaccel_sd,19.5,0.51
0.8,50,True,3.562266414065068,150,oaccel_sd,19.5,0.51
1.0,50,True,3.562266414236201,152,oaccel_sd,19.5,0.51
0.4,80,True,3.5622664148365564,134,oaccel_sd,19.5,0.51
0.6,80,True,3.562266414837743,134,oaccel_sd,19.5,0.51
0.8,80,True,3.562266414838846,134,oaccel_sd,19.5,0.51
1.0,80,True,3.562266414839913,134,oaccel_sd,19.5,0.51
0.4,100,True,3.5622664148365564,134,oaccel_sd,19.5,0.51
0.6,100,True,3.562266414837743,134,oaccel_sd,19.5,0.51
0.8,100,True,3.562266414838846,134,oaccel_sd,19.5,0.51
1.0,100,True,3.562266414839913,134,oaccel_sd,19.5,0.51
0.4,30,True,3.5622664145409946,114,oaccel_sis,19.5,0.51
0.6,30,True,3.562266414238932,116,oaccel_sis,19.5,0.51
0.8,30,True,3.562266415915245,104,oaccel_sis,19.5,0.51
1.0,30,True,3.5622664154108348,102,oaccel_sis,19.5,0.51
0.4,50,True,3.562266414877417,100,oaccel_sis,19.5,0.51
0.6,50,True,3.5622664151309253,94,oaccel_sis,19.5,0.51
0.8,50,True,3.5622664150971524,92,oaccel_sis,19.5,0.51
1.0,50,True,3.562266415254829,92,oaccel_sis,19.5,0.51
0.4,80,True,3.562266414877417,100,oaccel_sis,19.5,0.51
0.6,80,True,3.5622664151309253,94,oaccel_sis,19.5,0.51
0.8,80,True,3.5622664150971524,92,oaccel_sis,19.5,0.51
1.0,80,True,3.562266415254829,92,oaccel_sis,19.5,0.51
0.4,100,True,3.562266414877417,100,oaccel_sis,19.5,0.51
0.6,100,True,3.5622664151309253,94,oaccel_sis,19.5,0.51
0.8,100,True,3.5622664150971524,92,oaccel_sis,19.5,0.51
1.0,100,True,3.562266415254829,92,oaccel_sis,19.5,0.51
0.2,0,True,3.562266414801626,396,sd,19.5,0.51
0.3,0,True,3.562266414805181,263,sd,19.5,0.51
0.4,0,True,3.562266414816899,197,sd,19.5,0.51
0.5,0,False,4.206376812653678,3000,sd,19.5,0.51
0.4,0,True,3.5622664148060963,360,sis,19.5,0.51
0.6,0,True,3.562266414834805,294,sis,19.5,0.51
0.8,0,True,3.5622664149117247,261,sis,19.5,0.51
1.0,0,True,3.5622664148794767,241,sis,19.5,0.51
0.4,30,True,3.5622664145818925,57,anderson_etd,19.5,0.52
0.6,30,True,3.5622664153410675,54,anderson_etd,19.5,0.52
0.8,30,True,3.5622664151832364,53,anderson_etd,19.5,0.52
1.0,30,True,3.56226641465023,51,anderson_etd,19.5,0.52
0.4,50,True,3.562266415681817,56,anderson_etd,19.5,0.52
0.6,50,True,3.562266414188992,54,anderson_etd,19.5,0.52
0.8,50,True,3.562266414509516,52,anderson_etd,19.5,0.52
1.0,50,True,3.562266415906011,51,anderson_etd,19.5,0.52
0.4,80,True,3.5622664179530057,57,anderson_etd,19.5,0.52
0.6,80,True,3.5622664147562477,54,anderson_etd,19.5,0.52
0.8,80,True,3.5622664145069827,52,anderson_etd,19.5,0.52
1.0,80,True,3.562266415906011,51,anderson_etd,19.5,0.52
0.4,100,True,3.5622664179530057,57,anderson_etd,19.5,0.52
0.6,100,True,3.5622664147562477,54,anderson_etd,19.5,0.52
0.8,100,True,3.5622664145069827,52,anderson_etd,19.5,0.52
1.0,100,True,3.562266415906011,51,anderson_etd,19.5,0.52
0.4,30,True,3.562266414493201,71,anderson_sd,19.5,0.52
0.6,30,True,3.562266413950072,73,anderson_sd,19.5,0.52
0.8,30,True,3.562266413879164,73,anderson_sd,19.5,0.52
1.0,30,True,3.5622664152704164,74,anderson_sd,19.5,0.52
0.4,50,True,3.562266414378268,69,anderson_sd,19.5,0.52
0.6,50,True,3.562266415245753,70,anderson_sd,19.5,0.52
0.8,50,True,3.562266415230316,70,anderson_sd,19.5,0.52
1.0,50,True,3.562266414419576,71,anderson_sd,19.5,0.52
0.4,80,True,3.5622664155661896,69,anderson_sd,19.5,0.52
0.6,80,True,3.562266414335965,70,anderson_sd,19.5,0.52
0.8,80,True,3.5622664135892794,70,anderson_sd,19.5,0.52
1.0,80,True,3.562266414611164,71,anderson_sd,19.5,0.52
0.4,100,True,3.5622664155661896,69,anderson_sd,19.5,0.52
0.6,100,True,3.562266414335965,70,anderson_sd,19.5,0.52
0.8,100,True,3.5622664135892794,70,anderson_sd,19.5,0.52
1.0,100,True,3.562266414611164,71,anderson_sd,19.5,0.52
0.4,30,True,3.562266415028084,63,anderson_sis,19.5,0.52
0.6,30,True,3.5622664151399066,59,anderson_sis,19.5,0.52
0.8,30,True,3.562266415566759,57,anderson_sis,19.5,0.52
1.0,30,True,3.5622664148862304,56,anderson_sis,19.5,0.52
0.4,50,True,3.562266413715114,60,anderson_sis,19.5,0.52
0.6,50,True,3.56226641401786,58,anderson_sis,19.5,0.52
0.8,50,True,3.56226641452082,56,anderson_sis,19.5,0.52
1.0,50,True,3.562266414494977,56,anderson_sis,19.5,0.52
0.4,80,True,3.5622664159725907,63,anderson_sis,19.5,0.52
0.6,80,True,3.5622664161169544,58,anderson_sis,19.5,0.52
0.8,80,True,3.562266414124124,56,anderson_sis,19.5,0.52
1.0,80,True,3.5622664140688816,56,anderson_sis,19.5,0.52
0.4,100,True,3.5622664159725907,63,anderson_sis,19.5,0.52
0.6,100,True,3.5622664161169544,58,anderson_sis,19.5,0.52
0.8,100,True,3.562266414124124,56,anderson_sis,19.5,0.52
1.0,100,True,3.5622664140688816,56,anderson_sis,19.5,0.52
0.4,0,True,3.562266414894151,254,etd,19.5,0.52
0.6,0,True,3.5622664172012524,193,etd,19.5,0.52
0.8,0,True,3.562266417168324,199,etd,19.5,0.52
1.0,0,True,3.562266412559921,217,etd,19.5,0.52
0.4,30,True,3.56226641540135,99,ngmres_etd,19.5,0.52
0.6,30,True,3.5622664166368674,95,ngmres_etd,19.5,0.52
0.8,30,True,3.5622664156384207,95,ngmres_etd,19.5,0.52
1.0,30,True,3.562266416566488,93,ngmres_etd,19.5,0.52
0.4,50,True,3.562266415488801,95,ngmres_etd,19.5,0.52
0.6,50,True,3.562266415557885,93,ngmres_etd,19.5,0.52
0.8,50,True,3.5622664158651194,91,ngmres_etd,19.5,0.52
1.0,50,True,3.5622664155157877,89,ngmres_etd,19.5,0.52
0.4,80,True,3.562266415488801,95,ngmres_etd,19.5,0.52
0.6,80,True,3.562266415557885,93,ngmres_etd,19.5,0.52
0.8,80,True,3.5622664158651194,91,ngmres_etd,19.5,0.52
1.0,80,True,3.5622664155157877,89,ngmres_etd,19.5,0.52
0.4,100,True,3.562266415488801,95,ngmres_etd,19.5,0.52
0.6,100,True,3.562266415557885,93,ngmres_etd,19.5,0.52
0.8,100,True,3.5622664158651194,91,ngmres_etd,19.5,0.52
1.0,100,True,3.5622664155157877,89,ngmres_etd,19.5,0.52
0.4,30,True,3.5622664149027115,137,ngmres_sd,19.5,0.52
0.6,30,True,3.562266414892682,137,ngmres_sd,19.5,0.52
0.8,30,True,3.56226641488598,137,ngmres_sd,19.5,0.52
1.0,30,True,3.5622664148841405,137,ngmres_sd,19.5,0.52
0.4,50,True,3.5622664144372065,133,ngmres_sd,19.5,0.52
0.6,50,True,3.5622664144380654,133,ngmres_sd,19.5,0.52
0.8,50,True,3.562266414439658,133,ngmres_sd,19.5,0.52
1.0,50,True,3.5622664144425125,133,ngmres_sd,19.5,0.52
0.4,80,True,3.562266414736654,131,ngmres_sd,19.5,0.52
0.6,80,True,3.562266414736777,131,ngmres_sd,19.5,0.52
0.8,80,True,3.5622664147367704,131,ngmres_sd,19.5,0.52
1.0,80,True,3.5622664147366345,131,ngmres_sd,19.5,0.52
0.4,100,True,3.562266414736654,131,ngmres_sd,19.5,0.52
0.6,100,True,3.562266414736777,131,ngmres_sd,19.5,0.52
0.8,100,True,3.5622664147367704,131,ngmres_sd,19.5,0.52
1.0,100,True,3.5622664147366345,131,ngmres_sd,19.5,0.52
0.4,30,True,3.562266415059086,97,ngmres_sis,19.5,0.52
0.6,30,True,3.562266415060667,93,ngmres_sis,19.5,0.52
0.8,30,True,3.562266414439284,93,ngmres_sis,19.5,0.52
1.0,30,True,3.56226641541584,93,ngmres_sis,19.5,0.52
0.4,50,True,3.562266415375854,95,ngmres_sis,19.5,0.52
0.6,50,True,3.5622664156127604,91,ngmres_sis,19.5,0.52
0.8,50,True,3.562266415735074,89,ngmres_sis,19.5,0.52
1.0,50,True,3.562266415769733,89,ngmres_sis,19.5,0.52
0.4,80,True,3.562266415375854,95,ngmres_sis,19.5,0.52
0.6,80,True,3.5622664156127604,91,ngmres_sis,19.5,0.52
0.8,80,True,3.562266415735074,89,ngmres_sis,19.5,0.52
1.0,80,True,3.562266415769733,89,ngmres_sis,19.5,0.52
0.4,100,True,3.562266415375854,95,ngmres_sis,19.5,0.52
0.6,100,True,3.5622664156127604,91,ngmres_sis,19.5,0.52
0.8,100,True,3.562266415735074,89,ngmres_sis,19.5,0.52
1.0,100,True,3.562266415769733,89,ngmres_sis,19.5,0.52
0.4,30,True,3.5622664161158086,120,oaccel_etd,19.5,0.52
0.6,30,True,3.562266416422175,120,oaccel_etd,19.5,0.52
0.8,30,True,3.562266414944543,120,oaccel_etd,19.5,0.52
1.0,30,True,3.5622664162696047,122,oaccel_etd,19.5,0.52
0.4,50,True,3.562266415386935,102,oaccel_etd,19.5,0.52
0.6,50,True,3.562266414398019,100,oaccel_etd,19.5,0.52
0.8,50,True,3.5622664154320365,100,oaccel_etd,19.5,0.52
1.0,50,True,3.562266414342385,100,oaccel_etd,19.5,0.52
0.4,80,True,3.562266415386935,102,oaccel_etd,19.5,0.52
0.6,80,True,3.562266414398019,100,oaccel_etd,19.5,0.52
0.8,80,True,3.5622664154320365,100,oaccel_etd,19.5,0.52
1.0,80,True,3.562266414342385,100,oaccel_etd,19.5,0.52
0.4,100,True,3.562266415386935,102,oaccel_etd,19.5,0.52
0.6,100,True,3.562266414398019,100,oaccel_etd,19.5,0.52
0.8,100,True,3.5622664154320365,100,oaccel_etd,19.5,0.52
1.0,100,True,3.562266414342385,100,oaccel_etd,19.5,0.52
0.4,30,True,3.562266413301168,238,oaccel_sd,19.5,0.52
0.6,30,True,3.5622664148521395,304,oaccel_sd,19.5,0.52
0.8,30,True,3.562266413773425,244,oaccel_sd,19.5,0.52
1.0,30,True,3.562266413450918,222,oaccel_sd,19.5,0.52
0.4,50,True,3.562266415892976,158,oaccel_sd,19.5,0.52
0.6,50,True,3.562266415948626,158,oaccel_sd,19.5,0.52
0.8,50,True,3.5622664156410675,158,oaccel_sd,19.5,0.52
1.0,50,True,3.562266415471228,158,oaccel_sd,19.5,0.52
0.4,80,True,3.5622664148378886,142,oaccel_sd,19.5,0.52
0.6,80,True,3.5622664148354906,142,oaccel_sd,19.5,0.52
0.8,80,True,3.5622664148332834,142,oaccel_sd,19.5,0.52
1.0,80,True,3.562266414831221,142,oaccel_sd,19.5,0.52
0.4,100,True,3.5622664148378886,142,oaccel_sd,19.5,0.52
0.6,100,True,3.5622664148354906,142,oaccel_sd,19.5,0.52
0.8,100,True,3.5622664148332834,142,oaccel_sd,19.5,0.52
1.0,100,True,3.562266414831221,142,oaccel_sd,19.5,0.52
0.4,30,True,3.5622664150635392,126,oaccel_sis,19.5,0.52
0.6,30,True,3.562266414002893,116,oaccel_sis,19.5,0.52
0.8,30,True,3.5622664150291845,118,oaccel_sis,19.5,0.52
1.0,30,True,3.5622664131309385,118,oaccel_sis,19.5,0.52
0.4,50,True,3.56226641530887,102,oaccel_sis,19.5,0.52
0.6,50,True,3.56226641501146,100,oaccel_sis,19.5,0.52
0.8,50,True,3.562266415584824,98,oaccel_sis,19.5,0.52
1.0,50,True,3.562266415395614,96,oaccel_sis,19.5,0.52
0.4,80,True,3.56226641530887,102,oaccel_sis,19.5,0.52
0.6,80,True,3.56226641501146,100,oaccel_sis,19.5,0.52
0.8,80,True,3.562266415584824,98,oaccel_sis,19.5,0.52
1.0,80,True,3.562266415395614,96,oaccel_sis,19.5,0.52
0.4,100,True,3.56226641530887,102,oaccel_sis,19.5,0.52
0.6,100,True,3.56226641501146,100,oaccel_sis,19.5,0.52
0.8,100,True,3.562266415584824,98,oaccel_sis,19.5,0.52
1.0,100,True,3.562266415395614,96,oaccel_sis,19.5,0.52
0.2,0,True,3.562266414895517,418,sd,19.5,0.52
0.3,0,True,3.562266414894623,277,sd,19.5,0.52
0.4,0,True,3.562266414895223,207,sd,19.5,0.52
0.5,0,False,4.56443692104158,3000,sd,19.5,0.52
0.4,0,True,3.562266414898823,379,sis,19.5,0.52
0.6,0,True,3.5622664148866257,309,sis,19.5,0.52
0.8,0,True,3.562266414837312,275,sis,19.5,0.52
1.0,0,True,3.562266414839664,254,sis,19.5,0.52
0.4,30,True,3.5622664149194847,60,anderson_etd,19.5,0.53
0.6,30,True,3.5622664154760404,55,anderson_etd,19.5,0.53
0.8,30,True,3.5622664156818304,54,anderson_etd,19.5,0.53
1.0,30,True,3.562266415558395,53,anderson_etd,19.5,0.53
0.4,50,True,3.562266414178394,58,anderson_etd,19.5,0.53
0.6,50,True,3.5622664151244035,54,anderson_etd,19.5,0.53
0.8,50,True,3.562266418239375,53,anderson_etd,19.5,0.53
1.0,50,True,3.562266417450612,52,anderson_etd,19.5,0.53
0.4,80,True,3.5622664167055245,61,anderson_etd,19.5,0.53
0.6,80,True,3.562266415795352,55,anderson_etd,19.5,0.53
0.8,80,True,3.562266415581181,54,anderson_etd,19.5,0.53
1.0,80,True,3.562266417476799,52,anderson_etd,19.5,0.53
0.4,100,True,3.5622664167055245,61,anderson_etd,19.5,0.53
0.6,100,True,3.562266415795352,55,anderson_etd,19.5,0.53
0.8,100,True,3.562266415581181,54,anderson_etd,19.5,0.53
1.0,100,True,3.562266417476799,52,anderson_etd,19.5,0.53
0.4,30,True,3.5622664141945384,73,anderson_sd,19.5,0.53
0.6,30,True,3.562266415059282,74,anderson_sd,19.5,0.53
0.8,30,True,3.562266414402867,75,anderson_sd,19.5,0.53
1.0,30,True,3.5622664160863806,76,anderson_sd,19.5,0.53
0.4,50,True,3.5622664156558947,70,anderson_sd,19.5,0.53
0.6,50,True,3.5622664149253414,72,anderson_sd,19.5,0.53
0.8,50,True,3.5622664149472483,72,anderson_sd,19.5,0.53
1.0,50,True,3.5622664151421555,73,anderson_sd,19.5,0.53
0.4,80,True,3.5622664143454346,70,anderson_sd,19.5,0.53
0.6,80,True,3.562266416100889,72,anderson_sd,19.5,0.53
0.8,80,True,3.562266414789286,72,anderson_sd,19.5,0.53
1.0,80,True,3.562266415154256,73,anderson_sd,19.5,0.53
0.4,100,True,3.5622664143454346,70,anderson_sd,19.5,0.53
0.6,100,True,3.562266416100889,72,anderson_sd,19.5,0.53
0.8,100,True,3.562266414789286,72,anderson_sd,19.5,0.53
1.0,100,True,3.562266415154256,73,anderson_sd,19.5,0.53
0.4,30,True,3.5622664149576657,64,anderson_sis,19.5,0.53
0.6,30,True,3.5622664151032195,59,anderson_sis,19.5,0.53
0.8,30,True,3.5622664151441708,58,anderson_sis,19.5,0.53
1.0,30,True,3.562266416007744,57,anderson_sis,19.5,0.53
0.4,50,True,3.562266414748099,61,anderson_sis,19.5,0.53
0.6,50,True,3.5622664146783007,59,anderson_sis,19.5,0.53
0.8,50,True,3.5622664142879,57,anderson_sis,19.5,0.53
1.0,50,True,3.5622664161591797,55,anderson_sis,19.5,0.53
0.4,80,True,3.5622664153425925,64,anderson_sis,19.5,0.53
0.6,80,True,3.562266414616878,61,anderson_sis,19.5,0.53
0.8,80,True,3.5622664157597246,60,anderson_sis,19.5,0.53
1.0,80,True,3.562266416987314,59,anderson_sis,19.5,0.53
0.4,100,True,3.5622664153425925,64,anderson_sis,19.5,0.53
0.6,100,True,3.562266414616878,61,anderson_sis,19.5,0.53
0.8,100,True,3.5622664157597246,60,anderson_sis,19.5,0.53
1.0,100,True,3.562266416987314,59,anderson_sis,19.5,0.53
0.4,0,True,3.5622664150631405,264,etd,19.5,0.53
0.6,0,True,3.5622664131280937,200,etd,19.5,0.53
0.8,0,True,3.562266412745899,206,etd,19.5,0.53
1.0,0,True,3.562266418449357,223,etd,19.5,0.53
0.4,30,True,3.5622664147620986,103,ngmres_etd,19.5,0.53
0.6,30,True,3.562266416115328,97,ngmres_etd,19.5,0.53
0.8,30,True,3.562266416845804,97,ngmres_etd,19.5,0.53
1.0,30,True,3.562266416989276,97,ngmres_etd,19.5,0.53
0.4,50,True,3.562266415589466,99,ngmres_etd,19.5,0.53
0.6,50,True,3.562266415989223,95,ngmres_etd,19.5,0.53
0.8,50,True,3.5622664158635446,93,ngmres_etd,19.5,0.53
1.0,50,True,3.562266416210221,91,ngmres_etd,19.5,0.53
0.4,80,True,3.562266415589466,99,ngmres_etd,19.5,0.53
0.6,80,True,3.562266415989223,95,ngmres_etd,19.5,0.53
0.8,80,True,3.5622664158635446,93,ngmres_etd,19.5,0.53
1.0,80,True,3.562266416210221,91,ngmres_etd,19.5,0.53
0.4,100,True,3.562266415589466,99,ngmres_etd,19.5,0.53
0.6,100,True,3.562266415989223,95,ngmres_etd,19.5,0.53
0.8,100,True,3.5622664158635446,93,ngmres_etd,19.5,0.53
1.0,100,True,3.562266416210221,91,ngmres_etd,19.5,0.53
0.4,30,True,3.5622664151276053,139,ngmres_sd,19.5,0.53
0.6,30,True,3.562266415161268,139,ngmres_sd,19.5,0.53
0.8,30,True,3.5622664151744443,139,ngmres_sd,19.5,0.53
1.0,30,True,3.56226641515136,139,ngmres_sd,19.5,0.53
0.4,50,True,3.5622664148367047,135,ngmres_sd,19.5,0.53
0.6,50,True,3.562266414832724,135,ngmres_sd,19.5,0.53
0.8,50,True,3.562266414818067,135,ngmres_sd,19.5,0.53
1.0,50,True,3.562266414780556,135,ngmres_sd,19.5,0.53
0.4,80,True,3.562266415218139,135,ngmres_sd,19.5,0.53
0.6,80,True,3.562266415218901,135,ngmres_sd,19.5,0.53
0.8,80,True,3.562266415219204,135,ngmres_sd,19.5,0.53
1.0,80,True,3.562266415218642,135,ngmres_sd,19.5,0.53
0.4,100,True,3.562266415218139,135,ngmres_sd,19.5,0.53
0.6,100,True,3.562266415218901,135,ngmres_sd,19.5,0.53
0.8,100,True,3.562266415219204,135,ngmres_sd,19.5,0.53
1.0,100,True,3.562266415218642,135,ngmres_sd,19.5,0.53
0.4,30,True,3.562266415571484,101,ngmres_sis,19.5,0.53
0.6,30,True,3.562266415481828,97,ngmres_sis,19.5,0.53
0.8,30,True,3.5622664155324517,95,ngmres_sis,19.5,0.53
1.0,30,True,3.562266416185275,93,ngmres_sis,19.5,0.53
0.4,50,True,3.5622664154195256,99,ngmres_sis,19.5,0.53
0.6,50,True,3.56226641553811,93,ngmres_sis,19.5,0.53
0.8,50,True,3.5622664159115063,91,ngmres_sis,19.5,0.53
1.0,50,True,3.5622664155349533,91,ngmres_sis,19.5,0.53
0.4,80,True,3.5622664154195256,99,ngmres_sis,19.5,0.53
0.6,80,True,3.56226641553811,93,ngmres_sis,19.5,0.53
0.8,80,True,3.5622664159115063,91,ngmres_sis,19.5,0.53
1.0,80,True,3.5622664155349533,91,ngmres_sis,19.5,0.53
0.4,100,True,3.5622664154195256,99,ngmres_sis,19.5,0.53
0.6,100,True,3.56226641553811,93,ngmres_sis,19.5,0.53
0.8,100,True,3.5622664159115063,91,ngmres_sis,19.5,0.53
1.0,100,True,3.5622664155349533,91,ngmres_sis,19.5,0.53
0.4,30,True,3.562266414697405,128,oaccel_etd,19.5,0.53
0.6,30,True,3.562266416423606,126,oaccel_etd,19.5,0.53
0.8,30,True,3.5622664152441725,124,oaccel_etd,19.5,0.53
1.0,30,True,3.562266414349038,120,oaccel_etd,19.5,0.53
0.4,50,True,3.562266414380206,110,oaccel_etd,19.5,0.53
0.6,50,True,3.562266415158289,102,oaccel_etd,19.5,0.53
0.8,50,True,3.562266414931747,100,oaccel_etd,19.5,0.53
1.0,50,True,3.5622664151519263,100,oaccel_etd,19.5,0.53
0.4,80,True,3.5622664153534167,108,oaccel_etd,19.5,0.53
0.6,80,True,3.562266415158289,102,oaccel_etd,19.5,0.53
0.8,80,True,3.562266414931747,100,oaccel_etd,19.5,0.53
1.0,80,True,3.5622664151519263,100,oaccel_etd,19.5,0.53
0.4,100,True,3.5622664153534167,108,oaccel_etd,19.5,0.53
0.6,100,True,3.562266415158289,102,oaccel_etd,19.5,0.53
0.8,100,True,3.562266414931747,100,oaccel_etd,19.5,0.53
1.0,100,True,3.5622664151519263,100,oaccel_etd,19.5,0.53
0.4,30,True,3.562266414335639,312,oaccel_sd,19.5,0.53
0.6,30,True,3.562266416400342,248,oaccel_sd,19.5,0.53
0.8,30,True,3.562266415066865,276,oaccel_sd,19.5,0.53
1.0,30,True,3.5622664154737347,246,oaccel_sd,19.5,0.53
0.4,50,True,3.562266413938108,160,oaccel_sd,19.5,0.53
0.6,50,True,3.562266415881137,162,oaccel_sd,19.5,0.53
0.8,50,True,3.5622664161154267,164,oaccel_sd,19.5,0.53
1.0,50,True,3.5622664139536244,160,oaccel_sd,19.5,0.53
0.4,80,True,3.5622664153881365,146,oaccel_sd,19.5,0.53
0.6,80,True,3.562266415383924,146,oaccel_sd,19.5,0.53
0.8,80,True,3.562266415377919,146,oaccel_sd,19.5,0.53
1.0,80,True,3.5622664148024725,148,oaccel_sd,19.5,0.53
0.4,100,True,3.5622664153881365,146,oaccel_sd,19.5,0.53
0.6,100,True,3.562266415383924,146,oaccel_sd,19.5,0.53
0.8,100,True,3.562266415377919,146,oaccel_sd,19.5,0.53
1.0,100,True,3.5622664148024725,148,oaccel_sd,19.5,0.53
0.4,30,True,3.5622664162385584,130,oaccel_sis,19.5,0.53
0.6,30,True,3.5622664156320853,122,oaccel_sis,19.5,0.53
0.8,30,True,3.562266414265908,122,oaccel_sis,19.5,0.53
1.0,30,True,3.562266415796985,116,oaccel_sis,19.5,0.53
0.4,50,True,3.562266414102469,106,oaccel_sis,19.5,0.53
0.6,50,True,3.5622664143971727,102,oaccel_sis,19.5,0.53
0.8,50,True,3.5622664144634197,100,oaccel_sis,19.5,0.53
1.0,50,True,3.5622664143788336,100,oaccel_sis,19.5,0.53
0.4,80,True,3.5622664148378265,106,oaccel_sis,19.5,0.53
0.6,80,True,3.5622664143971727,102,oaccel_sis,19.5,0.53
0.8,80,True,3.5622664144634197,100,oaccel_sis,19.5,0.53
1.0,80,True,3.5622664143788336,100,oaccel_sis,19.5,0.53
0.4,100,True,3.5622664148378265,106,oaccel_sis,19.5,0.53
0.6,100,True,3.5622664143971727,102,oaccel_sis,19.5,0.53
0.8,100,True,3.5622664144634197,100,oaccel_sis,19.5,0.53
1.0,100,True,3.5622664143788336,100,oaccel_sis,19.5,0.53
0.2,0,True,3.562266415066272,436,sd,19.5,0.53
0.3,0,True,3.5622664150655803,289,sd,19.5,0.53
0.4,0,True,3.5622664150678838,216,sd,19.5,0.53
0.5,0,False,4.290442576006099,3000,sd,19.5,0.53
0.4,0,True,3.5622664150683123,395,sis,19.5,0.53
0.6,0,True,3.562266415080764,322,sis,19.5,0.53
0.8,0,True,3.562266415106237,286,sis,19.5,0.53
1.0,0,True,3.5622664150353858,264,sis,19.5,0.53
0.4,30,True,3.5622664148729184,62,anderson_etd,19.5,0.54
0.6,30,True,3.562266414997077,57,anderson_etd,19.5,0.54
0.8,30,True,3.562266415391768,55,anderson_etd,19.5,0.54
1.0,30,True,3.5622664155585357,54,anderson_etd,19.5,0.54
0.4,50,True,3.5622664139734725,60,anderson_etd,19.5,0.54
0.6,50,True,3.5622664157884607,57,anderson_etd,19.5,0.54
0.8,50,True,3.562266415567602,55,anderson_etd,19.5,0.54
1.0,50,True,3.56226641765761,54,anderson_etd,19.5,0.54
0.4,80,True,3.562266415405884,63,anderson_etd,19.5,0.54
0.6,80,True,3.5622664126100334,58,anderson_etd,19.5,0.54
0.8,80,True,3.5622664157120028,55,anderson_etd,19.5,0.54
1.0,80,True,3.5622664173256293,54,anderson_etd,19.5,0.54
0.4,100,True,3.562266415405884,63,anderson_etd,19.5,0.54
0.6,100,True,3.5622664126100334,58,anderson_etd,19.5,0.54
0.8,100,True,3.5622664157120028,55,anderson_etd,19.5,0.54
1.0,100,True,3.5622664173256293,54,anderson_etd,19.5,0.54
0.4,30,True,3.562266414194542,76,anderson_sd,19.5,0.54
0.6,30,True,3.5622664149428784,77,anderson_sd,19.5,0.54
0.8,30,True,3.562266414778847,78,anderson_sd,19.5,0.54
1.0,30,True,3.5622664154635952,79,anderson_sd,19.5,0.54
0.4,50,True,3.562266415317944,73,anderson_sd,19.5,0.54
0.6,50,True,3.5622664142937213,74,anderson_sd,19.5,0.54
0.8,50,True,3.562266414947107,75,anderson_sd,19.5,0.54
1.0,50,True,3.5622664156015693,77,anderson_sd,19.5,0.54
0.4,80,True,3.5622664151919228,73,anderson_sd,19.5,0.54
0.6,80,True,3.562266415760207,74,anderson_sd,19.5,0.54
0.8,80,True,3.5622664140144806,74,anderson_sd,19.5,0.54
1.0,80,True,3.5622664148444105,76,anderson_sd,19.5,0.54
0.4,100,True,3.5622664151919228,73,anderson_sd,19.5,0.54
0.6,100,True,3.562266415760207,74,anderson_sd,19.5,0.54
0.8,100,True,3.5622664140144806,74,anderson_sd,19.5,0.54
1.0,100,True,3.5622664148444105,76,anderson_sd,19.5,0.54
0.4,30,True,3.5622664153014894,68,anderson_sis,19.5,0.54
0.6,30,True,3.562266415133209,64,anderson_sis,19.5,0.54
0.8,30,True,3.562266415669291,61,anderson_sis,19.5,0.54
1.0,30,True,3.5622664149724947,60,anderson_sis,19.5,0.54
0.4,50,True,3.5622664142977234,64,anderson_sis,19.5,0.54
0.6,50,True,3.5622664144091223,61,anderson_sis,19.5,0.54
0.8,50,True,3.562266414846433,59,anderson_sis,19.5,0.54
1.0,50,True,3.562266415659044,58,anderson_sis,19.5,0.54
0.4,80,True,3.5622664173729195,66,anderson_sis,19.5,0.54
0.6,80,True,3.562266417389168,64,anderson_sis,19.5,0.54
0.8,80,True,3.562266417385805,62,anderson_sis,19.5,0.54
1.0,80,True,3.562266414462287,59,anderson_sis,19.5,0.54
0.4,100,True,3.5622664173729195,66,anderson_sis,19.5,0.54
0.6,100,True,3.562266417389168,64,anderson_sis,19.5,0.54
0.8,100,True,3.562266417385805,62,anderson_sis,19.5,0.54
1.0,100,True,3.562266414462287,59,anderson_sis,19.5,0.54
0.4,0,True,3.562266414928458,272,etd,19.5,0.54
0.6,0,True,3.5622664135932496,203,etd,19.5,0.54
0.8,0,True,3.5622664118391363,206,etd,19.5,0.54
1.0,0,True,3.562266414615536,232,etd,19.5,0.54
0.4,30,True,3.562266415967758,109,ngmres_etd,19.5,0.54
0.6,30,True,3.5622664142761518,103,ngmres_etd,19.5,0.54
0.8,30,True,3.5622664155421013,101,ngmres_etd,19.5,0.54
1.0,30,True,3.5622664161631894,101,ngmres_etd,19.5,0.54
0.4,50,True,3.5622664149283443,103,ngmres_etd,19.5,0.54
0.6,50,True,3.5622664152295336,97,ngmres_etd,19.5,0.54
0.8,50,True,3.5622664155192627,95,ngmres_etd,19.5,0.54
1.0,50,True,3.562266416005567,95,ngmres_etd,19.5,0.54
0.4,80,True,3.562266414927332,103,ngmres_etd,19.5,0.54
0.6,80,True,3.5622664152295336,97,ngmres_etd,19.5,0.54
0.8,80,True,3.5622664155192627,95,ngmres_etd,19.5,0.54
1.0,80,True,3.562266416005567,95,ngmres_etd,19.5,0.54
0.4,100,True,3.562266414927332,103,ngmres_etd,19.5,0.54
0.6,100,True,3.5622664152295336,97,ngmres_etd,19.5,0.54
0.8,100,True,3.5622664155192627,95,ngmres_etd,19.5,0.54
1.0,100,True,3.562266416005567,95,ngmres_etd,19.5,0.54
0.4,30,True,3.5622664150716625,149,ngmres_sd,19.5,0.54
0.6,30,True,3.5622664147926644,149,ngmres_sd,19.5,0.54
0.8,30,True,3.56226641401164,149,ngmres_sd,19.5,0.54
1.0,30,True,3.5622664141712024,149,ngmres_sd,19.5,0.54
0.4,50,True,3.562266414961619,141,ngmres_sd,19.5,0.54
0.6,50,True,3.56226641478992,141,ngmres_sd,19.5,0.54
0.8,50,True,3.5622664147192,141,ngmres_sd,19.5,0.54
1.0,50,True,3.5622664150075307,141,ngmres_sd,19.5,0.54
0.4,80,True,3.562266414848376,139,ngmres_sd,19.5,0.54
0.6,80,True,3.562266414852079,139,ngmres_sd,19.5,0.54
0.8,80,True,3.5622664148564684,139,ngmres_sd,19.5,0.54
1.0,80,True,3.5622664148558147,139,ngmres_sd,19.5,0.54
0.4,100,True,3.562266414848376,139,ngmres_sd,19.5,0.54
0.6,100,True,3.562266414852079,139,ngmres_sd,19.5,0.54
0.8,100,True,3.5622664148564684,139,ngmres_sd,19.5,0.54
1.0,100,True,3.5622664148558147,139,ngmres_sd,19.5,0.54
0.4,30,True,3.562266415240241,105,ngmres_sis,19.5,0.54
0.6,30,True,3.5622664146897645,101,ngmres_sis,19.5,0.54
0.8,30,True,3.562266414904462,97,ngmres_sis,19.5,0.54
1.0,30,True,3.5622664152248955,97,ngmres_sis,19.5,0.54
0.4,50,True,3.56226641480539,101,ngmres_sis,19.5,0.54
0.6,50,True,3.5622664153243333,97,ngmres_sis,19.5,0.54
0.8,50,True,3.5622664155380743,95,ngmres_sis,19.5,0.54
1.0,50,True,3.562266415670165,95,ngmres_sis,19.5,0.54
0.4,80,True,3.5622664148298826,101,ngmres_sis,19.5,0.54
0.6,80,True,3.5622664153243333,97,ngmres_sis,19.5,0.54
0.8,80,True,3.5622664155380743,95,ngmres_sis,19.5,0.54
1.0,80,True,3.562266415670165,95,ngmres_sis,19.5,0.54
0.4,100,True,3.5622664148298826,101,ngmres_sis,19.5,0.54
0.6,100,True,3.5622664153243333,97,ngmres_sis,19.5,0.54
0.8,100,True,3.5622664155380743,95,ngmres_sis,19.5,0.54
1.0,100,True,3.562266415670165,95,ngmres_sis,19.5,0.54
0.4,30,True,3.5622664121719163,136,oaccel_etd,19.5,0.54
0.6,30,True,3.562266414198894,126,oaccel_etd,19.5,0.54
0.8,30,True,3.562266415229653,150,oaccel_etd,19.5,0.54
1.0,30,True,3.562266413767736,126,oaccel_etd,19.5,0.54
0.4,50,True,3.5622664107419304,116,oaccel_etd,19.5,0.54
0.6,50,True,3.562266414157317,106,oaccel_etd,19.5,0.54
0.8,50,True,3.562266414252357,102,oaccel_etd,19.5,0.54
1.0,50,True,3.5622664142972766,100,oaccel_etd,19.5,0.54
0.4,80,True,3.5622664149926706,112,oaccel_etd,19.5,0.54
0.6,80,True,3.562266414202618,106,oaccel_etd,19.5,0.54
0.8,80,True,3.562266414252357,102,oaccel_etd,19.5,0.54
1.0,80,True,3.5622664142972766,100,oaccel_etd,19.5,0.54
0.4,100,True,3.5622664149926706,112,oaccel_etd,19.5,0.54
0.6,100,True,3.562266414202618,106,oaccel_etd,19.5,0.54
0.8,100,True,3.562266414252357,102,oaccel_etd,19.5,0.54
1.0,100,True,3.5622664142972766,100,oaccel_etd,19.5,0.54
0.4,30,True,3.562266415438158,284,oaccel_sd,19.5,0.54
0.6,30,True,3.562266416752747,222,oaccel_sd,19.5,0.54
0.8,30,True,3.5622664153157846,202,oaccel_sd,19.5,0.54
1.0,30,True,3.56226641402612,240,oaccel_sd,19.5,0.54
0.4,50,True,3.562266415266139,174,oaccel_sd,19.5,0.54
0.6,50,True,3.5622664168060707,168,oaccel_sd,19.5,0.54
0.8,50,True,3.562266414027829,172,oaccel_sd,19.5,0.54
1.0,50,True,3.5622664153054338,170,oaccel_sd,19.5,0.54
0.4,80,True,3.562266415441643,152,oaccel_sd,19.5,0.54
0.6,80,True,3.5622664151901544,152,oaccel_sd,19.5,0.54
0.8,80,True,3.562266415426653,152,oaccel_sd,19.5,0.54
1.0,80,True,3.5622664153355164,152,oaccel_sd,19.5,0.54
0.4,100,True,3.562266415441643,152,oaccel_sd,19.5,0.54
0.6,100,True,3.5622664151901544,152,oaccel_sd,19.5,0.54
0.8,100,True,3.562266415426653,152,oaccel_sd,19.5,0.54
1.0,100,True,3.5622664153355164,152,oaccel_sd,19.5,0.54
0.4,30,True,3.5622664157018864,154,oaccel_sis,19.5,0.54
0.6,30,True,3.5622664141497813,134,oaccel_sis,19.5,0.54
0.8,30,True,3.562266415875217,126,oaccel_sis,19.5,0.54
1.0,30,True,3.562266415088532,122,oaccel_sis,19.5,0.54
0.4,50,True,3.562266409100052,116,oaccel_sis,19.5,0.54
0.6,50,True,3.562266415633907,110,oaccel_sis,19.5,0.54
0.8,50,True,3.562266414174223,102,oaccel_sis,19.5,0.54
1.0,50,True,3.562266413889726,100,oaccel_sis,19.5,0.54
0.4,80,True,3.562266414520254,110,oaccel_sis,19.5,0.54
0.6,80,True,3.562266414479621,108,oaccel_sis,19.5,0.54
0.8,80,True,3.562266414174223,102,oaccel_sis,19.5,0.54
1.0,80,True,3.562266413889726,100,oaccel_sis,19.5,0.54
0.4,100,True,3.562266414520254,110,oaccel_sis,19.5,0.54
0.6,100,True,3.562266414479621,108,oaccel_sis,19.5,0.54
0.8,100,True,3.562266414174223,102,oaccel_sis,19.5,0.54
1.0,100,True,3.562266413889726,100,oaccel_sis,19.5,0.54
0.2,0,True,3.5622664149138936,448,sd,19.5,0.54
0.3,0,True,3.562266414917289,298,sd,19.5,0.54
0.4,0,True,3.562266414914653,222,sd,19.5,0.54
0.5,0,False,4.263175902015702,3000,sd,19.5,0.54
0.4,0,True,3.5622664149175343,406,sis,19.5,0.54
0.6,0,True,3.5622664149154586,331,sis,19.5,0.54
0.8,0,True,3.5622664149432257,294,sis,19.5,0.54
1.0,0,True,3.5622664150406003,271,sis,19.5,0.54
0.4,30,True,3.5622664143509075,63,anderson_etd,19.5,0.55
0.6,30,True,3.5622664150053067,57,anderson_etd,19.5,0.55
0.8,30,True,3.56226641558696,56,anderson_etd,19.5,0.55
1.0,30,True,3.562266415789586,55,anderson_etd,19.5,0.55
0.4,50,True,3.56226641490974,60,anderson_etd,19.5,0.55
0.6,50,True,3.5622664144867366,56,anderson_etd,19.5,0.55
0.8,50,True,3.5622664152477714,55,anderson_etd,19.5,0.55
1.0,50,True,3.5622664177409087,54,anderson_etd,19.5,0.55
0.4,80,True,3.562266415110476,61,anderson_etd,19.5,0.55
0.6,80,True,3.5622664138008338,58,anderson_etd,19.5,0.55
0.8,80,True,3.562266416764865,55,anderson_etd,19.5,0.55
1.0,80,True,3.5622664159001864,54,anderson_etd,19.5,0.55
0.4,100,True,3.562266415110476,61,anderson_etd,19.5,0.55
0.6,100,True,3.5622664138008338,58,anderson_etd,19.5,0.55
0.8,100,True,3.562266416764865,55,anderson_etd,19.5,0.55
1.0,100,True,3.5622664159001864,54,anderson_etd,19.5,0.55
0.4,30,True,3.5622664147786773,77,anderson_sd,19.5,0.55
0.6,30,True,3.5622664159866195,77,anderson_sd,19.5,0.55
0.8,30,True,3.5622664147009484,77,anderson_sd,19.5,0.55
1.0,30,True,3.56226641553126,80,anderson_sd,19.5,0.55
0.4,50,True,3.5622664150453858,75,anderson_sd,19.5,0.55
0.6,50,True,3.5622664143741645,75,anderson_sd,19.5,0.55
0.8,50,True,3.56226641474112,76,anderson_sd,19.5,0.55
1.0,50,True,3.562266415160445,77,anderson_sd,19.5,0.55
0.4,80,True,3.562266414889163,74,anderson_sd,19.5,0.55
0.6,80,True,3.562266415034106,74,anderson_sd,19.5,0.55
0.8,80,True,3.562266415200312,75,anderson_sd,19.5,0.55
1.0,80,True,3.5622664147231067,76,anderson_sd,19.5,0.55
0.4,100,True,3.562266414889163,74,anderson_sd,19.5,0.55
0.6,100,True,3.562266415034106,74,anderson_sd,19.5,0.55
0.8,100,True,3.562266415200312,75,anderson_sd,19.5,0.55
1.0,100,True,3.5622664147231067,76,anderson_sd,19.5,0.55
0.4,30,True,3.562266414001643,69,anderson_sis,19.5,0.55
0.6,30,True,3.5622664147202574,63,anderson_sis,19.5,0.55
0.8,30,True,3.562266415497784,61,anderson_sis,19.5,0.55
1.0,30,True,3.5622664142276808,61,anderson_sis,19.5,0.55
0.4,50,True,3.5622664139889477,65,anderson_sis,19.5,0.55
0.6,50,True,3.562266416072294,61,anderson_sis,19.5,0.55
0.8,50,True,3.56226641496861,59,anderson_sis,19.5,0.55
1.0,50,True,3.5622664139209688,59,anderson_sis,19.5,0.55
0.4,80,True,3.5622664182937243,66,anderson_sis,19.5,0.55
0.6,80,True,3.56226641430456,63,anderson_sis,19.5,0.55
0.8,80,True,3.562266413417777,61,anderson_sis,19.5,0.55
1.0,80,True,3.562266413180736,59,anderson_sis,19.5,0.55
0.4,100,True,3.5622664182937243,66,anderson_sis,19.5,0.55
0.6,100,True,3.56226641430456,63,anderson_sis,19.5,0.55
0.8,100,True,3.562266413417777,61,anderson_sis,19.5,0.55
1.0,100,True,3.562266413180736,59,anderson_sis,19.5,0.55
0.4,0,True,3.5622664148752463,277,etd,19.5,0.55
0.6,0,True,3.5622664148776995,205,etd,19.5,0.55
0.8,0,True,3.562266412983032,207,etd,19.5,0.55
1.0,0,True,3.562266411897837,230,etd,19.5,0.55
0.4,30,True,3.5622664154783594,111,ngmres_etd,19.5,0.55
0.6,30,True,3.562266414915753,103,ngmres_etd,19.5,0.55
0.8,30,True,3.562266415562904,101,ngmres_etd,19.5,0.55
1.0,30,True,3.5622664158033857,101,ngmres_etd,19.5,0.55
0.4,50,True,3.56226641498786,105,ngmres_etd,19.5,0.55
0.6,50,True,3.562266414712755,97,ngmres_etd,19.5,0.55
0.8,50,True,3.5622664152837284,95,ngmres_etd,19.5,0.55
1.0,50,True,3.562266415568652,93,ngmres_etd,19.5,0.55
0.4,80,True,3.562266414976304,105,ngmres_etd,19.5,0.55
0.6,80,True,3.562266414712755,97,ngmres_etd,19.5,0.55
0.8,80,True,3.5622664152837284,95,ngmres_etd,19.5,0.55
1.0,80,True,3.562266415568652,93,ngmres_etd,19.5,0.55
0.4,100,True,3.562266414976304,105,ngmres_etd,19.5,0.55
0.6,100,True,3.562266414712755,97,ngmres_etd,19.5,0.55
0.8,100,True,3.5622664152837284,95,ngmres_etd,19.5,0.55
1.0,100,True,3.562266415568652,93,ngmres_etd,19.5,0.55
0.4,30,True,3.5622664134394206,147,ngmres_sd,19.5,0.55
0.6,30,True,3.562266414586558,147,ngmres_sd,19.5,0.55
0.8,30,True,3.562266414076573,149,ngmres_sd,19.5,0.55
1.0,30,True,3.562266414066805,149,ngmres_sd,19.5,0.55
0.4,50,True,3.5622664155270334,143,ngmres_sd,19.5,0.55
0.6,50,True,3.5622664155236405,143,ngmres_sd,19.5,0.55
0.8,50,True,3.562266415646926,143,ngmres_sd,19.5,0.55
1.0,50,True,3.562266415788157,143,ngmres_sd,19.5,0.55
0.4,80,True,3.5622664150042542,141,ngmres_sd,19.5,0.55
0.6,80,True,3.562266415004609,141,ngmres_sd,19.5,0.55
0.8,80,True,3.5622664150089296,141,ngmres_sd,19.5,0.55
1.0,80,True,3.562266415024846,141,ngmres_sd,19.5,0.55
0.4,100,True,3.5622664150042542,141,ngmres_sd,19.5,0.55
0.6,100,True,3.562266415004609,141,ngmres_sd,19.5,0.55
0.8,100,True,3.5622664150089296,141,ngmres_sd,19.5,0.55
1.0,100,True,3.562266415024846,141,ngmres_sd,19.5,0.55
0.4,30,True,3.562266415117951,109,ngmres_sis,19.5,0.55
0.6,30,True,3.562266414414836,103,ngmres_sis,19.5,0.55
0.8,30,True,3.5622664151801304,101,ngmres_sis,19.5,0.55
1.0,30,True,3.562266414931885,97,ngmres_sis,19.5,0.55
0.4,50,True,3.56226641471916,103,ngmres_sis,19.5,0.55
0.6,50,True,3.5622664144463227,99,ngmres_sis,19.5,0.55
0.8,50,True,3.5622664145179925,97,ngmres_sis,19.5,0.55
1.0,50,True,3.562266415099205,93,ngmres_sis,19.5,0.55
0.4,80,True,3.56226641470317,103,ngmres_sis,19.5,0.55
0.6,80,True,3.5622664144463227,99,ngmres_sis,19.5,0.55
0.8,80,True,3.5622664145179925,97,ngmres_sis,19.5,0.55
1.0,80,True,3.562266415099205,93,ngmres_sis,19.5,0.55
0.4,100,True,3.56226641470317,103,ngmres_sis,19.5,0.55
0.6,100,True,3.5622664144463227,99,ngmres_sis,19.5,0.55
0.8,100,True,3.5622664145179925,97,ngmres_sis,19.5,0.55
1.0,100,True,3.562266415099205,93,ngmres_sis,19.5,0.55
0.4,30,True,3.562266416369272,138,oaccel_etd,19.5,0.55
0.6,30,True,3.562266415759426,150,oaccel_etd,19.5,0.55
0.8,30,True,3.5622664142993754,152,oaccel_etd,19.5,0.55
1.0,30,True,3.562266415839457,158,oaccel_etd,19.5,0.55
0.4,50,True,3.5622664154593267,118,oaccel_etd,19.5,0.55
0.6,50,True,3.562266416884225,110,oaccel_etd,19.5,0.55
0.8,50,True,3.562266415633508,104,oaccel_etd,19.5,0.55
1.0,50,True,3.5622664152005283,102,oaccel_etd,19.5,0.55
0.4,80,True,3.562266415131229,112,oaccel_etd,19.5,0.55
0.6,80,True,3.56226641520664,108,oaccel_etd,19.5,0.55
0.8,80,True,3.562266415422376,104,oaccel_etd,19.5,0.55
1.0,80,True,3.5622664152005283,102,oaccel_etd,19.5,0.55
0.4,100,True,3.562266415131229,112,oaccel_etd,19.5,0.55
0.6,100,True,3.56226641520664,108,oaccel_etd,19.5,0.55
0.8,100,True,3.562266415422376,104,oaccel_etd,19.5,0.55
1.0,100,True,3.5622664152005283,102,oaccel_etd,19.5,0.55
0.4,30,True,3.5622664133753403,620,oaccel_sd,19.5,0.55
0.6,30,True,3.5622664156182715,744,oaccel_sd,19.5,0.55
0.8,30,True,3.5622664155781063,396,oaccel_sd,19.5,0.55
1.0,30,True,3.562266414972556,504,oaccel_sd,19.5,0.55
0.4,50,True,3.562266415748073,174,oaccel_sd,19.5,0.55
0.6,50,True,3.562266415415996,174,oaccel_sd,19.5,0.55
0.8,50,True,3.562266415847092,174,oaccel_sd,19.5,0.55
1.0,50,True,3.5622664145343643,176,oaccel_sd,19.5,0.55
0.4,80,True,3.56226641522273,154,oaccel_sd,19.5,0.55
0.6,80,True,3.562266415191636,154,oaccel_sd,19.5,0.55
0.8,80,True,3.56226641519826,154,oaccel_sd,19.5,0.55
1.0,80,True,3.562266415261549,154,oaccel_sd,19.5,0.55
0.4,100,True,3.56226641522273,154,oaccel_sd,19.5,0.55
0.6,100,True,3.562266415191636,154,oaccel_sd,19.5,0.55
0.8,100,True,3.56226641519826,154,oaccel_sd,19.5,0.55
1.0,100,True,3.562266415261549,154,oaccel_sd,19.5,0.55
0.4,30,True,3.562266413176622,140,oaccel_sis,19.5,0.55
0.6,30,True,3.562266415962153,138,oaccel_sis,19.5,0.55
0.8,30,True,3.5622664150363352,122,oaccel_sis,19.5,0.55
1.0,30,True,3.5622664134319573,126,oaccel_sis,19.5,0.55
0.4,50,True,3.562266409294484,116,oaccel_sis,19.5,0.55
0.6,50,True,3.5622664142560927,110,oaccel_sis,19.5,0.55
0.8,50,True,3.562266415250898,104,oaccel_sis,19.5,0.55
1.0,50,True,3.5622664152329597,102,oaccel_sis,19.5,0.55
0.4,80,True,3.562266415200747,112,oaccel_sis,19.5,0.55
0.6,80,True,3.5622664151410675,108,oaccel_sis,19.5,0.55
0.8,80,True,3.562266414829759,104,oaccel_sis,19.5,0.55
1.0,80,True,3.5622664152329597,102,oaccel_sis,19.5,0.55
0.4,100,True,3.562266415200747,112,oaccel_sis,19.5,0.55
0.6,100,True,3.5622664151410675,108,oaccel_sis,19.5,0.55
0.8,100,True,3.562266414829759,104,oaccel_sis,19.5,0.55
1.0,100,True,3.5622664152329597,102,oaccel_sis,19.5,0.55
0.2,0,True,3.562266414872563,456,sd,19.5,0.55
0.3,0,True,3.5622664148749186,303,sd,19.5,0.55
0.4,0,True,3.5622664148745797,226,sd,19.5,0.55
0.5,0,False,4.433189965090002,3000,sd,19.5,0.55
0.4,0,True,3.562266414876495,413,sis,19.5,0.55
0.6,0,True,3.5622664148740206,337,sis,19.5,0.55
0.8,0,True,3.5622664148638323,299,sis,19.5,0.55
1.0,0,True,3.5622664149205407,276,sis,19.5,0.55
0.4,30,True,3.56226641488522,52,anderson_etd,19.5,0.5
0.6,30,True,3.5622664143931564,49,anderson_etd,19.5,0.5
0.8,30,True,3.5622664146488887,46,anderson_etd,19.5,0.5
1.0,30,True,3.562266414173351,45,anderson_etd,19.5,0.5
0.4,50,True,3.5622664153039825,55,anderson_etd,19.5,0.5
0.6,50,True,3.5622664154167376,55,anderson_etd,19.5,0.5
0.8,50,True,3.562266416666713,53,anderson_etd,19.5,0.5
1.0,50,True,3.562266414207045,45,anderson_etd,19.5,0.5
0.4,80,True,3.562266416845536,56,anderson_etd,19.5,0.5
0.6,80,True,3.5622664153671915,55,anderson_etd,19.5,0.5
0.8,80,True,3.562266415740124,53,anderson_etd,19.5,0.5
1.0,80,True,3.562266414207045,45,anderson_etd,19.5,0.5
0.4,100,True,3.562266416845536,56,anderson_etd,19.5,0.5
0.6,100,True,3.5622664153671915,55,anderson_etd,19.5,0.5
0.8,100,True,3.562266415740124,53,anderson_etd,19.5,0.5
1.0,100,True,3.562266414207045,45,anderson_etd,19.5,0.5
0.4,30,True,3.562266414350802,64,anderson_sd,19.5,0.5
0.6,30,True,3.562266415503717,64,anderson_sd,19.5,0.5
0.8,30,True,3.562266415115335,64,anderson_sd,19.5,0.5
1.0,30,True,3.56226641454313,64,anderson_sd,19.5,0.5
0.4,50,True,3.5622664148564835,62,anderson_sd,19.5,0.5
0.6,50,True,3.56226641493745,62,anderson_sd,19.5,0.5
0.8,50,True,3.562266414751072,62,anderson_sd,19.5,0.5
1.0,50,True,3.562266414892058,64,anderson_sd,19.5,0.5
0.4,80,True,3.562266416177096,68,anderson_sd,19.5,0.5
0.6,80,True,3.562266413575231,62,anderson_sd,19.5,0.5
0.8,80,True,3.5622664143469907,64,anderson_sd,19.5,0.5
1.0,80,True,3.562266414444366,65,anderson_sd,19.5,0.5
0.4,100,True,3.562266416177096,68,anderson_sd,19.5,0.5
0.6,100,True,3.562266413575231,62,anderson_sd,19.5,0.5
0.8,100,True,3.5622664143469907,64,anderson_sd,19.5,0.5
1.0,100,True,3.562266414444366,65,anderson_sd,19.5,0.5
0.4,30,True,3.5622664154155848,57,anderson_sis,19.5,0.5
0.6,30,True,3.5622664152168984,54,anderson_sis,19.5,0.5
0.8,30,True,3.56226641508211,52,anderson_sis,19.5,0.5
1.0,30,True,3.562266414424248,52,anderson_sis,19.5,0.5
0.4,50,True,3.5622664187879494,58,anderson_sis,19.5,0.5
0.6,50,True,3.5622664155821244,55,anderson_sis,19.5,0.5
0.8,50,True,3.562266416720143,55,anderson_sis,19.5,0.5
1.0,50,True,3.5622664167753437,55,anderson_sis,19.5,0.5
0.4,80,True,3.5622664141638563,61,anderson_sis,19.5,0.5
0.6,80,True,3.562266414872723,60,anderson_sis,19.5,0.5
0.8,80,True,3.562266412108725,56,anderson_sis,19.5,0.5
1.0,80,True,3.5622664144364826,57,anderson_sis,19.5,0.5
0.4,100,True,3.5622664141638563,61,anderson_sis,19.5,0.5
0.6,100,True,3.562266414872723,60,anderson_sis,19.5,0.5
0.8,100,True,3.562266412108725,56,anderson_sis,19.5,0.5
1.0,100,True,3.5622664144364826,57,anderson_sis,19.5,0.5
0.4,0,True,3.5622664147712677,238,etd,19.5,0.5
0.6,0,True,3.562266415366961,174,etd,19.5,0.5
0.8,0,True,3.562266412656294,160,etd,19.5,0.5
1.0,0,True,3.5622664129107875,175,etd,19.5,0.5
0.4,30,True,3.5622664153483568,93,ngmres_etd,19.5,0.5
0.6,30,True,3.5622664147453227,91,ngmres_etd,19.5,0.5
0.8,30,True,3.562266414411483,95,ngmres_etd,19.5,0.5
1.0,30,True,3.562266416063693,97,ngmres_etd,19.5,0.5
0.4,50,True,3.562266415228107,91,ngmres_etd,19.5,0.5
0.6,50,True,3.5622664152693666,89,ngmres_etd,19.5,0.5
0.8,50,True,3.5622664149947063,91,ngmres_etd,19.5,0.5
1.0,50,True,3.562266414930192,93,ngmres_etd,19.5,0.5
0.4,80,True,3.562266415228107,91,ngmres_etd,19.5,0.5
0.6,80,True,3.5622664152693666,89,ngmres_etd,19.5,0.5
0.8,80,True,3.5622664149947063,91,ngmres_etd,19.5,0.5
1.0,80,True,3.562266414930192,93,ngmres_etd,19.5,0.5
0.4,100,True,3.562266415228107,91,ngmres_etd,19.5,0.5
0.6,100,True,3.5622664152693666,89,ngmres_etd,19.5,0.5
0.8,100,True,3.5622664149947063,91,ngmres_etd,19.5,0.5
1.0,100,True,3.562266414930192,93,ngmres_etd,19.5,0.5
0.4,30,True,3.5622664151902166,121,ngmres_sd,19.5,0.5
0.6,30,True,3.562266415213619,121,ngmres_sd,19.5,0.5
0.8,30,True,3.562266415238903,121,ngmres_sd,19.5,0.5
1.0,30,True,3.562266415265933,121,ngmres_sd,19.5,0.5
0.4,50,True,3.5622664147054994,115,ngmres_sd,19.5,0.5
0.6,50,True,3.56226641471239,115,ngmres_sd,19.5,0.5
0.8,50,True,3.5622664147192307,115,ngmres_sd,19.5,0.5
1.0,50,True,3.5622664147257925,115,ngmres_sd,19.5,0.5
0.4,80,True,3.562266414927911,115,ngmres_sd,19.5,0.5
0.6,80,True,3.562266414927967,115,ngmres_sd,19.5,0.5
0.8,80,True,3.562266414928038,115,ngmres_sd,19.5,0.5
1.0,80,True,3.562266414928128,115,ngmres_sd,19.5,0.5
0.4,100,True,3.562266414927911,115,ngmres_sd,19.5,0.5
0.6,100,True,3.562266414927967,115,ngmres_sd,19.5,0.5
0.8,100,True,3.562266414928038,115,ngmres_sd,19.5,0.5
1.0,100,True,3.562266414928128,115,ngmres_sd,19.5,0.5
0.4,30,True,3.562266415376582,91,ngmres_sis,19.5,0.5
0.6,30,True,3.5622664141733784,89,ngmres_sis,19.5,0.5
0.8,30,True,3.562266413802991,89,ngmres_sis,19.5,0.5
1.0,30,True,3.5622664138353475,89,ngmres_sis,19.5,0.5
0.4,50,True,3.5622664154046912,89,ngmres_sis,19.5,0.5
0.6,50,True,3.562266415446269,89,ngmres_sis,19.5,0.5
0.8,50,True,3.562266415244707,89,ngmres_sis,19.5,0.5
1.0,50,True,3.5622664151506784,87,ngmres_sis,19.5,0.5
0.4,80,True,3.5622664154046912,89,ngmres_sis,19.5,0.5
0.6,80,True,3.562266415446269,89,ngmres_sis,19.5,0.5
0.8,80,True,3.562266415244707,89,ngmres_sis,19.5,0.5
1.0,80,True,3.5622664151506784,87,ngmres_sis,19.5,0.5
0.4,100,True,3.5622664154046912,89,ngmres_sis,19.5,0.5
0.6,100,True,3.562266415446269,89,ngmres_sis,19.5,0.5
0.8,100,True,3.562266415244707,89,ngmres_sis,19.5,0.5
1.0,100,True,3.5622664151506784,87,ngmres_sis,19.5,0.5
0.4,30,True,3.562266414159214,118,oaccel_etd,19.5,0.5
0.6,30,True,3.5622664148684846,118,oaccel_etd,19.5,0.5
0.8,30,True,3.562266414123012,116,oaccel_etd,19.5,0.5
1.0,30,True,3.5622664150320977,108,oaccel_etd,19.5,0.5
0.4,50,True,3.5622664150836005,98,oaccel_etd,19.5,0.5
0.6,50,True,3.5622664150443084,94,oaccel_etd,19.5,0.5
0.8,50,True,3.5622664149860164,92,oaccel_etd,19.5,0.5
1.0,50,True,3.56226641493352,90,oaccel_etd,19.5,0.5
0.4,80,True,3.5622664150836005,98,oaccel_etd,19.5,0.5
0.6,80,True,3.5622664150443084,94,oaccel_etd,19.5,0.5
0.8,80,True,3.5622664149860164,92,oaccel_etd,19.5,0.5
1.0,80,True,3.56226641493352,90,oaccel_etd,19.5,0.5
0.4,100,True,3.5622664150836005,98,oaccel_etd,19.5,0.5
0.6,100,True,3.5622664150443084,94,oaccel_etd,19.5,0.5
0.8,100,True,3.5622664149860164,92,oaccel_etd,19.5,0.5
1.0,100,True,3.56226641493352,90,oaccel_etd,19.5,0.5
0.4,30,True,3.56226641667758,166,oaccel_sd,19.5,0.5
0.6,30,True,3.562266415985598,178,oaccel_sd,19.5,0.5
0.8,30,True,3.5622664145068423,172,oaccel_sd,19.5,0.5
1.0,30,True,3.5622664169127187,170,oaccel_sd,19.5,0.5
0.4,50,True,3.5622664161499102,142,oaccel_sd,19.5,0.5
0.6,50,True,3.56226641453107,140,oaccel_sd,19.5,0.5
0.8,50,True,3.562266414630118,142,oaccel_sd,19.5,0.5
1.0,50,True,3.5622664147662157,142,oaccel_sd,19.5,0.5
0.4,80,True,3.5622664150417087,128,oaccel_sd,19.5,0.5
0.6,80,True,3.5622664150416394,128,oaccel_sd,19.5,0.5
0.8,80,True,3.562266415041539,128,oaccel_sd,19.5,0.5
1.0,80,True,3.56226641504148,128,oaccel_sd,19.5,0.5
0.4,100,True,3.5622664150417087,128,oaccel_sd,19.5,0.5
0.6,100,True,3.5622664150416394,128,oaccel_sd,19.5,0.5
0.8,100,True,3.562266415041539,128,oaccel_sd,19.5,0.5
1.0,100,True,3.56226641504148,128,oaccel_sd,19.5,0.5
0.4,30,True,3.5622664151465333,116,oaccel_sis,19.5,0.5
0.6,30,True,3.562266414401197,114,oaccel_sis,19.5,0.5
0.8,30,True,3.562266414409832,116,oaccel_sis,19.5,0.5
1.0,30,True,3.5622664149728065,114,oaccel_sis,19.5,0.5
0.4,50,True,3.562266414985139,96,oaccel_sis,19.5,0.5
0.6,50,True,3.5622664150096046,94,oaccel_sis,19.5,0.5
0.8,50,True,3.562266415025526,94,oaccel_sis,19.5,0.5
1.0,50,True,3.5622664150306447,94,oaccel_sis,19.5,0.5
0.4,80,True,3.562266414985139,96,oaccel_sis,19.5,0.5
0.6,80,True,3.5622664150096046,94,oaccel_sis,19.5,0.5
0.8,80,True,3.562266415025526,94,oaccel_sis,19.5,0.5
1.0,80,True,3.5622664150306447,94,oaccel_sis,19.5,0.5
0.4,100,True,3.562266414985139,96,oaccel_sis,19.5,0.5
0.6,100,True,3.5622664150096046,94,oaccel_sis,19.5,0.5
0.8,100,True,3.562266415025526,94,oaccel_sis,19.5,0.5
1.0,100,True,3.5622664150306447,94,oaccel_sis,19.5,0.5
0.2,0,True,3.562266414775152,393,sd,19.5,0.5
0.3,0,True,3.562266414779778,261,sd,19.5,0.5
0.4,0,True,3.5622664147856025,195,sd,19.5,0.5
0.5,0,False,4.522093478091221,3000,sd,19.5,0.5
0.4,0,True,3.5622664147675573,355,sis,19.5,0.5
0.6,0,True,3.562266414780328,290,sis,19.5,0.5
0.8,0,True,3.562266414792834,257,sis,19.5,0.5
1.0,0,True,3.56226641477641,237,sis,19.5,0.5
0.4,30,True,3.5622664149784704,63,anderson_etd,20.0,0.45
0.6,30,True,3.5622664147657632,58,anderson_etd,20.0,0.45
0.8,30,True,3.562266415260112,55,anderson_etd,20.0,0.45
1.0,30,True,3.5622664154483683,53,anderson_etd,20.0,0.45
0.4,50,True,3.5622664150332977,61,anderson_etd,20.0,0.45
0.6,50,True,3.5622664147328376,57,anderson_etd,20.0,0.45
0.8,50,True,3.5622664159607007,53,anderson_etd,20.0,0.45
1.0,50,True,3.5622664151506065,54,anderson_etd,20.0,0.45
0.4,80,True,3.5622664149580814,62,anderson_etd,20.0,0.45
0.6,80,True,3.5622664158359383,58,anderson_etd,20.0,0.45
0.8,80,True,3.5622664169256097,55,anderson_etd,20.0,0.45
1.0,80,True,3.562266416335228,54,anderson_etd,20.0,0.45
0.4,100,True,3.5622664149580814,62,anderson_etd,20.0,0.45
0.6,100,True,3.5622664158359383,58,anderson_etd,20.0,0.45
0.8,100,True,3.5622664169256097,55,anderson_etd,20.0,0.45
1.0,100,True,3.562266416335228,54,anderson_etd,20.0,0.45
0.4,30,True,3.5622664144893648,75,anderson_sd,20.0,0.45
0.6,30,True,3.5622664151416945,78,anderson_sd,20.0,0.45
0.8,30,True,3.562266415622913,77,anderson_sd,20.0,0.45
1.0,30,True,3.5622664158467394,78,anderson_sd,20.0,0.45
0.4,50,True,3.562266415156179,73,anderson_sd,20.0,0.45
0.6,50,True,3.562266414768212,74,anderson_sd,20.0,0.45
0.8,50,True,3.5622664146054435,74,anderson_sd,20.0,0.45
1.0,50,True,3.5622664150047862,75,anderson_sd,20.0,0.45
0.4,80,True,3.5622664132957835,73,anderson_sd,20.0,0.45
0.6,80,True,3.5622664146943617,73,anderson_sd,20.0,0.45
0.8,80,True,3.562266414112745,74,anderson_sd,20.0,0.45
1.0,80,True,3.562266413955447,74,anderson_sd,20.0,0.45
0.4,100,True,3.5622664132957835,73,anderson_sd,20.0,0.45
0.6,100,True,3.5622664146943617,73,anderson_sd,20.0,0.45
0.8,100,True,3.562266414112745,74,anderson_sd,20.0,0.45
1.0,100,True,3.562266413955447,74,anderson_sd,20.0,0.45
0.4,30,True,3.5622664152028234,68,anderson_sis,20.0,0.45
0.6,30,True,3.562266415387686,66,anderson_sis,20.0,0.45
0.8,30,True,3.562266415529691,62,anderson_sis,20.0,0.45
1.0,30,True,3.56226641540852,62,anderson_sis,20.0,0.45
0.4,50,True,3.562266415456772,65,anderson_sis,20.0,0.45
0.6,50,True,3.5622664151321546,63,anderson_sis,20.0,0.45
0.8,50,True,3.562266414914113,61,anderson_sis,20.0,0.45
1.0,50,True,3.5622664150044,59,anderson_sis,20.0,0.45
0.4,80,True,3.562266413122699,68,anderson_sis,20.0,0.45
0.6,80,True,3.562266414864573,64,anderson_sis,20.0,0.45
0.8,80,True,3.562266415959769,62,anderson_sis,20.0,0.45
1.0,80,True,3.562266416614504,61,anderson_sis,20.0,0.45
0.4,100,True,3.562266413122699,68,anderson_sis,20.0,0.45
0.6,100,True,3.562266414864573,64,anderson_sis,20.0,0.45
0.8,100,True,3.562266415959769,62,anderson_sis,20.0,0.45
1.0,100,True,3.562266416614504,61,anderson_sis,20.0,0.45
0.4,0,True,3.5622664148642684,276,etd,20.0,0.45
0.6,0,True,3.5622664148547063,205,etd,20.0,0.45
0.8,0,True,3.5622664120644814,213,etd,20.0,0.45
1.0,0,True,3.562266418429699,230,etd,20.0,0.45
0.4,30,True,3.562266415217532,109,ngmres_etd,20.0,0.45
0.6,30,True,3.562266414983478,103,ngmres_etd,20.0,0.45
0.8,30,True,3.562266415182309,99,ngmres_etd,20.0,0.45
1.0,30,True,3.5622664151880183,99,ngmres_etd,20.0,0.45
0.4,50,True,3.562266414945918,103,ngmres_etd,20.0,0.45
0.6,50,True,3.5622664145559773,97,ngmres_etd,20.0,0.45
0.8,50,True,3.562266414943138,95,ngmres_etd,20.0,0.45
1.0,50,True,3.5622664150595087,93,ngmres_etd,20.0,0.45
0.4,80,True,3.5622664147722523,103,ngmres_etd,20.0,0.45
0.6,80,True,3.5622664145559773,97,ngmres_etd,20.0,0.45
0.8,80,True,3.562266414943138,95,ngmres_etd,20.0,0.45
1.0,80,True,3.5622664150595087,93,ngmres_etd,20.0,0.45
0.4,100,True,3.5622664147722523,103,ngmres_etd,20.0,0.45
0.6,100,True,3.5622664145559773,97,ngmres_etd,20.0,0.45
0.8,100,True,3.562266414943138,95,ngmres_etd,20.0,0.45
1.0,100,True,3.5622664150595087,93,ngmres_etd,20.0,0.45
0.4,30,True,3.5622664161995106,151,ngmres_sd,20.0,0.45
0.6,30,True,3.5622664159350608,151,ngmres_sd,20.0,0.45
0.8,30,True,3.5622664154962638,151,ngmres_sd,20.0,0.45
1.0,30,True,3.5622664153433155,151,ngmres_sd,20.0,0.45
0.4,50,True,3.5622664146777723,141,ngmres_sd,20.0,0.45
0.6,50,True,3.56226641469502,141,ngmres_sd,20.0,0.45
0.8,50,True,3.562266414642731,141,ngmres_sd,20.0,0.45
1.0,50,True,3.562266414615769,141,ngmres_sd,20.0,0.45
0.4,80,True,3.562266414694233,137,ngmres_sd,20.0,0.45
0.6,80,True,3.5622664146730525,137,ngmres_sd,20.0,0.45
0.8,80,True,3.5622664146564684,137,ngmres_sd,20.0,0.45
1.0,80,True,3.562266414645163,137,ngmres_sd,20.0,0.45
0.4,100,True,3.562266414694233,137,ngmres_sd,20.0,0.45
0.6,100,True,3.5622664146730525,137,ngmres_sd,20.0,0.45
0.8,100,True,3.5622664146564684,137,ngmres_sd,20.0,0.45
1.0,100,True,3.562266414645163,137,ngmres_sd,20.0,0.45
0.4,30,True,3.5622664151973007,107,ngmres_sis,20.0,0.45
0.6,30,True,3.562266414167955,103,ngmres_sis,20.0,0.45
0.8,30,True,3.5622664140487226,101,ngmres_sis,20.0,0.45
1.0,30,True,3.5622664149538403,101,ngmres_sis,20.0,0.45
0.4,50,True,3.562266414728737,101,ngmres_sis,20.0,0.45
0.6,50,True,3.562266414802552,99,ngmres_sis,20.0,0.45
0.8,50,True,3.562266414720944,97,ngmres_sis,20.0,0.45
1.0,50,True,3.562266414889778,97,ngmres_sis,20.0,0.45
0.4,80,True,3.5622664146776417,101,ngmres_sis,20.0,0.45
0.6,80,True,3.562266414802552,99,ngmres_sis,20.0,0.45
0.8,80,True,3.562266414720944,97,ngmres_sis,20.0,0.45
1.0,80,True,3.562266414889778,97,ngmres_sis,20.0,0.45
0.4,100,True,3.5622664146776417,101,ngmres_sis,20.0,0.45
0.6,100,True,3.562266414802552,99,ngmres_sis,20.0,0.45
0.8,100,True,3.562266414720944,97,ngmres_sis,20.0,0.45
1.0,100,True,3.562266414889778,97,ngmres_sis,20.0,0.45
0.4,30,True,3.5622664148561114,154,oaccel_etd,20.0,0.45
0.6,30,True,3.562266414755382,144,oaccel_etd,20.0,0.45
0.8,30,True,3.562266414622652,146,oaccel_etd,20.0,0.45
1.0,30,True,3.562266417554404,122,oaccel_etd,20.0,0.45
0.4,50,True,3.562266417826571,116,oaccel_etd,20.0,0.45
0.6,50,True,3.5622664154554613,106,oaccel_etd,20.0,0.45
0.8,50,True,3.5622664146760066,100,oaccel_etd,20.0,0.45
1.0,50,True,3.5622664149292333,98,oaccel_etd,20.0,0.45
0.4,80,True,3.5622664151980103,112,oaccel_etd,20.0,0.45
0.6,80,True,3.562266415136703,106,oaccel_etd,20.0,0.45
0.8,80,True,3.5622664146760066,100,oaccel_etd,20.0,0.45
1.0,80,True,3.5622664149292333,98,oaccel_etd,20.0,0.45
0.4,100,True,3.5622664151980103,112,oaccel_etd,20.0,0.45
0.6,100,True,3.562266415136703,106,oaccel_etd,20.0,0.45
0.8,100,True,3.5622664146760066,100,oaccel_etd,20.0,0.45
1.0,100,True,3.5622664149292333,98,oaccel_etd,20.0,0.45
0.4,30,True,3.56226641597061,780,oaccel_sd,20.0,0.45
0.6,30,True,3.562266416060731,356,oaccel_sd,20.0,0.45
0.8,30,True,3.5622664162711697,342,oaccel_sd,20.0,0.45
1.0,30,True,3.5622664171263096,418,oaccel_sd,20.0,0.45
0.4,50,True,3.562266415017894,178,oaccel_sd,20.0,0.45
0.6,50,True,3.562266414595986,178,oaccel_sd,20.0,0.45
0.8,50,True,3.5622664149593746,180,oaccel_sd,20.0,0.45
1.0,50,True,3.5622664149831804,180,oaccel_sd,20.0,0.45
0.4,80,True,3.5622664145966905,154,oaccel_sd,20.0,0.45
0.6,80,True,3.56226641472332,152,oaccel_sd,20.0,0.45
0.8,80,True,3.562266414726213,152,oaccel_sd,20.0,0.45
1.0,80,True,3.56226641472979,152,oaccel_sd,20.0,0.45
0.4,100,True,3.5622664145966905,154,oaccel_sd,20.0,0.45
0.6,100,True,3.56226641472332,152,oaccel_sd,20.0,0.45
0.8,100,True,3.562266414726213,152,oaccel_sd,20.0,0.45
1.0,100,True,3.56226641472979,152,oaccel_sd,20.0,0.45
0.4,30,True,3.562266415148633,128,oaccel_sis,20.0,0.45
0.6,30,True,3.56226641522575,124,oaccel_sis,20.0,0.45
0.8,30,True,3.5622664151570023,146,oaccel_sis,20.0,0.45
1.0,30,True,3.5622664147169054,144,oaccel_sis,20.0,0.45
0.4,50,True,3.562266413981772,114,oaccel_sis,20.0,0.45
0.6,50,True,3.5622664147298035,104,oaccel_sis,20.0,0.45
0.8,50,True,3.5622664147209253,102,oaccel_sis,20.0,0.45
1.0,50,True,3.562266414522469,102,oaccel_sis,20.0,0.45
0.4,80,True,3.5622664156830446,110,oaccel_sis,20.0,0.45
0.6,80,True,3.5622664145778358,104,oaccel_sis,20.0,0.45
0.8,80,True,3.5622664147209253,102,oaccel_sis,20.0,0.45
1.0,80,True,3.562266414522469,102,oaccel_sis,20.0,0.45
0.4,100,True,3.5622664156830446,110,oaccel_sis,20.0,0.45
0.6,100,True,3.5622664145778358,104,oaccel_sis,20.0,0.45
0.8,100,True,3.5622664147209253,102,oaccel_sis,20.0,0.45
1.0,100,True,3.562266414522469,102,oaccel_sis,20.0,0.45
0.2,0,True,3.562266414865473,456,sd,20.0,0.45
0.3,0,True,3.5622664148632284,302,sd,20.0,0.45
0.4,0,True,3.56226641486771,226,sd,20.0,0.45
0.5,0,False,4.49348537775704,3000,sd,20.0,0.45
0.4,0,True,3.562266414865003,412,sis,20.0,0.45
0.6,0,True,3.562266414875856,336,sis,20.0,0.45
0.8,0,True,3.5622664148860377,298,sis,20.0,0.45
1.0,0,True,3.5622664148386693,276,sis,20.0,0.45
0.4,30,True,3.5622664153044097,63,anderson_etd,20.0,0.46
0.6,30,True,3.562266414780887,57,anderson_etd,20.0,0.46
0.8,30,True,3.562266414994239,54,anderson_etd,20.0,0.46
1.0,30,True,3.562266415283905,53,anderson_etd,20.0,0.46
0.4,50,True,3.562266416206945,60,anderson_etd,20.0,0.46
0.6,50,True,3.5622664151750856,56,anderson_etd,20.0,0.46
0.8,50,True,3.562266415328188,53,anderson_etd,20.0,0.46
1.0,50,True,3.5622664151326653,53,anderson_etd,20.0,0.46
0.4,80,True,3.562266413968687,61,anderson_etd,20.0,0.46
0.6,80,True,3.5622664153133528,58,anderson_etd,20.0,0.46
0.8,80,True,3.5622664155006394,55,anderson_etd,20.0,0.46
1.0,80,True,3.5622664161902904,53,anderson_etd,20.0,0.46
0.4,100,True,3.562266413968687,61,anderson_etd,20.0,0.46
0.6,100,True,3.5622664153133528,58,anderson_etd,20.0,0.46
0.8,100,True,3.5622664155006394,55,anderson_etd,20.0,0.46
1.0,100,True,3.5622664161902904,53,anderson_etd,20.0,0.46
0.4,30,True,3.562266415176963,75,anderson_sd,20.0,0.46
0.6,30,True,3.5622664153472696,77,anderson_sd,20.0,0.46
0.8,30,True,3.562266415531643,77,anderson_sd,20.0,0.46
1.0,30,True,3.562266415685841,77,anderson_sd,20.0,0.46
0.4,50,True,3.5622664145738243,72,anderson_sd,20.0,0.46
0.6,50,True,3.562266414732642,73,anderson_sd,20.0,0.46
0.8,50,True,3.5622664145603977,73,anderson_sd,20.0,0.46
1.0,50,True,3.562266414599893,73,anderson_sd,20.0,0.46
0.4,80,True,3.5622664137210496,73,anderson_sd,20.0,0.46
0.6,80,True,3.5622664142838785,73,anderson_sd,20.0,0.46
0.8,80,True,3.5622664148592413,74,anderson_sd,20.0,0.46
1.0,80,True,3.5622664145699403,73,anderson_sd,20.0,0.46
0.4,100,True,3.5622664137210496,73,anderson_sd,20.0,0.46
0.6,100,True,3.5622664142838785,73,anderson_sd,20.0,0.46
0.8,100,True,3.5622664148592413,74,anderson_sd,20.0,0.46
1.0,100,True,3.5622664145699403,73,anderson_sd,20.0,0.46
0.4,30,True,3.562266414446933,68,anderson_sis,20.0,0.46
0.6,30,True,3.562266415055273,64,anderson_sis,20.0,0.46
0.8,30,True,3.562266415609498,62,anderson_sis,20.0,0.46
1.0,30,True,3.5622664147354506,59,anderson_sis,20.0,0.46
0.4,50,True,3.56226641566999,64,anderson_sis,20.0,0.46
0.6,50,True,3.5622664142947285,61,anderson_sis,20.0,0.46
0.8,50,True,3.562266414593996,59,anderson_sis,20.0,0.46
1.0,50,True,3.5622664149576524,58,anderson_sis,20.0,0.46
0.4,80,True,3.562266413921453,65,anderson_sis,20.0,0.46
0.6,80,True,3.5622664148189376,62,anderson_sis,20.0,0.46
0.8,80,True,3.562266414669949,60,anderson_sis,20.0,0.46
1.0,80,True,3.562266414919284,60,anderson_sis,20.0,0.46
0.4,100,True,3.562266413921453,65,anderson_sis,20.0,0.46
0.6,100,True,3.5622664148189376,62,anderson_sis,20.0,0.46
0.8,100,True,3.562266414669949,60,anderson_sis,20.0,0.46
1.0,100,True,3.562266414919284,60,anderson_sis,20.0,0.46
0.4,0,True,3.5622664148703915,272,etd,20.0,0.46
0.6,0,True,3.562266416375285,203,etd,20.0,0.46
0.8,0,True,3.5622664167184244,207,etd,20.0,0.46
1.0,0,True,3.562266412039208,224,etd,20.0,0.46
0.4,30,True,3.5622664150081738,107,ngmres_etd,20.0,0.46
0.6,30,True,3.5622664150265804,101,ngmres_etd,20.0,0.46
0.8,30,True,3.5622664166181046,99,ngmres_etd,20.0,0.46
1.0,30,True,3.5622664160949142,97,ngmres_etd,20.0,0.46
0.4,50,True,3.562266414603513,101,ngmres_etd,20.0,0.46
0.6,50,True,3.5622664147576817,97,ngmres_etd,20.0,0.46
0.8,50,True,3.5622664150815515,93,ngmres_etd,20.0,0.46
1.0,50,True,3.5622664151238466,93,ngmres_etd,20.0,0.46
0.4,80,True,3.562266414558911,101,ngmres_etd,20.0,0.46
0.6,80,True,3.5622664147576817,97,ngmres_etd,20.0,0.46
0.8,80,True,3.5622664150815515,93,ngmres_etd,20.0,0.46
1.0,80,True,3.5622664151238466,93,ngmres_etd,20.0,0.46
0.4,100,True,3.562266414558911,101,ngmres_etd,20.0,0.46
0.6,100,True,3.5622664147576817,97,ngmres_etd,20.0,0.46
0.8,100,True,3.5622664150815515,93,ngmres_etd,20.0,0.46
1.0,100,True,3.5622664151238466,93,ngmres_etd,20.0,0.46
0.4,30,True,3.562266415226752,151,ngmres_sd,20.0,0.46
0.6,30,True,3.562266415130253,151,ngmres_sd,20.0,0.46
0.8,30,True,3.562266415029212,151,ngmres_sd,20.0,0.46
1.0,30,True,3.562266415126979,151,ngmres_sd,20.0,0.46
0.4,50,True,3.5622664137725284,139,ngmres_sd,20.0,0.46
0.6,50,True,3.562266413785649,139,ngmres_sd,20.0,0.46
0.8,50,True,3.5622664137940863,139,ngmres_sd,20.0,0.46
1.0,50,True,3.562266413816616,139,ngmres_sd,20.0,0.46
0.4,80,True,3.562266414728259,135,ngmres_sd,20.0,0.46
0.6,80,True,3.5622664147170724,135,ngmres_sd,20.0,0.46
0.8,80,True,3.5622664147013845,135,ngmres_sd,20.0,0.46
1.0,80,True,3.562266414682581,135,ngmres_sd,20.0,0.46
0.4,100,True,3.562266414728259,135,ngmres_sd,20.0,0.46
0.6,100,True,3.5622664147170724,135,ngmres_sd,20.0,0.46
0.8,100,True,3.5622664147013845,135,ngmres_sd,20.0,0.46
1.0,100,True,3.562266414682581,135,ngmres_sd,20.0,0.46
0.4,30,True,3.562266414846368,105,ngmres_sis,20.0,0.46
0.6,30,True,3.562266414194723,101,ngmres_sis,20.0,0.46
0.8,30,True,3.5622664144607405,99,ngmres_sis,20.0,0.46
1.0,30,True,3.5622664153175414,97,ngmres_sis,20.0,0.46
0.4,50,True,3.562266414930514,101,ngmres_sis,20.0,0.46
0.6,50,True,3.562266414431101,97,ngmres_sis,20.0,0.46
0.8,50,True,3.5622664143918747,95,ngmres_sis,20.0,0.46
1.0,50,True,3.5622664148231173,95,ngmres_sis,20.0,0.46
0.4,80,True,3.562266414982635,101,ngmres_sis,20.0,0.46
0.6,80,True,3.562266414431101,97,ngmres_sis,20.0,0.46
0.8,80,True,3.5622664143918747,95,ngmres_sis,20.0,0.46
1.0,80,True,3.5622664148231173,95,ngmres_sis,20.0,0.46
0.4,100,True,3.562266414982635,101,ngmres_sis,20.0,0.46
0.6,100,True,3.562266414431101,97,ngmres_sis,20.0,0.46
0.8,100,True,3.5622664143918747,95,ngmres_sis,20.0,0.46
1.0,100,True,3.5622664148231173,95,ngmres_sis,20.0,0.46
0.4,30,True,3.562266415185542,142,oaccel_etd,20.0,0.46
0.6,30,True,3.5622664175999548,136,oaccel_etd,20.0,0.46
0.8,30,True,3.56226641531082,126,oaccel_etd,20.0,0.46
1.0,30,True,3.5622664171932845,122,oaccel_etd,20.0,0.46
0.4,50,True,3.5622664179942545,116,oaccel_etd,20.0,0.46
0.6,50,True,3.5622664156405275,104,oaccel_etd,20.0,0.46
0.8,50,True,3.56226641533996,102,oaccel_etd,20.0,0.46
1.0,50,True,3.5622664149796988,98,oaccel_etd,20.0,0.46
0.4,80,True,3.5622664158853485,110,oaccel_etd,20.0,0.46
0.6,80,True,3.56226641570215,104,oaccel_etd,20.0,0.46
0.8,80,True,3.56226641533996,102,oaccel_etd,20.0,0.46
1.0,80,True,3.5622664149796988,98,oaccel_etd,20.0,0.46
0.4,100,True,3.5622664158853485,110,oaccel_etd,20.0,0.46
0.6,100,True,3.56226641570215,104,oaccel_etd,20.0,0.46
0.8,100,True,3.56226641533996,102,oaccel_etd,20.0,0.46
1.0,100,True,3.5622664149796988,98,oaccel_etd,20.0,0.46
0.4,30,True,3.562266412166826,542,oaccel_sd,20.0,0.46
0.6,30,True,3.5622664138597333,444,oaccel_sd,20.0,0.46
0.8,30,True,3.5622664143057534,236,oaccel_sd,20.0,0.46
1.0,30,True,3.562266413750653,338,oaccel_sd,20.0,0.46
0.4,50,True,3.5622664157103907,172,oaccel_sd,20.0,0.46
0.6,50,True,3.5622664161446,172,oaccel_sd,20.0,0.46
0.8,50,True,3.562266415870696,172,oaccel_sd,20.0,0.46
1.0,50,True,3.562266415095808,174,oaccel_sd,20.0,0.46
0.4,80,True,3.56226641512478,150,oaccel_sd,20.0,0.46
0.6,80,True,3.5622664151246197,150,oaccel_sd,20.0,0.46
0.8,80,True,3.5622664151232764,150,oaccel_sd,20.0,0.46
1.0,80,True,3.562266415121085,150,oaccel_sd,20.0,0.46
0.4,100,True,3.56226641512478,150,oaccel_sd,20.0,0.46
0.6,100,True,3.5622664151246197,150,oaccel_sd,20.0,0.46
0.8,100,True,3.5622664151232764,150,oaccel_sd,20.0,0.46
1.0,100,True,3.562266415121085,150,oaccel_sd,20.0,0.46
0.4,30,True,3.5622664152533865,126,oaccel_sis,20.0,0.46
0.6,30,True,3.5622664167240945,124,oaccel_sis,20.0,0.46
0.8,30,True,3.56226641598861,130,oaccel_sis,20.0,0.46
1.0,30,True,3.5622664146754914,126,oaccel_sis,20.0,0.46
0.4,50,True,3.5622664155693267,110,oaccel_sis,20.0,0.46
0.6,50,True,3.5622664152488914,106,oaccel_sis,20.0,0.46
0.8,50,True,3.5622664160272093,100,oaccel_sis,20.0,0.46
1.0,50,True,3.56226641577993,100,oaccel_sis,20.0,0.46
0.4,80,True,3.562266415065369,108,oaccel_sis,20.0,0.46
0.6,80,True,3.562266415461644,106,oaccel_sis,20.0,0.46
0.8,80,True,3.5622664160272093,100,oaccel_sis,20.0,0.46
1.0,80,True,3.56226641577993,100,oaccel_sis,20.0,0.46
0.4,100,True,3.562266415065369,108,oaccel_sis,20.0,0.46
0.6,100,True,3.562266415461644,106,oaccel_sis,20.0,0.46
0.8,100,True,3.5622664160272093,100,oaccel_sis,20.0,0.46
1.0,100,True,3.56226641577993,100,oaccel_sis,20.0,0.46
0.2,0,True,3.5622664148788648,448,sd,20.0,0.46
0.3,0,True,3.562266414883159,298,sd,20.0,0.46
0.4,0,True,3.562266414881793,222,sd,20.0,0.46
0.5,0,False,4.524630088494342,3000,sd,20.0,0.46
0.4,0,True,3.562266414883007,406,sis,20.0,0.46
0.6,0,True,3.5622664148902947,331,sis,20.0,0.46
0.8,0,True,3.5622664148539176,293,sis,20.0,0.46
1.0,0,True,3.56226641475937,271,sis,20.0,0.46
0.4,30,True,3.562266414915654,59,anderson_etd,20.0,0.47
0.6,30,True,3.562266414199277,55,anderson_etd,20.0,0.47
0.8,30,True,3.5622664165641997,52,anderson_etd,20.0,0.47
1.0,30,True,3.5622664155157624,51,anderson_etd,20.0,0.47
0.4,50,True,3.562266415215161,58,anderson_etd,20.0,0.47
0.6,50,True,3.562266413969777,54,anderson_etd,20.0,0.47
0.8,50,True,3.5622664142410105,53,anderson_etd,20.0,0.47
1.0,50,True,3.5622664152353734,52,anderson_etd,20.0,0.47
0.4,80,True,3.5622664131298194,59,anderson_etd,20.0,0.47
0.6,80,True,3.5622664148153147,57,anderson_etd,20.0,0.47
0.8,80,True,3.5622664143399447,54,anderson_etd,20.0,0.47
1.0,80,True,3.562266415230117,52,anderson_etd,20.0,0.47
0.4,100,True,3.5622664131298194,59,anderson_etd,20.0,0.47
0.6,100,True,3.5622664148153147,57,anderson_etd,20.0,0.47
0.8,100,True,3.5622664143399447,54,anderson_etd,20.0,0.47
1.0,100,True,3.562266415230117,52,anderson_etd,20.0,0.47
0.4,30,True,3.5622664154869943,73,anderson_sd,20.0,0.47
0.6,30,True,3.5622664152747427,73,anderson_sd,20.0,0.47
0.8,30,True,3.5622664149116465,75,anderson_sd,20.0,0.47
1.0,30,True,3.562266414716442,75,anderson_sd,20.0,0.47
0.4,50,True,3.562266415077735,70,anderson_sd,20.0,0.47
0.6,50,True,3.5622664150155865,70,anderson_sd,20.0,0.47
0.8,50,True,3.56226641551757,71,anderson_sd,20.0,0.47
1.0,50,True,3.562266414689316,72,anderson_sd,20.0,0.47
0.4,80,True,3.562266414605351,70,anderson_sd,20.0,0.47
0.6,80,True,3.562266415265097,70,anderson_sd,20.0,0.47
0.8,80,True,3.562266415443481,71,anderson_sd,20.0,0.47
1.0,80,True,3.5622664152876435,71,anderson_sd,20.0,0.47
0.4,100,True,3.562266414605351,70,anderson_sd,20.0,0.47
0.6,100,True,3.562266415265097,70,anderson_sd,20.0,0.47
0.8,100,True,3.562266415443481,71,anderson_sd,20.0,0.47
1.0,100,True,3.5622664152876435,71,anderson_sd,20.0,0.47
0.4,30,True,3.562266415077977,66,anderson_sis,20.0,0.47
0.6,30,True,3.562266414434168,62,anderson_sis,20.0,0.47
0.8,30,True,3.562266414543421,60,anderson_sis,20.0,0.47
1.0,30,True,3.562266414816774,58,anderson_sis,20.0,0.47
0.4,50,True,3.562266413781469,62,anderson_sis,20.0,0.47
0.6,50,True,3.562266415604369,59,anderson_sis,20.0,0.47
0.8,50,True,3.562266414069496,58,anderson_sis,20.0,0.47
1.0,50,True,3.562266413938837,56,anderson_sis,20.0,0.47
0.4,80,True,3.5622664140393026,63,anderson_sis,20.0,0.47
0.6,80,True,3.5622664126386736,61,anderson_sis,20.0,0.47
0.8,80,True,3.562266414197138,60,anderson_sis,20.0,0.47
1.0,80,True,3.5622664148749896,58,anderson_sis,20.0,0.47
0.4,100,True,3.5622664140393026,63,anderson_sis,20.0,0.47
0.6,100,True,3.5622664126386736,61,anderson_sis,20.0,0.47
0.8,100,True,3.562266414197138,60,anderson_sis,20.0,0.47
1.0,100,True,3.5622664148749896,58,anderson_sis,20.0,0.47
0.4,0,True,3.5622664148926235,266,etd,20.0,0.47
0.6,0,True,3.562266416911552,201,etd,20.0,0.47
0.8,0,True,3.562266417592564,206,etd,20.0,0.47
1.0,0,True,3.5622664127769648,224,etd,20.0,0.47
0.4,30,True,3.5622664144023366,105,ngmres_etd,20.0,0.47
0.6,30,True,3.5622664147531395,99,ngmres_etd,20.0,0.47
0.8,30,True,3.5622664159506465,95,ngmres_etd,20.0,0.47
1.0,30,True,3.5622664156594386,93,ngmres_etd,20.0,0.47
0.4,50,True,3.562266414257465,99,ngmres_etd,20.0,0.47
0.6,50,True,3.5622664149027967,93,ngmres_etd,20.0,0.47
0.8,50,True,3.562266415047654,91,ngmres_etd,20.0,0.47
1.0,50,True,3.562266415185761,89,ngmres_etd,20.0,0.47
0.4,80,True,3.562266414257465,99,ngmres_etd,20.0,0.47
0.6,80,True,3.5622664149027967,93,ngmres_etd,20.0,0.47
0.8,80,True,3.562266415047654,91,ngmres_etd,20.0,0.47
1.0,80,True,3.562266415185761,89,ngmres_etd,20.0,0.47
0.4,100,True,3.562266414257465,99,ngmres_etd,20.0,0.47
0.6,100,True,3.5622664149027967,93,ngmres_etd,20.0,0.47
0.8,100,True,3.562266415047654,91,ngmres_etd,20.0,0.47
1.0,100,True,3.562266415185761,89,ngmres_etd,20.0,0.47
0.4,30,True,3.5622664154824584,143,ngmres_sd,20.0,0.47
0.6,30,True,3.562266415552675,143,ngmres_sd,20.0,0.47
0.8,30,True,3.562266415588378,143,ngmres_sd,20.0,0.47
1.0,30,True,3.562266415642294,143,ngmres_sd,20.0,0.47
0.4,50,True,3.562266414865604,133,ngmres_sd,20.0,0.47
0.6,50,True,3.5622664142210976,133,ngmres_sd,20.0,0.47
0.8,50,True,3.562266413808847,133,ngmres_sd,20.0,0.47
1.0,50,True,3.562266415028596,133,ngmres_sd,20.0,0.47
0.4,80,True,3.562266414904377,133,ngmres_sd,20.0,0.47
0.6,80,True,3.56226641490224,133,ngmres_sd,20.0,0.47
0.8,80,True,3.5622664149007024,133,ngmres_sd,20.0,0.47
1.0,80,True,3.562266414899261,133,ngmres_sd,20.0,0.47
0.4,100,True,3.562266414904377,133,ngmres_sd,20.0,0.47
0.6,100,True,3.56226641490224,133,ngmres_sd,20.0,0.47
0.8,100,True,3.5622664149007024,133,ngmres_sd,20.0,0.47
1.0,100,True,3.562266414899261,133,ngmres_sd,20.0,0.47
0.4,30,True,3.5622664157895665,103,ngmres_sis,20.0,0.47
0.6,30,True,3.562266415527165,99,ngmres_sis,20.0,0.47
0.8,30,True,3.5622664138114777,95,ngmres_sis,20.0,0.47
1.0,30,True,3.5622664148594456,95,ngmres_sis,20.0,0.47
0.4,50,True,3.562266414397219,99,ngmres_sis,20.0,0.47
0.6,50,True,3.562266414860864,93,ngmres_sis,20.0,0.47
0.8,50,True,3.562266414800031,91,ngmres_sis,20.0,0.47
1.0,50,True,3.562266415070426,91,ngmres_sis,20.0,0.47
0.4,80,True,3.562266414397219,99,ngmres_sis,20.0,0.47
0.6,80,True,3.562266414860864,93,ngmres_sis,20.0,0.47
0.8,80,True,3.562266414800031,91,ngmres_sis,20.0,0.47
1.0,80,True,3.562266415070426,91,ngmres_sis,20.0,0.47
0.4,100,True,3.562266414397219,99,ngmres_sis,20.0,0.47
0.6,100,True,3.562266414860864,93,ngmres_sis,20.0,0.47
0.8,100,True,3.562266414800031,91,ngmres_sis,20.0,0.47
1.0,100,True,3.562266415070426,91,ngmres_sis,20.0,0.47
0.4,30,True,3.562266416330364,126,oaccel_etd,20.0,0.47
0.6,30,True,3.5622664145297165,122,oaccel_etd,20.0,0.47
0.8,30,True,3.56226641336648,120,oaccel_etd,20.0,0.47
1.0,30,True,3.562266415965832,120,oaccel_etd,20.0,0.47
0.4,50,True,3.562266414823662,110,oaccel_etd,20.0,0.47
0.6,50,True,3.562266415545765,100,oaccel_etd,20.0,0.47
0.8,50,True,3.562266414671358,100,oaccel_etd,20.0,0.47
1.0,50,True,3.5622664149451264,98,oaccel_etd,20.0,0.47
0.4,80,True,3.5622664150916075,108,oaccel_etd,20.0,0.47
0.6,80,True,3.562266415545765,100,oaccel_etd,20.0,0.47
0.8,80,True,3.562266414671358,100,oaccel_etd,20.0,0.47
1.0,80,True,3.5622664149451264,98,oaccel_etd,20.0,0.47
0.4,100,True,3.5622664150916075,108,oaccel_etd,20.0,0.47
0.6,100,True,3.562266415545765,100,oaccel_etd,20.0,0.47
0.8,100,True,3.562266414671358,100,oaccel_etd,20.0,0.47
1.0,100,True,3.5622664149451264,98,oaccel_etd,20.0,0.47
0.4,30,True,3.5622664161591366,212,oaccel_sd,20.0,0.47
0.6,30,True,3.562266414324478,190,oaccel_sd,20.0,0.47
0.8,30,True,3.5622664159773745,194,oaccel_sd,20.0,0.47
1.0,30,True,3.5622664157834203,184,oaccel_sd,20.0,0.47
0.4,50,True,3.562266416023649,166,oaccel_sd,20.0,0.47
0.6,50,True,3.56226641591216,166,oaccel_sd,20.0,0.47
0.8,50,True,3.562266415495017,164,oaccel_sd,20.0,0.47
1.0,50,True,3.5622664153593933,164,oaccel_sd,20.0,0.47
0.4,80,True,3.562266414853898,146,oaccel_sd,20.0,0.47
0.6,80,True,3.562266414847638,146,oaccel_sd,20.0,0.47
0.8,80,True,3.562266414841761,146,oaccel_sd,20.0,0.47
1.0,80,True,3.562266414835958,146,oaccel_sd,20.0,0.47
0.4,100,True,3.562266414853898,146,oaccel_sd,20.0,0.47
0.6,100,True,3.562266414847638,146,oaccel_sd,20.0,0.47
0.8,100,True,3.562266414841761,146,oaccel_sd,20.0,0.47
1.0,100,True,3.562266414835958,146,oaccel_sd,20.0,0.47
0.4,30,True,3.562266416255108,126,oaccel_sis,20.0,0.47
0.6,30,True,3.562266415923009,122,oaccel_sis,20.0,0.47
0.8,30,True,3.5622664147446885,126,oaccel_sis,20.0,0.47
1.0,30,True,3.562266414158888,124,oaccel_sis,20.0,0.47
0.4,50,True,3.562266415835146,108,oaccel_sis,20.0,0.47
0.6,50,True,3.562266415708354,102,oaccel_sis,20.0,0.47
0.8,50,True,3.5622664157467945,100,oaccel_sis,20.0,0.47
1.0,50,True,3.5622664156254684,100,oaccel_sis,20.0,0.47
0.4,80,True,3.5622664153305603,108,oaccel_sis,20.0,0.47
0.6,80,True,3.562266415708354,102,oaccel_sis,20.0,0.47
0.8,80,True,3.5622664157467945,100,oaccel_sis,20.0,0.47
1.0,80,True,3.5622664156254684,100,oaccel_sis,20.0,0.47
0.4,100,True,3.5622664153305603,108,oaccel_sis,20.0,0.47
0.6,100,True,3.562266415708354,102,oaccel_sis,20.0,0.47
0.8,100,True,3.5622664157467945,100,oaccel_sis,20.0,0.47
1.0,100,True,3.5622664156254684,100,oaccel_sis,20.0,0.47
0.2,0,True,3.5622664148980023,439,sd,20.0,0.47
0.3,0,True,3.5622664148975334,291,sd,20.0,0.47
0.4,0,True,3.5622664149027647,218,sd,20.0,0.47
0.5,0,False,4.395347101696856,3000,sd,20.0,0.47
0.4,0,True,3.562266414899123,397,sis,20.0,0.47
0.6,0,True,3.5622664148890326,323,sis,20.0,0.47
0.8,0,True,3.5622664148618,287,sis,20.0,0.47
1.0,0,True,3.5622664149044496,265,sis,20.0,0.47
0.4,30,True,3.562266415706647,57,anderson_etd,20.0,0.48
0.6,30,True,3.5622664146636325,54,anderson_etd,20.0,0.48
0.8,30,True,3.562266415336617,51,anderson_etd,20.0,0.48
1.0,30,True,3.562266416581804,49,anderson_etd,20.0,0.48
0.4,50,True,3.5622664142116536,56,anderson_etd,20.0,0.48
0.6,50,True,3.5622664132646973,53,anderson_etd,20.0,0.48
0.8,50,True,3.56226641675322,50,anderson_etd,20.0,0.48
1.0,50,True,3.5622664170173524,50,anderson_etd,20.0,0.48
0.4,80,True,3.5622664143415363,58,anderson_etd,20.0,0.48
0.6,80,True,3.562266413627156,55,anderson_etd,20.0,0.48
0.8,80,True,3.56226641675322,50,anderson_etd,20.0,0.48
1.0,80,True,3.5622664170173524,50,anderson_etd,20.0,0.48
0.4,100,True,3.5622664143415363,58,anderson_etd,20.0,0.48
0.6,100,True,3.562266413627156,55,anderson_etd,20.0,0.48
0.8,100,True,3.56226641675322,50,anderson_etd,20.0,0.48
1.0,100,True,3.5622664170173524,50,anderson_etd,20.0,0.48
0.4,30,True,3.562266415881254,70,anderson_sd,20.0,0.48
0.6,30,True,3.562266414305568,71,anderson_sd,20.0,0.48
0.8,30,True,3.562266415253916,72,anderson_sd,20.0,0.48
1.0,30,True,3.5622664165477014,72,anderson_sd,20.0,0.48
0.4,50,True,3.5622664148829166,67,anderson_sd,20.0,0.48
0.6,50,True,3.5622664153486125,69,anderson_sd,20.0,0.48
0.8,50,True,3.562266415174533,69,anderson_sd,20.0,0.48
1.0,50,True,3.562266414988019,69,anderson_sd,20.0,0.48
0.4,80,True,3.562266414610617,68,anderson_sd,20.0,0.48
0.6,80,True,3.5622664158884154,68,anderson_sd,20.0,0.48
0.8,80,True,3.56226641487192,69,anderson_sd,20.0,0.48
1.0,80,True,3.56226641536812,69,anderson_sd,20.0,0.48
0.4,100,True,3.562266414610617,68,anderson_sd,20.0,0.48
0.6,100,True,3.5622664158884154,68,anderson_sd,20.0,0.48
0.8,100,True,3.56226641487192,69,anderson_sd,20.0,0.48
1.0,100,True,3.56226641536812,69,anderson_sd,20.0,0.48
0.4,30,True,3.5622664134787847,63,anderson_sis,20.0,0.48
0.6,30,True,3.562266415733335,59,anderson_sis,20.0,0.48
0.8,30,True,3.562266415834181,58,anderson_sis,20.0,0.48
1.0,30,True,3.562266415346341,55,anderson_sis,20.0,0.48
0.4,50,True,3.5622664154116483,60,anderson_sis,20.0,0.48
0.6,50,True,3.562266414770054,56,anderson_sis,20.0,0.48
0.8,50,True,3.562266413805152,56,anderson_sis,20.0,0.48
1.0,50,True,3.5622664137603843,55,anderson_sis,20.0,0.48
0.4,80,True,3.56226641481358,61,anderson_sis,20.0,0.48
0.6,80,True,3.5622664146410266,60,anderson_sis,20.0,0.48
0.8,80,True,3.562266414852238,56,anderson_sis,20.0,0.48
1.0,80,True,3.5622664144219165,55,anderson_sis,20.0,0.48
0.4,100,True,3.56226641481358,61,anderson_sis,20.0,0.48
0.6,100,True,3.5622664146410266,60,anderson_sis,20.0,0.48
0.8,100,True,3.562266414852238,56,anderson_sis,20.0,0.48
1.0,100,True,3.5622664144219165,55,anderson_sis,20.0,0.48
0.4,0,True,3.562266414929862,256,etd,20.0,0.48
0.6,0,True,3.562266413209591,194,etd,20.0,0.48
0.8,0,True,3.562266412688494,199,etd,20.0,0.48
1.0,0,True,3.5622664175839223,217,etd,20.0,0.48
0.4,30,True,3.562266414527665,101,ngmres_etd,20.0,0.48
0.6,30,True,3.562266414989452,97,ngmres_etd,20.0,0.48
0.8,30,True,3.5622664155979464,93,ngmres_etd,20.0,0.48
1.0,30,True,3.562266415984536,93,ngmres_etd,20.0,0.48
0.4,50,True,3.562266414893817,99,ngmres_etd,20.0,0.48
0.6,50,True,3.5622664148363183,93,ngmres_etd,20.0,0.48
0.8,50,True,3.562266415966614,89,ngmres_etd,20.0,0.48
1.0,50,True,3.562266415722074,87,ngmres_etd,20.0,0.48
0.4,80,True,3.562266414893817,99,ngmres_etd,20.0,0.48
0.6,80,True,3.5622664148363183,93,ngmres_etd,20.0,0.48
0.8,80,True,3.562266415966614,89,ngmres_etd,20.0,0.48
1.0,80,True,3.562266415722074,87,ngmres_etd,20.0,0.48
0.4,100,True,3.562266414893817,99,ngmres_etd,20.0,0.48
0.6,100,True,3.5622664148363183,93,ngmres_etd,20.0,0.48
0.8,100,True,3.562266415966614,89,ngmres_etd,20.0,0.48
1.0,100,True,3.562266415722074,87,ngmres_etd,20.0,0.48
0.4,30,True,3.5622664152528287,137,ngmres_sd,20.0,0.48
0.6,30,True,3.5622664152556185,137,ngmres_sd,20.0,0.48
0.8,30,True,3.5622664152531502,137,ngmres_sd,20.0,0.48
1.0,30,True,3.5622664152352064,137,ngmres_sd,20.0,0.48
0.4,50,True,3.5622664135012405,131,ngmres_sd,20.0,0.48
0.6,50,True,3.562266413477211,131,ngmres_sd,20.0,0.48
0.8,50,True,3.562266413467822,131,ngmres_sd,20.0,0.48
1.0,50,True,3.562266413457402,131,ngmres_sd,20.0,0.48
0.4,80,True,3.5622664151748697,129,ngmres_sd,20.0,0.48
0.6,80,True,3.5622664151701864,129,ngmres_sd,20.0,0.48
0.8,80,True,3.562266415171206,129,ngmres_sd,20.0,0.48
1.0,80,True,3.56226641517153,129,ngmres_sd,20.0,0.48
0.4,100,True,3.5622664151748697,129,ngmres_sd,20.0,0.48
0.6,100,True,3.5622664151701864,129,ngmres_sd,20.0,0.48
0.8,100,True,3.562266415171206,129,ngmres_sd,20.0,0.48
1.0,100,True,3.56226641517153,129,ngmres_sd,20.0,0.48
0.4,30,True,3.562266413585537,97,ngmres_sis,20.0,0.48
0.6,30,True,3.562266414630118,97,ngmres_sis,20.0,0.48
0.8,30,True,3.562266414606473,95,ngmres_sis,20.0,0.48
1.0,30,True,3.562266414561868,95,ngmres_sis,20.0,0.48
0.4,50,True,3.562266415028576,95,ngmres_sis,20.0,0.48
0.6,50,True,3.5622664148764427,93,ngmres_sis,20.0,0.48
0.8,50,True,3.5622664153172883,93,ngmres_sis,20.0,0.48
1.0,50,True,3.562266415577062,91,ngmres_sis,20.0,0.48
0.4,80,True,3.562266415028576,95,ngmres_sis,20.0,0.48
0.6,80,True,3.5622664148764427,93,ngmres_sis,20.0,0.48
0.8,80,True,3.5622664153172883,93,ngmres_sis,20.0,0.48
1.0,80,True,3.562266415577062,91,ngmres_sis,20.0,0.48
0.4,100,True,3.562266415028576,95,ngmres_sis,20.0,0.48
0.6,100,True,3.5622664148764427,93,ngmres_sis,20.0,0.48
0.8,100,True,3.5622664153172883,93,ngmres_sis,20.0,0.48
1.0,100,True,3.562266415577062,91,ngmres_sis,20.0,0.48
0.4,30,True,3.562266415678881,122,oaccel_etd,20.0,0.48
0.6,30,True,3.5622664147746965,120,oaccel_etd,20.0,0.48
0.8,30,True,3.5622664153265573,120,oaccel_etd,20.0,0.48
1.0,30,True,3.5622664145346628,120,oaccel_etd,20.0,0.48
0.4,50,True,3.5622664155013477,104,oaccel_etd,20.0,0.48
0.6,50,True,3.562266414438078,98,oaccel_etd,20.0,0.48
0.8,50,True,3.562266414041185,94,oaccel_etd,20.0,0.48
1.0,50,True,3.562266414614273,92,oaccel_etd,20.0,0.48
0.4,80,True,3.562266415503204,104,oaccel_etd,20.0,0.48
0.6,80,True,3.562266414438078,98,oaccel_etd,20.0,0.48
0.8,80,True,3.562266414041185,94,oaccel_etd,20.0,0.48
1.0,80,True,3.562266414614273,92,oaccel_etd,20.0,0.48
0.4,100,True,3.562266415503204,104,oaccel_etd,20.0,0.48
0.6,100,True,3.562266414438078,98,oaccel_etd,20.0,0.48
0.8,100,True,3.562266414041185,94,oaccel_etd,20.0,0.48
1.0,100,True,3.562266414614273,92,oaccel_etd,20.0,0.48
0.4,30,True,3.562266413004581,204,oaccel_sd,20.0,0.48
0.6,30,True,3.5622664143186764,180,oaccel_sd,20.0,0.48
0.8,30,True,3.562266416366929,186,oaccel_sd,20.0,0.48
1.0,30,True,3.5622664137603284,178,oaccel_sd,20.0,0.48
0.4,50,True,3.562266415383428,160,oaccel_sd,20.0,0.48
0.6,50,True,3.5622664153732613,160,oaccel_sd,20.0,0.48
0.8,50,True,3.562266415334329,160,oaccel_sd,20.0,0.48
1.0,50,True,3.5622664138877127,156,oaccel_sd,20.0,0.48
0.4,80,True,3.562266415193034,140,oaccel_sd,20.0,0.48
0.6,80,True,3.56226641519146,140,oaccel_sd,20.0,0.48
0.8,80,True,3.5622664151891428,140,oaccel_sd,20.0,0.48
1.0,80,True,3.562266415186349,140,oaccel_sd,20.0,0.48
0.4,100,True,3.562266415193034,140,oaccel_sd,20.0,0.48
0.6,100,True,3.56226641519146,140,oaccel_sd,20.0,0.48
0.8,100,True,3.5622664151891428,140,oaccel_sd,20.0,0.48
1.0,100,True,3.562266415186349,140,oaccel_sd,20.0,0.48
0.4,30,True,3.562266414798498,124,oaccel_sis,20.0,0.48
0.6,30,True,3.562266415020876,124,oaccel_sis,20.0,0.48
0.8,30,True,3.56226641423143,122,oaccel_sis,20.0,0.48
1.0,30,True,3.5622664160268647,120,oaccel_sis,20.0,0.48
0.4,50,True,3.5622664147477128,102,oaccel_sis,20.0,0.48
0.6,50,True,3.562266414993906,100,oaccel_sis,20.0,0.48
0.8,50,True,3.562266414519069,98,oaccel_sis,20.0,0.48
1.0,50,True,3.562266413913312,96,oaccel_sis,20.0,0.48
0.4,80,True,3.5622664147477128,102,oaccel_sis,20.0,0.48
0.6,80,True,3.562266414993906,100,oaccel_sis,20.0,0.48
0.8,80,True,3.562266414519069,98,oaccel_sis,20.0,0.48
1.0,80,True,3.562266413913312,96,oaccel_sis,20.0,0.48
0.4,100,True,3.5622664147477128,102,oaccel_sis,20.0,0.48
0.6,100,True,3.562266414993906,100,oaccel_sis,20.0,0.48
0.8,100,True,3.562266414519069,98,oaccel_sis,20.0,0.48
1.0,100,True,3.562266413913312,96,oaccel_sis,20.0,0.48
0.2,0,True,3.5622664149140872,422,sd,20.0,0.48
0.3,0,True,3.562266414914818,280,sd,20.0,0.48
0.4,0,True,3.5622664149158565,209,sd,20.0,0.48
0.5,0,False,4.2098287003955965,3000,sd,20.0,0.48
0.4,0,True,3.562266414913852,382,sis,20.0,0.48
0.6,0,True,3.5622664149224814,312,sis,20.0,0.48
0.8,0,True,3.5622664149872154,276,sis,20.0,0.48
1.0,0,True,3.5622664150256598,255,sis,20.0,0.48
0.4,30,True,3.562266416357277,54,anderson_etd,20.0,0.49
0.6,30,True,3.5622664146935543,50,anderson_etd,20.0,0.49
0.8,30,True,3.5622664163683977,48,anderson_etd,20.0,0.49
1.0,30,True,3.5622664151260173,47,anderson_etd,20.0,0.49
0.4,50,True,3.562266413360091,53,anderson_etd,20.0,0.49
0.6,50,True,3.562266416056713,49,anderson_etd,20.0,0.49
0.8,50,True,3.562266419869168,48,anderson_etd,20.0,0.49
1.0,50,True,3.5622664181084573,47,anderson_etd,20.0,0.49
0.4,80,True,3.562266413967404,53,anderson_etd,20.0,0.49
0.6,80,True,3.562266416056713,49,anderson_etd,20.0,0.49
0.8,80,True,3.562266419869168,48,anderson_etd,20.0,0.49
1.0,80,True,3.5622664181084573,47,anderson_etd,20.0,0.49
0.4,100,True,3.562266413967404,53,anderson_etd,20.0,0.49
0.6,100,True,3.562266416056713,49,anderson_etd,20.0,0.49
0.8,100,True,3.562266419869168,48,anderson_etd,20.0,0.49
1.0,100,True,3.5622664181084573,47,anderson_etd,20.0,0.49
0.4,30,True,3.5622664140841493,67,anderson_sd,20.0,0.49
0.6,30,True,3.5622664147934326,67,anderson_sd,20.0,0.49
0.8,30,True,3.5622664136800104,68,anderson_sd,20.0,0.49
1.0,30,True,3.5622664142819973,69,anderson_sd,20.0,0.49
0.4,50,True,3.562266415142134,64,anderson_sd,20.0,0.49
0.6,50,True,3.5622664152427035,65,anderson_sd,20.0,0.49
0.8,50,True,3.5622664147190437,65,anderson_sd,20.0,0.49
1.0,50,True,3.562266414318702,67,anderson_sd,20.0,0.49
0.4,80,True,3.5622664147053005,64,anderson_sd,20.0,0.49
0.6,80,True,3.5622664157167483,65,anderson_sd,20.0,0.49
0.8,80,True,3.562266415298492,65,anderson_sd,20.0,0.49
1.0,80,True,3.562266415484109,66,anderson_sd,20.0,0.49
0.4,100,True,3.5622664147053005,64,anderson_sd,20.0,0.49
0.6,100,True,3.5622664157167483,65,anderson_sd,20.0,0.49
0.8,100,True,3.562266415298492,65,anderson_sd,20.0,0.49
1.0,100,True,3.562266415484109,66,anderson_sd,20.0,0.49
0.4,30,True,3.5622664156518,58,anderson_sis,20.0,0.49
0.6,30,True,3.562266416408897,56,anderson_sis,20.0,0.49
0.8,30,True,3.5622664155051487,53,anderson_sis,20.0,0.49
1.0,30,True,3.562266416109889,52,anderson_sis,20.0,0.49
0.4,50,True,3.562266414503701,56,anderson_sis,20.0,0.49
0.6,50,True,3.562266415154391,54,anderson_sis,20.0,0.49
0.8,50,True,3.56226641460628,53,anderson_sis,20.0,0.49
1.0,50,True,3.5622664139278,53,anderson_sis,20.0,0.49
0.4,80,True,3.56226641742118,56,anderson_sis,20.0,0.49
0.6,80,True,3.5622664175549827,54,anderson_sis,20.0,0.49
0.8,80,True,3.562266414721635,53,anderson_sis,20.0,0.49
1.0,80,True,3.562266414138559,53,anderson_sis,20.0,0.49
0.4,100,True,3.56226641742118,56,anderson_sis,20.0,0.49
0.6,100,True,3.5622664175549827,54,anderson_sis,20.0,0.49
0.8,100,True,3.562266414721635,53,anderson_sis,20.0,0.49
1.0,100,True,3.562266414138559,53,anderson_sis,20.0,0.49
0.4,0,True,3.562266414958275,240,etd,20.0,0.49
0.6,0,True,3.562266416962405,185,etd,20.0,0.49
0.8,0,True,3.562266417713439,191,etd,20.0,0.49
1.0,0,True,3.5622664166972458,204,etd,20.0,0.49
0.4,30,True,3.562266415572989,95,ngmres_etd,20.0,0.49
0.6,30,True,3.562266415687059,91,ngmres_etd,20.0,0.49
0.8,30,True,3.562266415271127,91,ngmres_etd,20.0,0.49
1.0,30,True,3.5622664147630365,87,ngmres_etd,20.0,0.49
0.4,50,True,3.5622664154579846,91,ngmres_etd,20.0,0.49
0.6,50,True,3.5622664151603534,89,ngmres_etd,20.0,0.49
0.8,50,True,3.562266415491953,89,ngmres_etd,20.0,0.49
1.0,50,True,3.562266415289722,83,ngmres_etd,20.0,0.49
0.4,80,True,3.5622664154579846,91,ngmres_etd,20.0,0.49
0.6,80,True,3.5622664151603534,89,ngmres_etd,20.0,0.49
0.8,80,True,3.562266415491953,89,ngmres_etd,20.0,0.49
1.0,80,True,3.562266415289722,83,ngmres_etd,20.0,0.49
0.4,100,True,3.5622664154579846,91,ngmres_etd,20.0,0.49
0.6,100,True,3.5622664151603534,89,ngmres_etd,20.0,0.49
0.8,100,True,3.562266415491953,89,ngmres_etd,20.0,0.49
1.0,100,True,3.562266415289722,83,ngmres_etd,20.0,0.49
0.4,30,True,3.562266414939974,129,ngmres_sd,20.0,0.49
0.6,30,True,3.5622664149472705,129,ngmres_sd,20.0,0.49
0.8,30,True,3.56226641494003,129,ngmres_sd,20.0,0.49
1.0,30,True,3.562266414943833,129,ngmres_sd,20.0,0.49
0.4,50,True,3.562266415747846,123,ngmres_sd,20.0,0.49
0.6,50,True,3.5622664157496464,123,ngmres_sd,20.0,0.49
0.8,50,True,3.562266415751512,123,ngmres_sd,20.0,0.49
1.0,50,True,3.562266415753012,123,ngmres_sd,20.0,0.49
0.4,80,True,3.5622664153695007,121,ngmres_sd,20.0,0.49
0.6,80,True,3.5622664153695123,121,ngmres_sd,20.0,0.49
0.8,80,True,3.562266415369184,121,ngmres_sd,20.0,0.49
1.0,80,True,3.562266415368888,121,ngmres_sd,20.0,0.49
0.4,100,True,3.5622664153695007,121,ngmres_sd,20.0,0.49
0.6,100,True,3.5622664153695123,121,ngmres_sd,20.0,0.49
0.8,100,True,3.562266415369184,121,ngmres_sd,20.0,0.49
1.0,100,True,3.562266415368888,121,ngmres_sd,20.0,0.49
0.4,30,True,3.562266416931755,93,ngmres_sis,20.0,0.49
0.6,30,True,3.5622664164404423,91,ngmres_sis,20.0,0.49
0.8,30,True,3.562266415722285,89,ngmres_sis,20.0,0.49
1.0,30,True,3.5622664167955165,89,ngmres_sis,20.0,0.49
0.4,50,True,3.562266415374703,91,ngmres_sis,20.0,0.49
0.6,50,True,3.56226641572215,89,ngmres_sis,20.0,0.49
0.8,50,True,3.5622664158143875,87,ngmres_sis,20.0,0.49
1.0,50,True,3.5622664153377697,87,ngmres_sis,20.0,0.49
0.4,80,True,3.562266415374703,91,ngmres_sis,20.0,0.49
0.6,80,True,3.56226641572215,89,ngmres_sis,20.0,0.49
0.8,80,True,3.5622664158143875,87,ngmres_sis,20.0,0.49
1.0,80,True,3.5622664153377697,87,ngmres_sis,20.0,0.49
0.4,100,True,3.562266415374703,91,ngmres_sis,20.0,0.49
0.6,100,True,3.56226641572215,89,ngmres_sis,20.0,0.49
0.8,100,True,3.5622664158143875,87,ngmres_sis,20.0,0.49
1.0,100,True,3.5622664153377697,87,ngmres_sis,20.0,0.49
0.4,30,True,3.562266414478405,120,oaccel_etd,20.0,0.49
0.6,30,True,3.562266414678014,116,oaccel_etd,20.0,0.49
0.8,30,True,3.5622664161027453,114,oaccel_etd,20.0,0.49
1.0,30,True,3.5622664143047533,114,oaccel_etd,20.0,0.49
0.4,50,True,3.562266415383036,98,oaccel_etd,20.0,0.49
0.6,50,True,3.562266415230177,94,oaccel_etd,20.0,0.49
0.8,50,True,3.562266415496512,90,oaccel_etd,20.0,0.49
1.0,50,True,3.562266415360572,90,oaccel_etd,20.0,0.49
0.4,80,True,3.562266415383036,98,oaccel_etd,20.0,0.49
0.6,80,True,3.562266415230177,94,oaccel_etd,20.0,0.49
0.8,80,True,3.562266415496512,90,oaccel_etd,20.0,0.49
1.0,80,True,3.562266415360572,90,oaccel_etd,20.0,0.49
0.4,100,True,3.562266415383036,98,oaccel_etd,20.0,0.49
0.6,100,True,3.562266415230177,94,oaccel_etd,20.0,0.49
0.8,100,True,3.562266415496512,90,oaccel_etd,20.0,0.49
1.0,100,True,3.562266415360572,90,oaccel_etd,20.0,0.49
0.4,30,True,3.5622664159639896,178,oaccel_sd,20.0,0.49
0.6,30,True,3.56226641702922,180,oaccel_sd,20.0,0.49
0.8,30,True,3.562266417047983,180,oaccel_sd,20.0,0.49
1.0,30,True,3.562266416793719,180,oaccel_sd,20.0,0.49
0.4,50,True,3.5622664164701527,150,oaccel_sd,20.0,0.49
0.6,50,True,3.5622664164528013,150,oaccel_sd,20.0,0.49
0.8,50,True,3.56226641642383,150,oaccel_sd,20.0,0.49
1.0,50,True,3.5622664163878106,150,oaccel_sd,20.0,0.49
0.4,80,True,3.5622664151207726,132,oaccel_sd,20.0,0.49
0.6,80,True,3.562266415120225,132,oaccel_sd,20.0,0.49
0.8,80,True,3.5622664151197485,132,oaccel_sd,20.0,0.49
1.0,80,True,3.5622664151193355,132,oaccel_sd,20.0,0.49
0.4,100,True,3.5622664151207726,132,oaccel_sd,20.0,0.49
0.6,100,True,3.562266415120225,132,oaccel_sd,20.0,0.49
0.8,100,True,3.5622664151197485,132,oaccel_sd,20.0,0.49
1.0,100,True,3.5622664151193355,132,oaccel_sd,20.0,0.49
0.4,30,True,3.5622664146447267,120,oaccel_sis,20.0,0.49
0.6,30,True,3.5622664146971896,112,oaccel_sis,20.0,0.49
0.8,30,True,3.5622664141718623,116,oaccel_sis,20.0,0.49
1.0,30,True,3.5622664150011687,108,oaccel_sis,20.0,0.49
0.4,50,True,3.562266415274867,98,oaccel_sis,20.0,0.49
0.6,50,True,3.5622664151683248,96,oaccel_sis,20.0,0.49
0.8,50,True,3.5622664152240047,94,oaccel_sis,20.0,0.49
1.0,50,True,3.562266415224196,92,oaccel_sis,20.0,0.49
0.4,80,True,3.562266415274867,98,oaccel_sis,20.0,0.49
0.6,80,True,3.5622664151683248,96,oaccel_sis,20.0,0.49
0.8,80,True,3.5622664152240047,94,oaccel_sis,20.0,0.49
1.0,80,True,3.562266415224196,92,oaccel_sis,20.0,0.49
0.4,100,True,3.562266415274867,98,oaccel_sis,20.0,0.49
0.6,100,True,3.5622664151683248,96,oaccel_sis,20.0,0.49
0.8,100,True,3.5622664152240047,94,oaccel_sis,20.0,0.49
1.0,100,True,3.562266415224196,92,oaccel_sis,20.0,0.49
0.2,0,True,3.562266414933096,396,sd,20.0,0.49
0.3,0,True,3.5622664149345367,263,sd,20.0,0.49
0.4,0,True,3.5622664149316288,196,sd,20.0,0.49
0.5,0,False,4.37800782667739,3000,sd,20.0,0.49
0.4,0,True,3.5622664149336165,358,sis,20.0,0.49
0.6,0,True,3.5622664149060563,292,sis,20.0,0.49
0.8,0,True,3.5622664148769605,259,sis,20.0,0.49
1.0,0,True,3.562266415055644,239,sis,20.0,0.49
0.4,30,True,3.562266413271153,55,anderson_etd,20.0,0.51
0.6,30,True,3.5622664144592164,51,anderson_etd,20.0,0.51
0.8,30,True,3.56226641432837,49,anderson_etd,20.0,0.51
1.0,30,True,3.562266415006285,49,anderson_etd,20.0,0.51
0.4,50,True,3.562266414885367,53,anderson_etd,20.0,0.51
0.6,50,True,3.562266410804363,50,anderson_etd,20.0,0.51
0.8,50,True,3.5622664119542806,49,anderson_etd,20.0,0.51
1.0,50,True,3.5622664122497403,48,anderson_etd,20.0,0.51
0.4,80,True,3.5622664152205044,53,anderson_etd,20.0,0.51
0.6,80,True,3.562266410804363,50,anderson_etd,20.0,0.51
0.8,80,True,3.5622664119542806,49,anderson_etd,20.0,0.51
1.0,80,True,3.5622664122497403,48,anderson_etd,20.0,0.51
0.4,100,True,3.5622664152205044,53,anderson_etd,20.0,0.51
0.6,100,True,3.562266410804363,50,anderson_etd,20.0,0.51
0.8,100,True,3.5622664119542806,49,anderson_etd,20.0,0.51
1.0,100,True,3.5622664122497403,48,anderson_etd,20.0,0.51
0.4,30,True,3.56226641507895,68,anderson_sd,20.0,0.51
0.6,30,True,3.562266415148734,70,anderson_sd,20.0,0.51
0.8,30,True,3.5622664152682937,71,anderson_sd,20.0,0.51
1.0,30,True,3.5622664146735543,71,anderson_sd,20.0,0.51
0.4,50,True,3.5622664142874667,66,anderson_sd,20.0,0.51
0.6,50,True,3.5622664141242444,67,anderson_sd,20.0,0.51
0.8,50,True,3.5622664151812256,68,anderson_sd,20.0,0.51
1.0,50,True,3.5622664154015133,70,anderson_sd,20.0,0.51
0.4,80,True,3.562266415641376,66,anderson_sd,20.0,0.51
0.6,80,True,3.562266415645678,67,anderson_sd,20.0,0.51
0.8,80,True,3.5622664144369693,68,anderson_sd,20.0,0.51
1.0,80,True,3.562266414442794,70,anderson_sd,20.0,0.51
0.4,100,True,3.562266415641376,66,anderson_sd,20.0,0.51
0.6,100,True,3.562266415645678,67,anderson_sd,20.0,0.51
0.8,100,True,3.5622664144369693,68,anderson_sd,20.0,0.51
1.0,100,True,3.562266414442794,70,anderson_sd,20.0,0.51
0.4,30,True,3.5622664153127124,59,anderson_sis,20.0,0.51
0.6,30,True,3.562266414461784,56,anderson_sis,20.0,0.51
0.8,30,True,3.5622664142188016,55,anderson_sis,20.0,0.51
1.0,30,True,3.562266414040921,53,anderson_sis,20.0,0.51
0.4,50,True,3.562266415720819,56,anderson_sis,20.0,0.51
0.6,50,True,3.562266417192088,54,anderson_sis,20.0,0.51
0.8,50,True,3.5622664148377847,53,anderson_sis,20.0,0.51
1.0,50,True,3.562266414028815,52,anderson_sis,20.0,0.51
0.4,80,True,3.56226641438518,57,anderson_sis,20.0,0.51
0.6,80,True,3.5622664142371967,55,anderson_sis,20.0,0.51
0.8,80,True,3.5622664152890358,53,anderson_sis,20.0,0.51
1.0,80,True,3.562266414039896,52,anderson_sis,20.0,0.51
0.4,100,True,3.56226641438518,57,anderson_sis,20.0,0.51
0.6,100,True,3.5622664142371967,55,anderson_sis,20.0,0.51
0.8,100,True,3.5622664152890358,53,anderson_sis,20.0,0.51
1.0,100,True,3.562266414039896,52,anderson_sis,20.0,0.51
0.4,0,True,3.5622664149164622,241,etd,20.0,0.51
0.6,0,True,3.562266412947375,185,etd,20.0,0.51
0.8,0,True,3.562266412232595,191,etd,20.0,0.51
1.0,0,True,3.562266413227575,204,etd,20.0,0.51
0.4,30,True,3.562266415020801,95,ngmres_etd,20.0,0.51
0.6,30,True,3.562266413452428,93,ngmres_etd,20.0,0.51
0.8,30,True,3.5622664134725,91,ngmres_etd,20.0,0.51
1.0,30,True,3.56226641549196,89,ngmres_etd,20.0,0.51
0.4,50,True,3.5622664146830445,93,ngmres_etd,20.0,0.51
0.6,50,True,3.5622664145777483,89,ngmres_etd,20.0,0.51
0.8,50,True,3.562266414030505,87,ngmres_etd,20.0,0.51
1.0,50,True,3.56226641436775,87,ngmres_etd,20.0,0.51
0.4,80,True,3.5622664146830445,93,ngmres_etd,20.0,0.51
0.6,80,True,3.5622664145777483,89,ngmres_etd,20.0,0.51
0.8,80,True,3.562266414030505,87,ngmres_etd,20.0,0.51
1.0,80,True,3.56226641436775,87,ngmres_etd,20.0,0.51
0.4,100,True,3.5622664146830445,93,ngmres_etd,20.0,0.51
0.6,100,True,3.5622664145777483,89,ngmres_etd,20.0,0.51
0.8,100,True,3.562266414030505,87,ngmres_etd,20.0,0.51
1.0,100,True,3.56226641436775,87,ngmres_etd,20.0,0.51
0.4,30,True,3.562266416214801,133,ngmres_sd,20.0,0.51
0.6,30,True,3.5622664162124105,133,ngmres_sd,20.0,0.51
0.8,30,True,3.56226641620965,133,ngmres_sd,20.0,0.51
1.0,30,True,3.562266416206513,133,ngmres_sd,20.0,0.51
0.4,50,True,3.562266414702579,127,ngmres_sd,20.0,0.51
0.6,50,True,3.562266414707432,127,ngmres_sd,20.0,0.51
0.8,50,True,3.562266414712885,127,ngmres_sd,20.0,0.51
1.0,50,True,3.562266414718941,127,ngmres_sd,20.0,0.51
0.4,80,True,3.562266414856876,127,ngmres_sd,20.0,0.51
0.6,80,True,3.562266414857258,127,ngmres_sd,20.0,0.51
0.8,80,True,3.562266414857673,127,ngmres_sd,20.0,0.51
1.0,80,True,3.562266414858128,127,ngmres_sd,20.0,0.51
0.4,100,True,3.562266414856876,127,ngmres_sd,20.0,0.51
0.6,100,True,3.562266414857258,127,ngmres_sd,20.0,0.51
0.8,100,True,3.562266414857673,127,ngmres_sd,20.0,0.51
1.0,100,True,3.562266414858128,127,ngmres_sd,20.0,0.51
0.4,30,True,3.5622664145299483,93,ngmres_sis,20.0,0.51
0.6,30,True,3.5622664149011687,91,ngmres_sis,20.0,0.51
0.8,30,True,3.5622664144248413,91,ngmres_sis,20.0,0.51
1.0,30,True,3.5622664139984077,89,ngmres_sis,20.0,0.51
0.4,50,True,3.562266414457918,91,ngmres_sis,20.0,0.51
0.6,50,True,3.562266414323659,89,ngmres_sis,20.0,0.51
0.8,50,True,3.562266414073269,87,ngmres_sis,20.0,0.51
1.0,50,True,3.5622664142843563,87,ngmres_sis,20.0,0.51
0.4,80,True,3.562266414457918,91,ngmres_sis,20.0,0.51
0.6,80,True,3.562266414323659,89,ngmres_sis,20.0,0.51
0.8,80,True,3.562266414073269,87,ngmres_sis,20.0,0.51
1.0,80,True,3.5622664142843563,87,ngmres_sis,20.0,0.51
0.4,100,True,3.562266414457918,91,ngmres_sis,20.0,0.51
0.6,100,True,3.562266414323659,89,ngmres_sis,20.0,0.51
0.8,100,True,3.562266414073269,87,ngmres_sis,20.0,0.51
1.0,100,True,3.5622664142843563,87,ngmres_sis,20.0,0.51
0.4,30,True,3.5622664127025017,116,oaccel_etd,20.0,0.51
0.6,30,True,3.562266416625225,118,oaccel_etd,20.0,0.51
0.8,30,True,3.5622664155498125,116,oaccel_etd,20.0,0.51
1.0,30,True,3.5622664137646005,118,oaccel_etd,20.0,0.51
0.4,50,True,3.562266414658298,100,oaccel_etd,20.0,0.51
0.6,50,True,3.5622664154025028,96,oaccel_etd,20.0,0.51
0.8,50,True,3.562266415074048,94,oaccel_etd,20.0,0.51
1.0,50,True,3.5622664139607467,94,oaccel_etd,20.0,0.51
0.4,80,True,3.562266414658298,100,oaccel_etd,20.0,0.51
0.6,80,True,3.5622664154025028,96,oaccel_etd,20.0,0.51
0.8,80,True,3.562266415074048,94,oaccel_etd,20.0,0.51
1.0,80,True,3.5622664139607467,94,oaccel_etd,20.0,0.51
0.4,100,True,3.562266414658298,100,oaccel_etd,20.0,0.51
0.6,100,True,3.5622664154025028,96,oaccel_etd,20.0,0.51
0.8,100,True,3.562266415074048,94,oaccel_etd,20.0,0.51
1.0,100,True,3.5622664139607467,94,oaccel_etd,20.0,0.51
0.4,30,True,3.562266413595837,182,oaccel_sd,20.0,0.51
0.6,30,True,3.562266415039866,180,oaccel_sd,20.0,0.51
0.8,30,True,3.5622664141822176,178,oaccel_sd,20.0,0.51
1.0,30,True,3.5622664151138625,180,oaccel_sd,20.0,0.51
0.4,50,True,3.56226641808838,154,oaccel_sd,20.0,0.51
0.6,50,True,3.5622664181407284,154,oaccel_sd,20.0,0.51
0.8,50,True,3.562266418190016,154,oaccel_sd,20.0,0.51
1.0,50,True,3.5622664182314576,154,oaccel_sd,20.0,0.51
0.4,80,True,3.562266415631685,140,oaccel_sd,20.0,0.51
0.6,80,True,3.562266415630111,140,oaccel_sd,20.0,0.51
0.8,80,True,3.562266415628427,140,oaccel_sd,20.0,0.51
1.0,80,True,3.562266415626665,140,oaccel_sd,20.0,0.51
0.4,100,True,3.562266415631685,140,oaccel_sd,20.0,0.51
0.6,100,True,3.562266415630111,140,oaccel_sd,20.0,0.51
0.8,100,True,3.562266415628427,140,oaccel_sd,20.0,0.51
1.0,100,True,3.562266415626665,140,oaccel_sd,20.0,0.51
0.4,30,True,3.5622664137569533,116,oaccel_sis,20.0,0.51
0.6,30,True,3.5622664178993126,116,oaccel_sis,20.0,0.51
0.8,30,True,3.5622664149606877,108,oaccel_sis,20.0,0.51
1.0,30,True,3.562266414715621,110,oaccel_sis,20.0,0.51
0.4,50,True,3.5622664152343946,98,oaccel_sis,20.0,0.51
0.6,50,True,3.5622664146599545,96,oaccel_sis,20.0,0.51
0.8,50,True,3.562266414821024,94,oaccel_sis,20.0,0.51
1.0,50,True,3.562266414755854,94,oaccel_sis,20.0,0.51
0.4,80,True,3.5622664152343946,98,oaccel_sis,20.0,0.51
0.6,80,True,3.5622664146599545,96,oaccel_sis,20.0,0.51
0.8,80,True,3.562266414821024,94,oaccel_sis,20.0,0.51
1.0,80,True,3.562266414755854,94,oaccel_sis,20.0,0.51
0.4,100,True,3.5622664152343946,98,oaccel_sis,20.0,0.51
0.6,100,True,3.5622664146599545,96,oaccel_sis,20.0,0.51
0.8,100,True,3.562266414821024,94,oaccel_sis,20.0,0.51
1.0,100,True,3.562266414755854,94,oaccel_sis,20.0,0.51
0.2,0,True,3.5622664149294536,397,sd,20.0,0.51
0.3,0,True,3.5622664149285947,264,sd,20.0,0.51
0.4,0,True,3.562266414931046,197,sd,20.0,0.51
0.5,0,False,4.376687709110475,3000,sd,20.0,0.51
0.4,0,True,3.562266414929635,359,sis,20.0,0.51
0.6,0,True,3.5622664149556185,293,sis,20.0,0.51
0.8,0,True,3.562266415004136,260,sis,20.0,0.51
1.0,0,True,3.56226641488965,240,sis,20.0,0.51
0.4,30,True,3.562266414819411,59,anderson_etd,20.0,0.52
0.6,30,True,3.562266414750809,55,anderson_etd,20.0,0.52
0.8,30,True,3.5622664142939438,53,anderson_etd,20.0,0.52
1.0,30,True,3.5622664146788035,52,anderson_etd,20.0,0.52
0.4,50,True,3.5622664145113143,58,anderson_etd,20.0,0.52
0.6,50,True,3.5622664152749666,53,anderson_etd,20.0,0.52
0.8,50,True,3.5622664148819423,53,anderson_etd,20.0,0.52
1.0,50,True,3.562266413619211,52,anderson_etd,20.0,0.52
0.4,80,True,3.562266415630302,58,anderson_etd,20.0,0.52
0.6,80,True,3.562266414893997,55,anderson_etd,20.0,0.52
0.8,80,True,3.562266415805956,53,anderson_etd,20.0,0.52
1.0,80,True,3.56226641361716,52,anderson_etd,20.0,0.52
0.4,100,True,3.562266415630302,58,anderson_etd,20.0,0.52
0.6,100,True,3.562266414893997,55,anderson_etd,20.0,0.52
0.8,100,True,3.562266415805956,53,anderson_etd,20.0,0.52
1.0,100,True,3.56226641361716,52,anderson_etd,20.0,0.52
0.4,30,True,3.562266414675628,72,anderson_sd,20.0,0.52
0.6,30,True,3.562266414973455,73,anderson_sd,20.0,0.52
0.8,30,True,3.562266415249968,73,anderson_sd,20.0,0.52
1.0,30,True,3.5622664144288034,74,anderson_sd,20.0,0.52
0.4,50,True,3.5622664144257428,70,anderson_sd,20.0,0.52
0.6,50,True,3.5622664145899705,70,anderson_sd,20.0,0.52
0.8,50,True,3.5622664143860607,71,anderson_sd,20.0,0.52
1.0,50,True,3.5622664140821634,72,anderson_sd,20.0,0.52
0.4,80,True,3.562266413694529,69,anderson_sd,20.0,0.52
0.6,80,True,3.5622664142805025,70,anderson_sd,20.0,0.52
0.8,80,True,3.562266415510793,71,anderson_sd,20.0,0.52
1.0,80,True,3.562266415038652,71,anderson_sd,20.0,0.52
0.4,100,True,3.562266413694529,69,anderson_sd,20.0,0.52
0.6,100,True,3.5622664142805025,70,anderson_sd,20.0,0.52
0.8,100,True,3.562266415510793,71,anderson_sd,20.0,0.52
1.0,100,True,3.562266415038652,71,anderson_sd,20.0,0.52
0.4,30,True,3.562266415099896,62,anderson_sis,20.0,0.52
0.6,30,True,3.5622664144072225,60,anderson_sis,20.0,0.52
0.8,30,True,3.5622664158153183,57,anderson_sis,20.0,0.52
1.0,30,True,3.56226641519807,57,anderson_sis,20.0,0.52
0.4,50,True,3.5622664149631103,61,anderson_sis,20.0,0.52
0.6,50,True,3.562266415191062,57,anderson_sis,20.0,0.52
0.8,50,True,3.562266413988965,56,anderson_sis,20.0,0.52
1.0,50,True,3.562266415338033,55,anderson_sis,20.0,0.52
0.4,80,True,3.56226641607694,61,anderson_sis,20.0,0.52
0.6,80,True,3.562266416301118,58,anderson_sis,20.0,0.52
0.8,80,True,3.562266415761206,57,anderson_sis,20.0,0.52
1.0,80,True,3.5622664160952704,56,anderson_sis,20.0,0.52
0.4,100,True,3.56226641607694,61,anderson_sis,20.0,0.52
0.6,100,True,3.562266416301118,58,anderson_sis,20.0,0.52
0.8,100,True,3.562266415761206,57,anderson_sis,20.0,0.52
1.0,100,True,3.5622664160952704,56,anderson_sis,20.0,0.52
0.4,0,True,3.5622664149793595,259,etd,20.0,0.52
0.6,0,True,3.562266416642303,194,etd,20.0,0.52
0.8,0,True,3.5622664171759237,199,etd,20.0,0.52
1.0,0,True,3.562266412590676,217,etd,20.0,0.52
0.4,30,True,3.56226641506136,103,ngmres_etd,20.0,0.52
0.6,30,True,3.5622664132233988,97,ngmres_etd,20.0,0.52
0.8,30,True,3.562266414826288,97,ngmres_etd,20.0,0.52
1.0,30,True,3.5622664143884237,97,ngmres_etd,20.0,0.52
0.4,50,True,3.5622664152850163,99,ngmres_etd,20.0,0.52
0.6,50,True,3.562266414787218,93,ngmres_etd,20.0,0.52
0.8,50,True,3.562266414218815,93,ngmres_etd,20.0,0.52
1.0,50,True,3.562266413872221,93,ngmres_etd,20.0,0.52
0.4,80,True,3.5622664152850163,99,ngmres_etd,20.0,0.52
0.6,80,True,3.562266414787218,93,ngmres_etd,20.0,0.52
0.8,80,True,3.562266414218815,93,ngmres_etd,20.0,0.52
1.0,80,True,3.562266413872221,93,ngmres_etd,20.0,0.52
0.4,100,True,3.5622664152850163,99,ngmres_etd,20.0,0.52
0.6,100,True,3.562266414787218,93,ngmres_etd,20.0,0.52
0.8,100,True,3.562266414218815,93,ngmres_etd,20.0,0.52
1.0,100,True,3.562266413872221,93,ngmres_etd,20.0,0.52
0.4,30,True,3.5622664148796765,141,ngmres_sd,20.0,0.52
0.6,30,True,3.562266414909949,141,ngmres_sd,20.0,0.52
0.8,30,True,3.562266414949208,141,ngmres_sd,20.0,0.52
1.0,30,True,3.56226641499509,141,ngmres_sd,20.0,0.52
0.4,50,True,3.562266415157551,133,ngmres_sd,20.0,0.52
0.6,50,True,3.562266415184694,133,ngmres_sd,20.0,0.52
0.8,50,True,3.5622664152143786,133,ngmres_sd,20.0,0.52
1.0,50,True,3.562266415246945,133,ngmres_sd,20.0,0.52
0.4,80,True,3.5622664148812904,133,ngmres_sd,20.0,0.52
0.6,80,True,3.562266414881954,133,ngmres_sd,20.0,0.52
0.8,80,True,3.5622664148826875,133,ngmres_sd,20.0,0.52
1.0,80,True,3.5622664148835046,133,ngmres_sd,20.0,0.52
0.4,100,True,3.5622664148812904,133,ngmres_sd,20.0,0.52
0.6,100,True,3.562266414881954,133,ngmres_sd,20.0,0.52
0.8,100,True,3.5622664148826875,133,ngmres_sd,20.0,0.52
1.0,100,True,3.5622664148835046,133,ngmres_sd,20.0,0.52
0.4,30,True,3.562266414480864,101,ngmres_sis,20.0,0.52
0.6,30,True,3.5622664153741805,97,ngmres_sis,20.0,0.52
0.8,30,True,3.562266415773135,95,ngmres_sis,20.0,0.52
1.0,30,True,3.562266415121086,93,ngmres_sis,20.0,0.52
0.4,50,True,3.5622664151022434,97,ngmres_sis,20.0,0.52
0.6,50,True,3.5622664145487803,93,ngmres_sis,20.0,0.52
0.8,50,True,3.5622664149025267,93,ngmres_sis,20.0,0.52
1.0,50,True,3.562266414375763,91,ngmres_sis,20.0,0.52
0.4,80,True,3.5622664151022434,97,ngmres_sis,20.0,0.52
0.6,80,True,3.5622664145487803,93,ngmres_sis,20.0,0.52
0.8,80,True,3.5622664149025267,93,ngmres_sis,20.0,0.52
1.0,80,True,3.562266414375763,91,ngmres_sis,20.0,0.52
0.4,100,True,3.5622664151022434,97,ngmres_sis,20.0,0.52
0.6,100,True,3.5622664145487803,93,ngmres_sis,20.0,0.52
0.8,100,True,3.5622664149025267,93,ngmres_sis,20.0,0.52
1.0,100,True,3.562266414375763,91,ngmres_sis,20.0,0.52
0.4,30,True,3.56226641380956,126,oaccel_etd,20.0,0.52
0.6,30,True,3.5622664143047924,120,oaccel_etd,20.0,0.52
0.8,30,True,3.5622664141210283,124,oaccel_etd,20.0,0.52
1.0,30,True,3.5622664145258183,122,oaccel_etd,20.0,0.52
0.4,50,True,3.562266414202557,106,oaccel_etd,20.0,0.52
0.6,50,True,3.5622664156945367,102,oaccel_etd,20.0,0.52
0.8,50,True,3.562266415161135,100,oaccel_etd,20.0,0.52
1.0,50,True,3.562266414789754,98,oaccel_etd,20.0,0.52
0.4,80,True,3.562266414476782,106,oaccel_etd,20.0,0.52
0.6,80,True,3.5622664156945367,102,oaccel_etd,20.0,0.52
0.8,80,True,3.562266415161135,100,oaccel_etd,20.0,0.52
1.0,80,True,3.562266414789754,98,oaccel_etd,20.0,0.52
0.4,100,True,3.562266414476782,106,oaccel_etd,20.0,0.52
0.6,100,True,3.5622664156945367,102,oaccel_etd,20.0,0.52
0.8,100,True,3.562266415161135,100,oaccel_etd,20.0,0.52
1.0,100,True,3.562266414789754,98,oaccel_etd,20.0,0.52
0.4,30,True,3.562266417164805,280,oaccel_sd,20.0,0.52
0.6,30,True,3.5622664176111627,432,oaccel_sd,20.0,0.52
0.8,30,True,3.562266416870002,290,oaccel_sd,20.0,0.52
1.0,30,True,3.562266416645068,266,oaccel_sd,20.0,0.52
0.4,50,True,3.5622664152188257,162,oaccel_sd,20.0,0.52
0.6,50,True,3.56226641518598,162,oaccel_sd,20.0,0.52
0.8,50,True,3.5622664132771438,158,oaccel_sd,20.0,0.52
1.0,50,True,3.562266413602125,158,oaccel_sd,20.0,0.52
0.4,80,True,3.5622664146111163,142,oaccel_sd,20.0,0.52
0.6,80,True,3.562266414595631,142,oaccel_sd,20.0,0.52
0.8,80,True,3.562266414583544,142,oaccel_sd,20.0,0.52
1.0,80,True,3.562266414575792,142,oaccel_sd,20.0,0.52
0.4,100,True,3.5622664146111163,142,oaccel_sd,20.0,0.52
0.6,100,True,3.562266414595631,142,oaccel_sd,20.0,0.52
0.8,100,True,3.562266414583544,142,oaccel_sd,20.0,0.52
1.0,100,True,3.562266414575792,142,oaccel_sd,20.0,0.52
0.4,30,True,3.562266412320196,128,oaccel_sis,20.0,0.52
0.6,30,True,3.562266414712385,124,oaccel_sis,20.0,0.52
0.8,30,True,3.5622664153809342,120,oaccel_sis,20.0,0.52
1.0,30,True,3.56226641477393,118,oaccel_sis,20.0,0.52
0.4,50,True,3.5622664148761998,104,oaccel_sis,20.0,0.52
0.6,50,True,3.5622664151922026,100,oaccel_sis,20.0,0.52
0.8,50,True,3.562266415505865,98,oaccel_sis,20.0,0.52
1.0,50,True,3.5622664151139363,98,oaccel_sis,20.0,0.52
0.4,80,True,3.562266414813468,104,oaccel_sis,20.0,0.52
0.6,80,True,3.5622664151922026,100,oaccel_sis,20.0,0.52
0.8,80,True,3.562266415505865,98,oaccel_sis,20.0,0.52
1.0,80,True,3.5622664151139363,98,oaccel_sis,20.0,0.52
0.4,100,True,3.562266414813468,104,oaccel_sis,20.0,0.52
0.6,100,True,3.5622664151922026,100,oaccel_sis,20.0,0.52
0.8,100,True,3.562266415505865,98,oaccel_sis,20.0,0.52
1.0,100,True,3.5622664151139363,98,oaccel_sis,20.0,0.52
0.2,0,True,3.5622664149948786,427,sd,20.0,0.52
0.3,0,True,3.5622664149943857,283,sd,20.0,0.52
0.4,0,True,3.5622664149952774,212,sd,20.0,0.52
0.5,0,False,4.402329714263155,3000,sd,20.0,0.52
0.4,0,True,3.562266414997376,386,sis,20.0,0.52
0.6,0,True,3.562266415000977,315,sis,20.0,0.52
0.8,0,True,3.562266414963095,280,sis,20.0,0.52
1.0,0,True,3.562266414848269,258,sis,20.0,0.52
0.4,30,True,3.5622664151504804,60,anderson_etd,20.0,0.53
0.6,30,True,3.562266415476888,56,anderson_etd,20.0,0.53
0.8,30,True,3.56226641565757,55,anderson_etd,20.0,0.53
1.0,30,True,3.5622664150734664,54,anderson_etd,20.0,0.53
0.4,50,True,3.5622664158130632,59,anderson_etd,20.0,0.53
0.6,50,True,3.562266416164382,55,anderson_etd,20.0,0.53
0.8,50,True,3.562266415702439,53,anderson_etd,20.0,0.53
1.0,50,True,3.5622664153593915,53,anderson_etd,20.0,0.53
0.4,80,True,3.562266417339151,59,anderson_etd,20.0,0.53
0.6,80,True,3.5622664171940794,56,anderson_etd,20.0,0.53
0.8,80,True,3.5622664170848086,53,anderson_etd,20.0,0.53
1.0,80,True,3.5622664155297583,53,anderson_etd,20.0,0.53
0.4,100,True,3.562266417339151,59,anderson_etd,20.0,0.53
0.6,100,True,3.5622664171940794,56,anderson_etd,20.0,0.53
0.8,100,True,3.5622664170848086,53,anderson_etd,20.0,0.53
1.0,100,True,3.5622664155297583,53,anderson_etd,20.0,0.53
0.4,30,True,3.562266415313202,75,anderson_sd,20.0,0.53
0.6,30,True,3.5622664148492023,75,anderson_sd,20.0,0.53
0.8,30,True,3.562266415279919,75,anderson_sd,20.0,0.53
1.0,30,True,3.562266415454478,76,anderson_sd,20.0,0.53
0.4,50,True,3.562266415461263,71,anderson_sd,20.0,0.53
0.6,50,True,3.562266415394445,72,anderson_sd,20.0,0.53
0.8,50,True,3.562266415464082,73,anderson_sd,20.0,0.53
1.0,50,True,3.562266414111182,75,anderson_sd,20.0,0.53
0.4,80,True,3.562266415333675,71,anderson_sd,20.0,0.53
0.6,80,True,3.5622664153028154,72,anderson_sd,20.0,0.53
0.8,80,True,3.562266415408306,73,anderson_sd,20.0,0.53
1.0,80,True,3.562266415722007,74,anderson_sd,20.0,0.53
0.4,100,True,3.562266415333675,71,anderson_sd,20.0,0.53
0.6,100,True,3.5622664153028154,72,anderson_sd,20.0,0.53
0.8,100,True,3.562266415408306,73,anderson_sd,20.0,0.53
1.0,100,True,3.562266415722007,74,anderson_sd,20.0,0.53
0.4,30,True,3.56226641509421,64,anderson_sis,20.0,0.53
0.6,30,True,3.562266415554449,61,anderson_sis,20.0,0.53
0.8,30,True,3.562266415400588,58,anderson_sis,20.0,0.53
1.0,30,True,3.5622664151161665,57,anderson_sis,20.0,0.53
0.4,50,True,3.562266414613055,62,anderson_sis,20.0,0.53
0.6,50,True,3.562266415445354,58,anderson_sis,20.0,0.53
0.8,50,True,3.5622664148034677,57,anderson_sis,20.0,0.53
1.0,50,True,3.5622664166061533,56,anderson_sis,20.0,0.53
0.4,80,True,3.562266415192898,64,anderson_sis,20.0,0.53
0.6,80,True,3.5622664187987505,59,anderson_sis,20.0,0.53
0.8,80,True,3.5622664180523875,58,anderson_sis,20.0,0.53
1.0,80,True,3.562266417101762,56,anderson_sis,20.0,0.53
0.4,100,True,3.562266415192898,64,anderson_sis,20.0,0.53
0.6,100,True,3.5622664187987505,59,anderson_sis,20.0,0.53
0.8,100,True,3.5622664180523875,58,anderson_sis,20.0,0.53
1.0,100,True,3.562266417101762,56,anderson_sis,20.0,0.53
0.4,0,True,3.562266415141358,269,etd,20.0,0.53
0.6,0,True,3.5622664132559203,201,etd,20.0,0.53
0.8,0,True,3.562266412654472,206,etd,20.0,0.53
1.0,0,True,3.562266418504617,223,etd,20.0,0.53
0.4,30,True,3.562266415363373,105,ngmres_etd,20.0,0.53
0.6,30,True,3.562266415865192,99,ngmres_etd,20.0,0.53
0.8,30,True,3.5622664151162784,97,ngmres_etd,20.0,0.53
1.0,30,True,3.5622664144429885,97,ngmres_etd,20.0,0.53
0.4,50,True,3.5622664153582786,101,ngmres_etd,20.0,0.53
0.6,50,True,3.5622664155321475,95,ngmres_etd,20.0,0.53
0.8,50,True,3.562266414881845,93,ngmres_etd,20.0,0.53
1.0,50,True,3.5622664150511065,93,ngmres_etd,20.0,0.53
0.4,80,True,3.562266415392263,101,ngmres_etd,20.0,0.53
0.6,80,True,3.5622664155321475,95,ngmres_etd,20.0,0.53
0.8,80,True,3.562266414881845,93,ngmres_etd,20.0,0.53
1.0,80,True,3.5622664150511065,93,ngmres_etd,20.0,0.53
0.4,100,True,3.562266415392263,101,ngmres_etd,20.0,0.53
0.6,100,True,3.5622664155321475,95,ngmres_etd,20.0,0.53
0.8,100,True,3.562266414881845,93,ngmres_etd,20.0,0.53
1.0,100,True,3.5622664150511065,93,ngmres_etd,20.0,0.53
0.4,30,True,3.5622664150744416,143,ngmres_sd,20.0,0.53
0.6,30,True,3.562266415002675,143,ngmres_sd,20.0,0.53
0.8,30,True,3.562266414913023,143,ngmres_sd,20.0,0.53
1.0,30,True,3.5622664148559675,143,ngmres_sd,20.0,0.53
0.4,50,True,3.56226641359637,139,ngmres_sd,20.0,0.53
0.6,50,True,3.5622664136298745,139,ngmres_sd,20.0,0.53
0.8,50,True,3.5622664137138944,139,ngmres_sd,20.0,0.53
1.0,50,True,3.5622664136701943,137,ngmres_sd,20.0,0.53
0.4,80,True,3.5622664150497574,137,ngmres_sd,20.0,0.53
0.6,80,True,3.562266415051652,137,ngmres_sd,20.0,0.53
0.8,80,True,3.562266415054533,137,ngmres_sd,20.0,0.53
1.0,80,True,3.5622664150586765,137,ngmres_sd,20.0,0.53
0.4,100,True,3.5622664150497574,137,ngmres_sd,20.0,0.53
0.6,100,True,3.562266415051652,137,ngmres_sd,20.0,0.53
0.8,100,True,3.562266415054533,137,ngmres_sd,20.0,0.53
1.0,100,True,3.5622664150586765,137,ngmres_sd,20.0,0.53
0.4,30,True,3.562266414163293,103,ngmres_sis,20.0,0.53
0.6,30,True,3.562266415090116,97,ngmres_sis,20.0,0.53
0.8,30,True,3.5622664148172323,97,ngmres_sis,20.0,0.53
1.0,30,True,3.562266414202271,95,ngmres_sis,20.0,0.53
0.4,50,True,3.5622664152234025,97,ngmres_sis,20.0,0.53
0.6,50,True,3.5622664150900745,93,ngmres_sis,20.0,0.53
0.8,50,True,3.562266415041,91,ngmres_sis,20.0,0.53
1.0,50,True,3.562266414929565,91,ngmres_sis,20.0,0.53
0.4,80,True,3.5622664152234025,97,ngmres_sis,20.0,0.53
0.6,80,True,3.5622664150900745,93,ngmres_sis,20.0,0.53
0.8,80,True,3.562266415041,91,ngmres_sis,20.0,0.53
1.0,80,True,3.562266414929565,91,ngmres_sis,20.0,0.53
0.4,100,True,3.5622664152234025,97,ngmres_sis,20.0,0.53
0.6,100,True,3.5622664150900745,93,ngmres_sis,20.0,0.53
0.8,100,True,3.562266415041,91,ngmres_sis,20.0,0.53
1.0,100,True,3.562266414929565,91,ngmres_sis,20.0,0.53
0.4,30,True,3.562266415647328,128,oaccel_etd,20.0,0.53
0.6,30,True,3.5622664154305914,128,oaccel_etd,20.0,0.53
0.8,30,True,3.5622664161336823,124,oaccel_etd,20.0,0.53
1.0,30,True,3.562266416279128,124,oaccel_etd,20.0,0.53
0.4,50,True,3.562266415636091,108,oaccel_etd,20.0,0.53
0.6,50,True,3.5622664151554053,104,oaccel_etd,20.0,0.53
0.8,50,True,3.5622664147216216,100,oaccel_etd,20.0,0.53
1.0,50,True,3.562266414874248,100,oaccel_etd,20.0,0.53
0.4,80,True,3.562266415417036,108,oaccel_etd,20.0,0.53
0.6,80,True,3.5622664151027905,104,oaccel_etd,20.0,0.53
0.8,80,True,3.5622664147216216,100,oaccel_etd,20.0,0.53
1.0,80,True,3.562266414874248,100,oaccel_etd,20.0,0.53
0.4,100,True,3.562266415417036,108,oaccel_etd,20.0,0.53
0.6,100,True,3.5622664151027905,104,oaccel_etd,20.0,0.53
0.8,100,True,3.5622664147216216,100,oaccel_etd,20.0,0.53
1.0,100,True,3.562266414874248,100,oaccel_etd,20.0,0.53
0.4,30,True,3.5622664152700025,276,oaccel_sd,20.0,0.53
0.6,30,True,3.56226641629586,348,oaccel_sd,20.0,0.53
0.8,30,True,3.5622664158232373,556,oaccel_sd,20.0,0.53
1.0,30,True,3.562266416742851,530,oaccel_sd,20.0,0.53
0.4,50,True,3.5622664138946547,166,oaccel_sd,20.0,0.53
0.6,50,True,3.562266414246605,166,oaccel_sd,20.0,0.53
0.8,50,True,3.5622664144645952,166,oaccel_sd,20.0,0.53
1.0,50,True,3.562266416092405,164,oaccel_sd,20.0,0.53
0.4,80,True,3.562266414868013,150,oaccel_sd,20.0,0.53
0.6,80,True,3.562266414862944,150,oaccel_sd,20.0,0.53
0.8,80,True,3.562266414853699,150,oaccel_sd,20.0,0.53
1.0,80,True,3.5622664148530845,150,oaccel_sd,20.0,0.53
0.4,100,True,3.562266414868013,150,oaccel_sd,20.0,0.53
0.6,100,True,3.562266414862944,150,oaccel_sd,20.0,0.53
0.8,100,True,3.562266414853699,150,oaccel_sd,20.0,0.53
1.0,100,True,3.5622664148530845,150,oaccel_sd,20.0,0.53
0.4,30,True,3.562266414300777,132,oaccel_sis,20.0,0.53
0.6,30,True,3.562266415462381,124,oaccel_sis,20.0,0.53
0.8,30,True,3.5622664118066067,122,oaccel_sis,20.0,0.53
1.0,30,True,3.562266415139092,122,oaccel_sis,20.0,0.53
0.4,50,True,3.5622664148958467,106,oaccel_sis,20.0,0.53
0.6,50,True,3.562266415049307,102,oaccel_sis,20.0,0.53
0.8,50,True,3.562266414957471,100,oaccel_sis,20.0,0.53
1.0,50,True,3.562266414945535,100,oaccel_sis,20.0,0.53
0.4,80,True,3.562266415254664,106,oaccel_sis,20.0,0.53
0.6,80,True,3.562266415049307,102,oaccel_sis,20.0,0.53
0.8,80,True,3.562266414957471,100,oaccel_sis,20.0,0.53
1.0,80,True,3.562266414945535,100,oaccel_sis,20.0,0.53
0.4,100,True,3.562266415254664,106,oaccel_sis,20.0,0.53
0.6,100,True,3.562266415049307,102,oaccel_sis,20.0,0.53
0.8,100,True,3.562266414957471,100,oaccel_sis,20.0,0.53
1.0,100,True,3.562266414945535,100,oaccel_sis,20.0,0.53
0.2,0,True,3.5622664151269063,443,sd,20.0,0.53
0.3,0,True,3.562266415126841,294,sd,20.0,0.53
0.4,0,True,3.562266415127094,220,sd,20.0,0.53
0.5,0,False,4.244602278282515,3000,sd,20.0,0.53
0.4,0,True,3.56226641512981,401,sis,20.0,0.53
0.6,0,True,3.562266415133376,327,sis,20.0,0.53
0.8,0,True,3.562266415171119,290,sis,20.0,0.53
1.0,0,True,3.562266415187308,267,sis,20.0,0.53
0.4,30,True,3.5622664152410524,61,anderson_etd,20.0,0.54
0.6,30,True,3.5622664151956265,57,anderson_etd,20.0,0.54
0.8,30,True,3.562266414920112,53,anderson_etd,20.0,0.54
1.0,30,True,3.562266415692843,52,anderson_etd,20.0,0.54
0.4,50,True,3.562266415105533,59,anderson_etd,20.0,0.54
0.6,50,True,3.5622664150411785,55,anderson_etd,20.0,0.54
0.8,50,True,3.5622664157119504,53,anderson_etd,20.0,0.54
1.0,50,True,3.562266415867408,52,anderson_etd,20.0,0.54
0.4,80,True,3.562266412153788,61,anderson_etd,20.0,0.54
0.6,80,True,3.5622664144402627,57,anderson_etd,20.0,0.54
0.8,80,True,3.5622664157312744,53,anderson_etd,20.0,0.54
1.0,80,True,3.5622664158675645,52,anderson_etd,20.0,0.54
0.4,100,True,3.562266412153788,61,anderson_etd,20.0,0.54
0.6,100,True,3.5622664144402627,57,anderson_etd,20.0,0.54
0.8,100,True,3.5622664157312744,53,anderson_etd,20.0,0.54
1.0,100,True,3.5622664158675645,52,anderson_etd,20.0,0.54
0.4,30,True,3.562266414711617,74,anderson_sd,20.0,0.54
0.6,30,True,3.5622664151165724,75,anderson_sd,20.0,0.54
0.8,30,True,3.5622664156006607,77,anderson_sd,20.0,0.54
1.0,30,True,3.5622664151529584,78,anderson_sd,20.0,0.54
0.4,50,True,3.562266414976663,71,anderson_sd,20.0,0.54
0.6,50,True,3.562266415598508,73,anderson_sd,20.0,0.54
0.8,50,True,3.562266415090452,73,anderson_sd,20.0,0.54
1.0,50,True,3.5622664154316457,74,anderson_sd,20.0,0.54
0.4,80,True,3.5622664140390263,71,anderson_sd,20.0,0.54
0.6,80,True,3.5622664153738146,72,anderson_sd,20.0,0.54
0.8,80,True,3.5622664166481237,73,anderson_sd,20.0,0.54
1.0,80,True,3.562266415498846,74,anderson_sd,20.0,0.54
0.4,100,True,3.5622664140390263,71,anderson_sd,20.0,0.54
0.6,100,True,3.5622664153738146,72,anderson_sd,20.0,0.54
0.8,100,True,3.5622664166481237,73,anderson_sd,20.0,0.54
1.0,100,True,3.562266415498846,74,anderson_sd,20.0,0.54
0.4,30,True,3.562266414108036,66,anderson_sis,20.0,0.54
0.6,30,True,3.5622664139776443,62,anderson_sis,20.0,0.54
0.8,30,True,3.56226641545626,60,anderson_sis,20.0,0.54
1.0,30,True,3.5622664148735,58,anderson_sis,20.0,0.54
0.4,50,True,3.56226641356029,64,anderson_sis,20.0,0.54
0.6,50,True,3.562266414937115,60,anderson_sis,20.0,0.54
0.8,50,True,3.5622664149909262,58,anderson_sis,20.0,0.54
1.0,50,True,3.562266415396886,57,anderson_sis,20.0,0.54
0.4,80,True,3.5622664116745675,65,anderson_sis,20.0,0.54
0.6,80,True,3.5622664139989872,61,anderson_sis,20.0,0.54
0.8,80,True,3.5622664185780284,58,anderson_sis,20.0,0.54
1.0,80,True,3.5622664179305223,57,anderson_sis,20.0,0.54
0.4,100,True,3.5622664116745675,65,anderson_sis,20.0,0.54
0.6,100,True,3.5622664139989872,61,anderson_sis,20.0,0.54
0.8,100,True,3.5622664185780284,58,anderson_sis,20.0,0.54
1.0,100,True,3.5622664179305223,57,anderson_sis,20.0,0.54
0.4,0,True,3.5622664149422203,276,etd,20.0,0.54
0.6,0,True,3.562266413519516,203,etd,20.0,0.54
0.8,0,True,3.562266411692904,206,etd,20.0,0.54
1.0,0,True,3.5622664178334063,224,etd,20.0,0.54
0.4,30,True,3.562266414457301,109,ngmres_etd,20.0,0.54
0.6,30,True,3.562266415006669,101,ngmres_etd,20.0,0.54
0.8,30,True,3.5622664148599297,99,ngmres_etd,20.0,0.54
1.0,30,True,3.562266415376606,97,ngmres_etd,20.0,0.54
0.4,50,True,3.562266415359326,103,ngmres_etd,20.0,0.54
0.6,50,True,3.5622664148018632,97,ngmres_etd,20.0,0.54
0.8,50,True,3.562266414878144,93,ngmres_etd,20.0,0.54
1.0,50,True,3.562266415717421,91,ngmres_etd,20.0,0.54
0.4,80,True,3.562266415371697,103,ngmres_etd,20.0,0.54
0.6,80,True,3.5622664148018632,97,ngmres_etd,20.0,0.54
0.8,80,True,3.562266414878144,93,ngmres_etd,20.0,0.54
1.0,80,True,3.562266415717421,91,ngmres_etd,20.0,0.54
0.4,100,True,3.562266415371697,103,ngmres_etd,20.0,0.54
0.6,100,True,3.5622664148018632,97,ngmres_etd,20.0,0.54
0.8,100,True,3.562266414878144,93,ngmres_etd,20.0,0.54
1.0,100,True,3.562266415717421,91,ngmres_etd,20.0,0.54
0.4,30,True,3.562266414726298,141,ngmres_sd,20.0,0.54
0.6,30,True,3.5622664138705744,143,ngmres_sd,20.0,0.54
0.8,30,True,3.562266414267921,143,ngmres_sd,20.0,0.54
1.0,30,True,3.562266414204922,143,ngmres_sd,20.0,0.54
0.4,50,True,3.56226641516644,139,ngmres_sd,20.0,0.54
0.6,50,True,3.5622664150597823,139,ngmres_sd,20.0,0.54
0.8,50,True,3.562266413794445,137,ngmres_sd,20.0,0.54
1.0,50,True,3.5622664138349327,137,ngmres_sd,20.0,0.54
0.4,80,True,3.5622664148060608,137,ngmres_sd,20.0,0.54
0.6,80,True,3.5622664148105185,137,ngmres_sd,20.0,0.54
0.8,80,True,3.562266414816591,137,ngmres_sd,20.0,0.54
1.0,80,True,3.5622664148257472,137,ngmres_sd,20.0,0.54
0.4,100,True,3.5622664148060608,137,ngmres_sd,20.0,0.54
0.6,100,True,3.5622664148105185,137,ngmres_sd,20.0,0.54
0.8,100,True,3.562266414816591,137,ngmres_sd,20.0,0.54
1.0,100,True,3.5622664148257472,137,ngmres_sd,20.0,0.54
0.4,30,True,3.562266415794205,105,ngmres_sis,20.0,0.54
0.6,30,True,3.5622664151332515,101,ngmres_sis,20.0,0.54
0.8,30,True,3.562266415383058,99,ngmres_sis,20.0,0.54
1.0,30,True,3.562266414938354,97,ngmres_sis,20.0,0.54
0.4,50,True,3.562266415029299,101,ngmres_sis,20.0,0.54
0.6,50,True,3.5622664151191605,97,ngmres_sis,20.0,0.54
0.8,50,True,3.562266415179989,95,ngmres_sis,20.0,0.54
1.0,50,True,3.5622664150005443,93,ngmres_sis,20.0,0.54
0.4,80,True,3.562266415124021,101,ngmres_sis,20.0,0.54
0.6,80,True,3.5622664151191605,97,ngmres_sis,20.0,0.54
0.8,80,True,3.562266415179989,95,ngmres_sis,20.0,0.54
1.0,80,True,3.5622664150005443,93,ngmres_sis,20.0,0.54
0.4,100,True,3.562266415124021,101,ngmres_sis,20.0,0.54
0.6,100,True,3.5622664151191605,97,ngmres_sis,20.0,0.54
0.8,100,True,3.562266415179989,95,ngmres_sis,20.0,0.54
1.0,100,True,3.5622664150005443,93,ngmres_sis,20.0,0.54
0.4,30,True,3.562266414691573,166,oaccel_etd,20.0,0.54
0.6,30,True,3.562266414562626,132,oaccel_etd,20.0,0.54
0.8,30,True,3.562266415340013,124,oaccel_etd,20.0,0.54
1.0,30,True,3.5622664145703675,126,oaccel_etd,20.0,0.54
0.4,50,True,3.5622664159883586,120,oaccel_etd,20.0,0.54
0.6,50,True,3.5622664153204022,106,oaccel_etd,20.0,0.54
0.8,50,True,3.5622664150707246,100,oaccel_etd,20.0,0.54
1.0,50,True,3.56226641545501,96,oaccel_etd,20.0,0.54
0.4,80,True,3.562266415207336,112,oaccel_etd,20.0,0.54
0.6,80,True,3.5622664155213544,106,oaccel_etd,20.0,0.54
0.8,80,True,3.5622664150707246,100,oaccel_etd,20.0,0.54
1.0,80,True,3.56226641545501,96,oaccel_etd,20.0,0.54
0.4,100,True,3.562266415207336,112,oaccel_etd,20.0,0.54
0.6,100,True,3.5622664155213544,106,oaccel_etd,20.0,0.54
0.8,100,True,3.5622664150707246,100,oaccel_etd,20.0,0.54
1.0,100,True,3.56226641545501,96,oaccel_etd,20.0,0.54
0.4,30,True,3.562266413506636,1112,oaccel_sd,20.0,0.54
0.6,30,True,3.5622664143028477,1082,oaccel_sd,20.0,0.54
0.8,30,True,3.562266416542487,838,oaccel_sd,20.0,0.54
1.0,30,True,3.5622664146889287,858,oaccel_sd,20.0,0.54
0.4,50,True,3.562266414925048,172,oaccel_sd,20.0,0.54
0.6,50,True,3.5622664146226537,172,oaccel_sd,20.0,0.54
0.8,50,True,3.562266414382888,172,oaccel_sd,20.0,0.54
1.0,50,True,3.562266414407695,172,oaccel_sd,20.0,0.54
0.4,80,True,3.562266415259568,152,oaccel_sd,20.0,0.54
0.6,80,True,3.56226641526414,152,oaccel_sd,20.0,0.54
0.8,80,True,3.5622664152683843,152,oaccel_sd,20.0,0.54
1.0,80,True,3.5622664150954826,150,oaccel_sd,20.0,0.54
0.4,100,True,3.562266415259568,152,oaccel_sd,20.0,0.54
0.6,100,True,3.56226641526414,152,oaccel_sd,20.0,0.54
0.8,100,True,3.5622664152683843,152,oaccel_sd,20.0,0.54
1.0,100,True,3.5622664150954826,150,oaccel_sd,20.0,0.54
0.4,30,True,3.5622664151842214,148,oaccel_sis,20.0,0.54
0.6,30,True,3.562266416847634,142,oaccel_sis,20.0,0.54
0.8,30,True,3.5622664138212645,134,oaccel_sis,20.0,0.54
1.0,30,True,3.56226641403521,124,oaccel_sis,20.0,0.54
0.4,50,True,3.5622664140480618,112,oaccel_sis,20.0,0.54
0.6,50,True,3.562266415110635,102,oaccel_sis,20.0,0.54
0.8,50,True,3.562266414670189,100,oaccel_sis,20.0,0.54
1.0,50,True,3.5622664154470174,100,oaccel_sis,20.0,0.54
0.4,80,True,3.562266415019942,110,oaccel_sis,20.0,0.54
0.6,80,True,3.562266415110635,102,oaccel_sis,20.0,0.54
0.8,80,True,3.562266414670189,100,oaccel_sis,20.0,0.54
1.0,80,True,3.5622664154470174,100,oaccel_sis,20.0,0.54
0.4,100,True,3.562266415019942,110,oaccel_sis,20.0,0.54
0.6,100,True,3.562266415110635,102,oaccel_sis,20.0,0.54
0.8,100,True,3.562266414670189,100,oaccel_sis,20.0,0.54
1.0,100,True,3.5622664154470174,100,oaccel_sis,20.0,0.54
0.2,0,True,3.5622664149377385,455,sd,20.0,0.54
0.3,0,True,3.562266414937956,302,sd,20.0,0.54
0.4,0,True,3.5622664149399856,226,sd,20.0,0.54
0.5,0,False,4.384352541721277,3000,sd,20.0,0.54
0.4,0,True,3.562266414940707,411,sis,20.0,0.54
0.6,0,True,3.562266414936324,335,sis,20.0,0.54
0.8,0,True,3.562266414939338,297,sis,20.0,0.54
1.0,0,True,3.562266415020118,274,sis,20.0,0.54
0.4,30,True,3.562266415372842,63,anderson_etd,20.0,0.55
0.6,30,True,3.562266415900597,56,anderson_etd,20.0,0.55
0.8,30,True,3.562266415499069,55,anderson_etd,20.0,0.55
1.0,30,True,3.562266415727481,52,anderson_etd,20.0,0.55
0.4,50,True,3.562266414658469,61,anderson_etd,20.0,0.55
0.6,50,True,3.5622664133786595,56,anderson_etd,20.0,0.55
0.8,50,True,3.562266415758656,53,anderson_etd,20.0,0.55
1.0,50,True,3.5622664151212837,52,anderson_etd,20.0,0.55
0.4,80,True,3.56226641497036,62,anderson_etd,20.0,0.55
0.6,80,True,3.56226641299852,58,anderson_etd,20.0,0.55
0.8,80,True,3.5622664151332506,54,anderson_etd,20.0,0.55
1.0,80,True,3.5622664151214245,52,anderson_etd,20.0,0.55
0.4,100,True,3.56226641497036,62,anderson_etd,20.0,0.55
0.6,100,True,3.56226641299852,58,anderson_etd,20.0,0.55
0.8,100,True,3.5622664151332506,54,anderson_etd,20.0,0.55
1.0,100,True,3.5622664151214245,52,anderson_etd,20.0,0.55
0.4,30,True,3.562266414911357,75,anderson_sd,20.0,0.55
0.6,30,True,3.562266414533185,76,anderson_sd,20.0,0.55
0.8,30,True,3.5622664148563983,77,anderson_sd,20.0,0.55
1.0,30,True,3.5622664154639656,79,anderson_sd,20.0,0.55
0.4,50,True,3.562266414945768,73,anderson_sd,20.0,0.55
0.6,50,True,3.562266414570505,74,anderson_sd,20.0,0.55
0.8,50,True,3.562266415172036,74,anderson_sd,20.0,0.55
1.0,50,True,3.562266415922529,76,anderson_sd,20.0,0.55
0.4,80,True,3.562266415204708,73,anderson_sd,20.0,0.55
0.6,80,True,3.5622664157331494,74,anderson_sd,20.0,0.55
0.8,80,True,3.5622664163866133,74,anderson_sd,20.0,0.55
1.0,80,True,3.562266415250316,75,anderson_sd,20.0,0.55
0.4,100,True,3.562266415204708,73,anderson_sd,20.0,0.55
0.6,100,True,3.5622664157331494,74,anderson_sd,20.0,0.55
0.8,100,True,3.5622664163866133,74,anderson_sd,20.0,0.55
1.0,100,True,3.562266415250316,75,anderson_sd,20.0,0.55
0.4,30,True,3.562266414971967,68,anderson_sis,20.0,0.55
0.6,30,True,3.562266414751779,64,anderson_sis,20.0,0.55
0.8,30,True,3.562266414767384,61,anderson_sis,20.0,0.55
1.0,30,True,3.562266415550045,60,anderson_sis,20.0,0.55
0.4,50,True,3.5622664136416717,65,anderson_sis,20.0,0.55
0.6,50,True,3.5622664157323065,61,anderson_sis,20.0,0.55
0.8,50,True,3.562266414547869,59,anderson_sis,20.0,0.55
1.0,50,True,3.5622664154153503,57,anderson_sis,20.0,0.55
0.4,80,True,3.562266414125766,67,anderson_sis,20.0,0.55
0.6,80,True,3.5622664136849096,63,anderson_sis,20.0,0.55
0.8,80,True,3.5622664146477927,60,anderson_sis,20.0,0.55
1.0,80,True,3.562266416621104,58,anderson_sis,20.0,0.55
0.4,100,True,3.562266414125766,67,anderson_sis,20.0,0.55
0.6,100,True,3.5622664136849096,63,anderson_sis,20.0,0.55
0.8,100,True,3.5622664146477927,60,anderson_sis,20.0,0.55
1.0,100,True,3.562266416621104,58,anderson_sis,20.0,0.55
0.4,0,True,3.5622664149160963,281,etd,20.0,0.55
0.6,0,True,3.562266416494925,209,etd,20.0,0.55
0.8,0,True,3.5622664128606862,207,etd,20.0,0.55
1.0,0,True,3.562266411822142,230,etd,20.0,0.55
0.4,30,True,3.562266415507061,109,ngmres_etd,20.0,0.55
0.6,30,True,3.562266414147216,103,ngmres_etd,20.0,0.55
0.8,30,True,3.562266415307451,101,ngmres_etd,20.0,0.55
1.0,30,True,3.5622664160020534,97,ngmres_etd,20.0,0.55
0.4,50,True,3.56226641516342,103,ngmres_etd,20.0,0.55
0.6,50,True,3.562266414703015,97,ngmres_etd,20.0,0.55
0.8,50,True,3.5622664148980423,93,ngmres_etd,20.0,0.55
1.0,50,True,3.562266414998027,93,ngmres_etd,20.0,0.55
0.4,80,True,3.562266415159959,103,ngmres_etd,20.0,0.55
0.6,80,True,3.562266414703015,97,ngmres_etd,20.0,0.55
0.8,80,True,3.5622664148980423,93,ngmres_etd,20.0,0.55
1.0,80,True,3.562266414998027,93,ngmres_etd,20.0,0.55
0.4,100,True,3.562266415159959,103,ngmres_etd,20.0,0.55
0.6,100,True,3.562266414703015,97,ngmres_etd,20.0,0.55
0.8,100,True,3.5622664148980423,93,ngmres_etd,20.0,0.55
1.0,100,True,3.562266414998027,93,ngmres_etd,20.0,0.55
0.4,30,True,3.5622664149427514,147,ngmres_sd,20.0,0.55
0.6,30,True,3.562266415242256,147,ngmres_sd,20.0,0.55
0.8,30,True,3.5622664146028225,147,ngmres_sd,20.0,0.55
1.0,30,True,3.562266413861643,147,ngmres_sd,20.0,0.55
0.4,50,True,3.562266415168267,141,ngmres_sd,20.0,0.55
0.6,50,True,3.5622664149416154,141,ngmres_sd,20.0,0.55
0.8,50,True,3.5622664147334886,141,ngmres_sd,20.0,0.55
1.0,50,True,3.5622664152697965,141,ngmres_sd,20.0,0.55
0.4,80,True,3.562266414821318,139,ngmres_sd,20.0,0.55
0.6,80,True,3.5622664148148804,139,ngmres_sd,20.0,0.55
0.8,80,True,3.56226641481068,139,ngmres_sd,20.0,0.55
1.0,80,True,3.562266414822824,139,ngmres_sd,20.0,0.55
0.4,100,True,3.562266414821318,139,ngmres_sd,20.0,0.55
0.6,100,True,3.5622664148148804,139,ngmres_sd,20.0,0.55
0.8,100,True,3.56226641481068,139,ngmres_sd,20.0,0.55
1.0,100,True,3.562266414822824,139,ngmres_sd,20.0,0.55
0.4,30,True,3.562266415760642,107,ngmres_sis,20.0,0.55
0.6,30,True,3.5622664152320294,101,ngmres_sis,20.0,0.55
0.8,30,True,3.5622664151337275,99,ngmres_sis,20.0,0.55
1.0,30,True,3.5622664150866887,99,ngmres_sis,20.0,0.55
0.4,50,True,3.5622664148592875,101,ngmres_sis,20.0,0.55
0.6,50,True,3.562266415074351,97,ngmres_sis,20.0,0.55
0.8,50,True,3.5622664151174748,95,ngmres_sis,20.0,0.55
1.0,50,True,3.5622664148414307,93,ngmres_sis,20.0,0.55
0.4,80,True,3.562266415090864,101,ngmres_sis,20.0,0.55
0.6,80,True,3.562266415074351,97,ngmres_sis,20.0,0.55
0.8,80,True,3.5622664151174748,95,ngmres_sis,20.0,0.55
1.0,80,True,3.5622664148414307,93,ngmres_sis,20.0,0.55
0.4,100,True,3.562266415090864,101,ngmres_sis,20.0,0.55
0.6,100,True,3.562266415074351,97,ngmres_sis,20.0,0.55
0.8,100,True,3.5622664151174748,95,ngmres_sis,20.0,0.55
1.0,100,True,3.5622664148414307,93,ngmres_sis,20.0,0.55
0.4,30,True,3.562266415456346,152,oaccel_etd,20.0,0.55
0.6,30,True,3.562266412511182,152,oaccel_etd,20.0,0.55
0.8,30,True,3.562266414081858,138,oaccel_etd,20.0,0.55
1.0,30,True,3.562266415160265,124,oaccel_etd,20.0,0.55
0.4,50,True,3.5622664130385617,122,oaccel_etd,20.0,0.55
0.6,50,True,3.562266415910745,108,oaccel_etd,20.0,0.55
0.8,50,True,3.5622664152795007,104,oaccel_etd,20.0,0.55
1.0,50,True,3.5622664151161816,104,oaccel_etd,20.0,0.55
0.4,80,True,3.5622664153004493,112,oaccel_etd,20.0,0.55
0.6,80,True,3.5622664154898613,108,oaccel_etd,20.0,0.55
0.8,80,True,3.5622664153344115,104,oaccel_etd,20.0,0.55
1.0,80,True,3.5622664150725143,104,oaccel_etd,20.0,0.55
0.4,100,True,3.5622664153004493,112,oaccel_etd,20.0,0.55
0.6,100,True,3.5622664154898613,108,oaccel_etd,20.0,0.55
0.8,100,True,3.5622664153344115,104,oaccel_etd,20.0,0.55
1.0,100,True,3.5622664150725143,104,oaccel_etd,20.0,0.55
0.4,30,True,3.562266413077256,1004,oaccel_sd,20.0,0.55
0.6,30,True,3.562266415818101,1094,oaccel_sd,20.0,0.55
0.8,30,True,3.5622664149971337,516,oaccel_sd,20.0,0.55
1.0,30,True,3.562266415411722,864,oaccel_sd,20.0,0.55
0.4,50,True,3.562266414274108,172,oaccel_sd,20.0,0.55
0.6,50,True,3.5622664140712192,172,oaccel_sd,20.0,0.55
0.8,50,True,3.5622664141355527,172,oaccel_sd,20.0,0.55
1.0,50,True,3.562266414249504,172,oaccel_sd,20.0,0.55
0.4,80,True,3.5622664147885565,154,oaccel_sd,20.0,0.55
0.6,80,True,3.5622664148144736,154,oaccel_sd,20.0,0.55
0.8,80,True,3.562266414914633,156,oaccel_sd,20.0,0.55
1.0,80,True,3.5622664149248404,156,oaccel_sd,20.0,0.55
0.4,100,True,3.5622664147885565,154,oaccel_sd,20.0,0.55
0.6,100,True,3.5622664148144736,154,oaccel_sd,20.0,0.55
0.8,100,True,3.562266414914633,156,oaccel_sd,20.0,0.55
1.0,100,True,3.5622664149248404,156,oaccel_sd,20.0,0.55
0.4,30,True,3.562266414913336,160,oaccel_sis,20.0,0.55
0.6,30,True,3.562266412657329,134,oaccel_sis,20.0,0.55
0.8,30,True,3.5622664147896206,152,oaccel_sis,20.0,0.55
1.0,30,True,3.562266414189489,124,oaccel_sis,20.0,0.55
0.4,50,True,3.5622664168822142,110,oaccel_sis,20.0,0.55
0.6,50,True,3.5622664148903285,106,oaccel_sis,20.0,0.55
0.8,50,True,3.562266414925535,106,oaccel_sis,20.0,0.55
1.0,50,True,3.562266415746768,102,oaccel_sis,20.0,0.55
0.4,80,True,3.562266415171905,110,oaccel_sis,20.0,0.55
0.6,80,True,3.5622664149452268,106,oaccel_sis,20.0,0.55
0.8,80,True,3.5622664150297467,106,oaccel_sis,20.0,0.55
1.0,80,True,3.562266415746768,102,oaccel_sis,20.0,0.55
0.4,100,True,3.562266415171905,110,oaccel_sis,20.0,0.55
0.6,100,True,3.5622664149452268,106,oaccel_sis,20.0,0.55
0.8,100,True,3.5622664150297467,106,oaccel_sis,20.0,0.55
1.0,100,True,3.562266415746768,102,oaccel_sis,20.0,0.55
0.2,0,True,3.5622664149180547,463,sd,20.0,0.55
0.3,0,True,3.5622664149206704,308,sd,20.0,0.55
0.4,0,True,3.5622664149214494,230,sd,20.0,0.55
0.5,0,False,4.398899398038334,3000,sd,20.0,0.55
0.4,0,True,3.5622664149205896,418,sis,20.0,0.55
0.6,0,True,3.562266414921284,341,sis,20.0,0.55
0.8,0,True,3.562266414897984,302,sis,20.0,0.55
1.0,0,True,3.5622664148955607,279,sis,20.0,0.55
0.4,30,True,3.562266414997967,2,anderson_etd,20.0,0.5
0.6,30,True,3.562266414995297,2,anderson_etd,20.0,0.5
0.8,30,True,3.562266414993788,2,anderson_etd,20.0,0.5
1.0,30,True,3.562266414992952,2,anderson_etd,20.0,0.5
0.4,50,True,3.562266414997967,2,anderson_etd,20.0,0.5
0.6,50,True,3.562266414995297,2,anderson_etd,20.0,0.5
0.8,50,True,3.562266414993788,2,anderson_etd,20.0,0.5
1.0,50,True,3.562266414992952,2,anderson_etd,20.0,0.5
0.4,80,True,3.562266414997967,2,anderson_etd,20.0,0.5
0.6,80,True,3.562266414995297,2,anderson_etd,20.0,0.5
0.8,80,True,3.562266414993788,2,anderson_etd,20.0,0.5
1.0,80,True,3.562266414992952,2,anderson_etd,20.0,0.5
0.4,100,True,3.562266414997967,2,anderson_etd,20.0,0.5
0.6,100,True,3.562266414995297,2,anderson_etd,20.0,0.5
0.8,100,True,3.562266414993788,2,anderson_etd,20.0,0.5
1.0,100,True,3.562266414992952,2,anderson_etd,20.0,0.5
0.4,30,True,3.5622664149892884,2,anderson_sd,20.0,0.5
0.6,30,True,3.5622664149784544,2,anderson_sd,20.0,0.5
0.8,30,True,3.562266414967616,2,anderson_sd,20.0,0.5
1.0,30,True,3.5622664149567878,2,anderson_sd,20.0,0.5
0.4,50,True,3.5622664149892884,2,anderson_sd,20.0,0.5
0.6,50,True,3.5622664149784544,2,anderson_sd,20.0,0.5
0.8,50,True,3.562266414967616,2,anderson_sd,20.0,0.5
1.0,50,True,3.5622664149567878,2,anderson_sd,20.0,0.5
0.4,80,True,3.5622664149892884,2,anderson_sd,20.0,0.5
0.6,80,True,3.5622664149784544,2,anderson_sd,20.0,0.5
0.8,80,True,3.562266414967616,2,anderson_sd,20.0,0.5
1.0,80,True,3.5622664149567878,2,anderson_sd,20.0,0.5
0.4,100,True,3.5622664149892884,2,anderson_sd,20.0,0.5
0.6,100,True,3.5622664149784544,2,anderson_sd,20.0,0.5
0.8,100,True,3.562266414967616,2,anderson_sd,20.0,0.5
1.0,100,True,3.5622664149567878,2,anderson_sd,20.0,0.5
0.4,30,True,3.562266415002384,2,anderson_sis,20.0,0.5
0.6,30,True,3.5622664150010976,2,anderson_sis,20.0,0.5
0.8,30,True,3.562266415000286,2,anderson_sis,20.0,0.5
1.0,30,True,3.562266414999737,2,anderson_sis,20.0,0.5
0.4,50,True,3.562266415002384,2,anderson_sis,20.0,0.5
0.6,50,True,3.5622664150010976,2,anderson_sis,20.0,0.5
0.8,50,True,3.562266415000286,2,anderson_sis,20.0,0.5
1.0,50,True,3.562266414999737,2,anderson_sis,20.0,0.5
0.4,80,True,3.562266415002384,2,anderson_sis,20.0,0.5
0.6,80,True,3.5622664150010976,2,anderson_sis,20.0,0.5
0.8,80,True,3.562266415000286,2,anderson_sis,20.0,0.5
1.0,80,True,3.562266414999737,2,anderson_sis,20.0,0.5
0.4,100,True,3.562266415002384,2,anderson_sis,20.0,0.5
0.6,100,True,3.5622664150010976,2,anderson_sis,20.0,0.5
0.8,100,True,3.562266415000286,2,anderson_sis,20.0,0.5
1.0,100,True,3.562266414999737,2,anderson_sis,20.0,0.5
0.4,0,True,3.5622664150109538,1,etd,20.0,0.5
0.6,0,True,3.5622664150109538,1,etd,20.0,0.5
0.8,0,True,3.5622664150109538,1,etd,20.0,0.5
1.0,0,True,3.5622664150109538,1,etd,20.0,0.5
0.4,30,True,3.562266415005493,1,ngmres_etd,20.0,0.5
0.6,30,True,3.562266415004042,1,ngmres_etd,20.0,0.5
0.8,30,True,3.5622664150036094,1,ngmres_etd,20.0,0.5
1.0,30,True,3.5622664150035703,1,ngmres_etd,20.0,0.5
0.4,50,True,3.562266415005493,1,ngmres_etd,20.0,0.5
0.6,50,True,3.562266415004042,1,ngmres_etd,20.0,0.5
0.8,50,True,3.5622664150036094,1,ngmres_etd,20.0,0.5
1.0,50,True,3.5622664150035703,1,ngmres_etd,20.0,0.5
0.4,80,True,3.562266415005493,1,ngmres_etd,20.0,0.5
0.6,80,True,3.562266415004042,1,ngmres_etd,20.0,0.5
0.8,80,True,3.5622664150036094,1,ngmres_etd,20.0,0.5
1.0,80,True,3.5622664150035703,1,ngmres_etd,20.0,0.5
0.4,100,True,3.562266415005493,1,ngmres_etd,20.0,0.5
0.6,100,True,3.562266415004042,1,ngmres_etd,20.0,0.5
0.8,100,True,3.5622664150036094,1,ngmres_etd,20.0,0.5
1.0,100,True,3.5622664150035703,1,ngmres_etd,20.0,0.5
0.4,30,True,3.5622664149854133,1,ngmres_sd,20.0,0.5
0.6,30,True,3.56226641498541,1,ngmres_sd,20.0,0.5
0.8,30,True,3.56226641498541,1,ngmres_sd,20.0,0.5
1.0,30,True,3.5622664149854115,1,ngmres_sd,20.0,0.5
0.4,50,True,3.5622664149854133,1,ngmres_sd,20.0,0.5
0.6,50,True,3.56226641498541,1,ngmres_sd,20.0,0.5
0.8,50,True,3.56226641498541,1,ngmres_sd,20.0,0.5
1.0,50,True,3.5622664149854115,1,ngmres_sd,20.0,0.5
0.4,80,True,3.5622664149854133,1,ngmres_sd,20.0,0.5
0.6,80,True,3.56226641498541,1,ngmres_sd,20.0,0.5
0.8,80,True,3.56226641498541,1,ngmres_sd,20.0,0.5
1.0,80,True,3.5622664149854115,1,ngmres_sd,20.0,0.5
0.4,100,True,3.5622664149854133,1,ngmres_sd,20.0,0.5
0.6,100,True,3.56226641498541,1,ngmres_sd,20.0,0.5
0.8,100,True,3.56226641498541,1,ngmres_sd,20.0,0.5
1.0,100,True,3.5622664149854115,1,ngmres_sd,20.0,0.5
0.4,30,True,3.5622664150060013,1,ngmres_sis,20.0,0.5
0.6,30,True,3.562266415005338,1,ngmres_sis,20.0,0.5
0.8,30,True,3.5622664150050696,1,ngmres_sis,20.0,0.5
1.0,30,True,3.562266415004941,1,ngmres_sis,20.0,0.5
0.4,50,True,3.5622664150060013,1,ngmres_sis,20.0,0.5
0.6,50,True,3.562266415005338,1,ngmres_sis,20.0,0.5
0.8,50,True,3.5622664150050696,1,ngmres_sis,20.0,0.5
1.0,50,True,3.562266415004941,1,ngmres_sis,20.0,0.5
0.4,80,True,3.5622664150060013,1,ngmres_sis,20.0,0.5
0.6,80,True,3.562266415005338,1,ngmres_sis,20.0,0.5
0.8,80,True,3.5622664150050696,1,ngmres_sis,20.0,0.5
1.0,80,True,3.562266415004941,1,ngmres_sis,20.0,0.5
0.4,100,True,3.5622664150060013,1,ngmres_sis,20.0,0.5
0.6,100,True,3.562266415005338,1,ngmres_sis,20.0,0.5
0.8,100,True,3.5622664150050696,1,ngmres_sis,20.0,0.5
1.0,100,True,3.562266415004941,1,ngmres_sis,20.0,0.5
0.4,30,True,3.562266414453627,4,oaccel_etd,20.0,0.5
0.6,30,True,3.5622664149349514,4,oaccel_etd,20.0,0.5
0.8,30,True,3.5622664151435366,4,oaccel_etd,20.0,0.5
1.0,30,True,3.562266415266829,4,oaccel_etd,20.0,0.5
0.4,50,True,3.562266414453627,4,oaccel_etd,20.0,0.5
0.6,50,True,3.5622664149349514,4,oaccel_etd,20.0,0.5
0.8,50,True,3.5622664151435366,4,oaccel_etd,20.0,0.5
1.0,50,True,3.562266415266829,4,oaccel_etd,20.0,0.5
0.4,80,True,3.562266414453627,4,oaccel_etd,20.0,0.5
0.6,80,True,3.5622664149349514,4,oaccel_etd,20.0,0.5
0.8,80,True,3.5622664151435366,4,oaccel_etd,20.0,0.5
1.0,80,True,3.562266415266829,4,oaccel_etd,20.0,0.5
0.4,100,True,3.562266414453627,4,oaccel_etd,20.0,0.5
0.6,100,True,3.5622664149349514,4,oaccel_etd,20.0,0.5
0.8,100,True,3.5622664151435366,4,oaccel_etd,20.0,0.5
1.0,100,True,3.562266415266829,4,oaccel_etd,20.0,0.5
0.4,30,True,3.5622664154810177,110,oaccel_sd,20.0,0.5
0.6,30,True,3.562266416115341,1712,oaccel_sd,20.0,0.5
0.8,30,True,3.5622664164472067,282,oaccel_sd,20.0,0.5
1.0,30,True,3.562266415359785,412,oaccel_sd,20.0,0.5
0.4,50,True,3.562266415662989,140,oaccel_sd,20.0,0.5
0.6,50,True,3.562266413482403,172,oaccel_sd,20.0,0.5
0.8,50,True,3.56226641510699,248,oaccel_sd,20.0,0.5
1.0,50,True,3.5622664161744835,202,oaccel_sd,20.0,0.5
0.4,80,True,3.5622664148537764,192,oaccel_sd,20.0,0.5
0.6,80,True,3.562266414091959,300,oaccel_sd,20.0,0.5
0.8,80,True,3.562266416795836,164,oaccel_sd,20.0,0.5
1.0,80,True,3.5622664162238724,700,oaccel_sd,20.0,0.5
0.4,100,True,3.5622664133210677,208,oaccel_sd,20.0,0.5
0.6,100,False,,658,oaccel_sd,20.0,0.5
0.8,100,True,3.562266416795982,164,oaccel_sd,20.0,0.5
1.0,100,True,3.562266414376012,168,oaccel_sd,20.0,0.5
0.4,30,True,3.562266414164159,4,oaccel_sis,20.0,0.5
0.6,30,True,3.562266414617365,4,oaccel_sis,20.0,0.5
0.8,30,True,3.56226641481014,4,oaccel_sis,20.0,0.5
1.0,30,True,3.5622664149166354,4,oaccel_sis,20.0,0.5
0.4,50,True,3.562266414164159,4,oaccel_sis,20.0,0.5
0.6,50,True,3.562266414617365,4,oaccel_sis,20.0,0.5
0.8,50,True,3.56226641481014,4,oaccel_sis,20.0,0.5
1.0,50,True,3.5622664149166354,4,oaccel_sis,20.0,0.5
0.4,80,True,3.562266414164159,4,oaccel_sis,20.0,0.5
0.6,80,True,3.562266414617365,4,oaccel_sis,20.0,0.5
0.8,80,True,3.56226641481014,4,oaccel_sis,20.0,0.5
1.0,80,True,3.5622664149166354,4,oaccel_sis,20.0,0.5
0.4,100,True,3.562266414164159,4,oaccel_sis,20.0,0.5
0.6,100,True,3.562266414617365,4,oaccel_sis,20.0,0.5
0.8,100,True,3.56226641481014,4,oaccel_sis,20.0,0.5
1.0,100,True,3.5622664149166354,4,oaccel_sis,20.0,0.5
0.2,0,True,3.562266415010951,1,sd,20.0,0.5
0.3,0,True,3.562266415010951,1,sd,20.0,0.5
0.4,0,True,3.562266415010951,1,sd,20.0,0.5
0.5,0,True,3.562266415010951,1,sd,20.0,0.5
0.4,0,True,3.5622664150109538,1,sis,20.0,0.5
0.6,0,True,3.5622664150109538,1,sis,20.0,0.5
0.8,0,True,3.5622664150109538,1,sis,20.0,0.5
1.0,0,True,3.5622664150109538,1,sis,20.0,0.5
